symbol,date,open,high,low,close,volume,fut_oi,fut_oi_change,call_oi,put_oi,call_oi_change,put_oi_change,pcr_oi,total_oi,returns,log_returns,sma_3,ema_3,sma_5,ema_5,sma_10,ema_10,volatility_5,volatility_10,rsi_7,macd,macd_signal,bb_mid,bb_upper,bb_lower,bb_width,oi_change_ratio,pcr_oi_ma5,oi_trend,price_change,oi_change_pct,range_pct,future_return,label,label_binary
BANKNIFTY,2024-01-01,48580.0,48869.0,48389.4,48535.7,120422000,2052195,-25530,53724930,46532235,13520115,12961905,0.8661199744699528,102309360,0.0,0.0,48535.7,48535.7,48535.7,48535.7,48535.7,48535.7,0.0,0.0,0.0,0.0,0.0,0.0,0.0,0.0,0.0,-0.012440338271947841,0.8661199744699528,0.0,0.0,-0.012440338271947841,0.009881386278553695,-0.012136427413223627,-1,0.0
BANKNIFTY,2024-01-02,48375.0,48489.95,47877.45,47946.65,178046000,2283615,231420,90830475,50634735,37105545,4102500,0.5574641660742168,143748825,-0.012136427413223627,-0.012210675195141064,48241.175,48143.0,48241.175,48182.270000000004,48241.175,48211.7225,0.0,0.0,0.0,0.0,0.0,0.0,0.0,0.0,0.0,0.10133932383523492,0.7117920702720848,0.0,-0.012136427413223627,0.10133932383523492,0.012774615119095912,-0.00030659076285843856,0,0.0
BANKNIFTY,2024-01-03,47849.85,48086.85,47763.75,47931.95,172345000,1998315,-285300,89801535,81658545,-1028940,31023810,0.9093223740551873,173458395,-0.00030659076285843856,-0.0003066377714148786,48138.1,48022.4,48138.1,48063.697368421046,48138.1,48099.25581395349,0.008364957715802377,0.0,0.0,0.0,0.0,48138.1,48826.92027409187,47449.27972590813,0.028618506924530523,-0.14277028396423988,0.7776355048664523,0.0,-0.00030659076285843856,-0.14277028396423988,0.006740806497544927,0.011887686605698278,1,1.0
BANKNIFTY,2024-01-04,48062.3,48581.3,47995.65,48501.75,154623000,2046465,48150,37491045,43931910,13446915,21070965,1.1717974252251437,83469420,0.011887686605698278,0.011817583091436037,48126.78333333333,48278.05333333334,48229.0125,48245.657692307694,48229.0125,48231.85971534654,0.012012517707997895,0.012012517707997895,48.55353414852384,0.0,0.0,48229.0125,48898.75640814699,47559.268591853004,0.0277734862660517,0.023528376981771005,0.8761759849561251,-5730.0,0.011887686605698278,0.023528376981771005,0.01207482204250365,-0.0023359981856325707,0,0.0
BANKNIFTY,2024-01-05,48502.05,48625.0,47982.0,48388.45,176646000,1900095,-146370,54289470,41901735,16798425,-2030175,0.7718206679858912,98091300,-0.0023359981856325707,-0.0023387308859456725,48274.049999999996,48335.032258064515,48260.9,48300.473696682464,48260.9,48276.81252720536,0.009866963424671013,0.009866963424671013,44.27866495706572,13.173952193792502,0.0,48260.9,48858.1888162355,47663.6111837645,0.024752493891970564,-0.07703299045574037,0.8553049215620783,-383520.0,-0.0023359981856325707,-0.07703299045574037,0.01328829503734879,-0.015842623601293293,-1,0.0
BANKNIFTY,2024-01-08,48490.0,48490.0,47567.0,47621.85,192242000,2363010,462915,78186000,44766345,23896530,2864610,0.5725621594658891,125315355,-0.015842623601293293,-0.01596945935364119,48170.68333333333,47972.780952380956,48078.12999999999,48052.495413533834,48154.39166666666,48106.69613529337,0.010896758342557404,0.010896758342557404,27.748423385035025,-33.38629951162875,-14.762198829460248,48154.39166666666,48901.15785876876,47407.625474564564,0.03101549687394448,0.19590056749654042,0.7965933585612656,364695.0,-0.015842623601293293,0.19590056749654042,0.019381859377575632,-0.00483706533870476,0,0.0
BANKNIFTY,2024-01-09,47811.1,48146.9,47341.05,47391.5,196049000,2262480,-100530,89789070,49637145,11603070,4870800,0.5528194578694267,141688695,-0.00483706533870476,-0.004848801801236004,47800.6,47679.851968503935,47967.1,47818.46644001942,48045.40714285714,47934.362596807376,0.009938610646824664,0.009756515278309195,24.94964532796226,-76.33995433073142,-43.93060933006237,48045.40714285714,48938.31810973004,47152.49617598424,0.03716946197241864,-0.04443354195396203,0.7956644169203075,216015.0,-0.00483706533870476,-0.04443354195396203,0.017004104111496755,0.004544063808910925,0,1.0
BANKNIFTY,2024-01-10,47280.0,47666.0,47201.0,47606.85,152100000,2185575,-76905,94048005,90005805,4258935,40368660,0.9570198219515661,186239385,0.004544063808910925,0.004533770720814853,47540.06666666667,47643.20784313726,47902.08,47745.06356066614,47990.5875,47859.85190266121,0.010405993169782475,0.00946464851677853,31.416681671768444,-84.67279303045507,-60.85428563637933,47990.5875,48873.51309587835,47107.661904121655,0.036795781917791565,-0.03518753646065681,0.8052039064995833,285480.0,0.004544063808910925,-0.03518753646065681,0.009767501945623371,-0.0006963283645106122,0,0.0
BANKNIFTY,2024-01-11,47767.4,47822.65,47340.55,47573.7,112409000,2275950,90375,40026405,33751140,15986670,10560555,0.843221868164278,76053495,-0.0006963283645106122,-0.0006965709137086836,47524.01666666666,47608.38590998043,47716.47,47686.4168379323,47944.26666666666,47797.59526231824,0.0075414542023788935,0.008791669543922962,40.403962434066564,-90.1782328138579,-72.11134592725972,47944.26666666666,48815.676565910406,47072.85676742292,0.036350953297595946,0.03970869307322217,0.7394887950874102,-87060.0,-0.0006963283645106122,0.03970869307322217,0.010133750370477776,0.005600783626247274,1,1.0
BANKNIFTY,2024-01-12,47656.8,48047.0,47568.6,47840.15,155583000,2013795,-262155,41083200,43854915,1056795,10103775,1.0674658984694474,86951910,0.005600783626247274,0.005585157555974948,47673.56666666667,47724.381231671556,47606.81,47738.56556398105,47933.854999999996,47806.53414731785,0.008684184686184258,0.008652227917699049,47.908883826879375,-69.62741095240199,-71.20368247028165,47933.854999999996,48758.06281555516,47109.64718444483,0.03438938159908751,-0.13017958630347182,0.7986178411841214,-248685.0,0.005600783626247274,-0.13017958630347182,0.00999996864558329,0.009742862428316013,1,1.0
BANKNIFTY,2024-01-15,48002.25,48380.0,47933.2,48306.25,131903000,2027040,13245,46582770,58226010,5499570,14371095,1.2499473517783506,106835820,0.009742862428316013,0.009695706784078325,47906.69999999999,48015.45774303859,47743.69,47930.00696720142,47910.909999999996,47908.61984860233,0.005692395304723943,0.008907264106035874,45.32587385836561,-14.970717653130123,-51.29409949228094,47910.909999999996,48670.92829773294,47150.89170226705,0.031726314433724846,0.006534158181387639,0.9340948796466136,-158535.0,0.009742862428316013,0.006534158181387639,0.009249320740069927,-0.0016830120326045694,0,0.0
BANKNIFTY,2024-01-16,48255.35,48440.0,48078.85,48224.95,132841000,2017230,-9810,65163075,59735385,18580305,1509375,0.9167060486326036,126915690,-0.0016830120326045694,-0.001684429888424437,48123.78333333333,48120.22945054945,47910.380000000005,48029.084939745335,47938.740000000005,47971.82203390316,0.004715651170400344,0.007943011518820117,46.030204438401405,14.795692696738115,-28.369694176280206,47938.740000000005,48724.51951784624,47152.96048215377,0.03278265210333992,-0.00486310435597329,1.0068721977992492,-258720.0,-0.0016830120326045694,-0.00486310435597329,0.007488862093169645,-0.04283467375290173,-1,0.0
BANKNIFTY,2024-01-17,47015.2,47600.0,46050.7,46159.25,396435000,2415600,398370,105483180,67263150,40320105,7527765,0.637667066920053,175161930,-0.04283467375290173,-0.043779147750395236,47563.48333333334,47139.620021975345,47620.86,47402.58753807221,47761.47,47616.06987838392,0.021130375326199217,0.015893169776020205,28.2247498808957,-149.95978203254344,-69.98215917158264,47761.47,49134.47211070485,46388.46788929515,0.057494131177488986,0.16491554893194238,0.9430016467929466,401805.0,-0.04283467375290173,0.16491554893194238,0.03356423685393508,-0.006282597745847274,-1,0.0
BANKNIFTY,2024-01-18,45699.95,46358.4,45600.0,45869.25,266916000,2209785,-205815,54622950,36852660,17963595,12698535,0.6746735575431206,93685395,-0.006282597745847274,-0.006302416314734549,46751.15,46504.396240004884,47279.969999999994,46889.71819792367,47498.22,47278.10677734336,0.02092827248453973,0.014929451173917693,27.732186480595686,-284.0178964290899,-142.5864748362016,47498.22,49208.45451491308,45787.98548508692,0.0720125728885452,-0.09313802021463627,0.9092919846687151,182745.0,-0.006282597745847274,-0.09313802021463627,0.016533952484507626,-0.0015707690882236225,0,0.0
BANKNIFTY,2024-01-19,46155.55,46337.85,45584.35,45797.2,210245000,2174565,-35220,70894545,42155415,16271595,5302755,0.5946214197439309,115224525,-0.0015707690882236225,-0.001572004039372696,45941.9,46150.78732871487,46871.38,46524.711915670836,47239.094999999994,46994.891696471255,0.020069074489651288,0.014949204908805778,22.36964653790369,-374.55809823601885,-220.81474792819986,47239.094999999994,49125.95384147877,45352.23615852122,0.0798854779702606,-0.016196342716819224,0.8147230889236118,157335.0,-0.0015707690882236225,-0.016196342716819224,0.01645297092398662,-0.01930576541797302,-1,0.0
BANKNIFTY,2024-01-23,46506.05,46525.5,44835.25,44913.05,247350000,1917900,-22575,94610730,48600765,31802535,5032170,0.5136918930865453,145129395,-0.01930576541797302,-0.019494555481507157,45526.5,45531.90922102694,46192.740000000005,45986.672144468575,46968.215000000004,46600.46909760859,0.017498424818824767,0.015255339855340149,17.755559595225193,-510.9953454022034,-318.29291175022774,46968.215000000004,49329.07697584695,44607.35302415306,0.1005301979582125,-0.011770686688565618,0.6674719971852507,-497700.0,-0.01930576541797302,-0.011770686688565618,0.037633828029937845,0.005339205420250792,1,1.0
BANKNIFTY,2024-01-24,44500.0,45550.0,44499.85,45152.85,305763000,1584030,-333870,97840065,58804590,3229335,10203825,0.6010277078209219,158228685,0.005339205420250792,0.0053250023958044766,45287.700000000004,45342.378164506255,45578.31999999999,45708.449044543304,46744.35,46328.28493192812,0.018986336159343156,0.01565584261413453,17.2208533580541,-568.1213832612484,-401.999171024076,46744.35,49339.728830408625,44148.97116959137,0.1110456699219746,-0.21077252324766577,0.6043363290229143,-625755.0,0.005339205420250792,-0.21077252324766577,0.023257668120617005,-0.008401463030572764,-1,0.0
BANKNIFTY,2024-01-25,45096.9,45138.8,44404.0,44773.5,187405000,1098090,-485940,100627545,72613290,2787480,13808700,0.7216045069965684,174338925,-0.008401463030572764,-0.008436954246325555,44946.46666666667,45057.9379972,45301.17,45396.58834576638,46461.015,46037.75362598864,0.009097748936818667,0.015337171657997082,5.976547409871927,-630.2679525040003,-478.35030469638383,46461.015,49249.36669272695,43672.66330727305,0.12002973644579018,-0.4425320328934787,0.6211238170382174,-1076475.0,-0.008401463030572764,-0.4425320328934787,0.01641149340569763,0.036622109060046704,1,1.0
BANKNIFTY,2024-01-29,46194.65,46650.0,46135.0,46413.2,1608000,9615,9615,51927030,44197470,21247815,22381365,0.851145732771545,96134115,0.036622109060046704,0.03596745498519417,45446.51666666666,45735.57029108102,45409.96,45735.61182829391,46344.965000000004,46107.558416748376,0.02111443319002428,0.02045861142689905,33.7387245882511,-493.5584461460385,-483.43128841003136,46344.965000000004,49021.86859725559,43668.06140274442,0.11552079485897061,1.0,0.6564182520839024,-1908285.0,0.036622109060046704,1.0,0.0110959813156602,-0.0017893616471175156,0,0.0
BANKNIFTY,2024-01-30,46500.0,46597.3,46100.0,46330.15,1326000,12105,2490,73726620,53381460,21799590,9183990,0.7240459416151181,127120185,-0.0017893616471175156,-0.0017909644669712318,45838.94999999999,46032.86042905848,45516.55,45933.85083501342,46193.965000000004,46148.774453222766,0.021125287514378772,0.020275066837517043,52.3814832362532,-395.56225650545093,-454.0969513744457,46193.965000000004,48657.90134975958,43730.02865024043,0.10667784632731037,0.2057001239157373,0.6823031564581398,-1571925.0,-0.0017893616471175156,0.2057001239157373,0.010733830993424431,0.014020027994729123,1,1.0
BANKNIFTY,2024-01-31,46183.1,47092.85,46100.0,46979.7,2412000,23640,11535,95812485,92883210,22085865,39501750,0.969427001084462,188719335,0.014020027994729123,0.013922656448025462,46574.35,46506.28044027349,45929.880000000005,46282.537129983735,46061.31,46302.11915722818,0.017469110335297553,0.020616380345632537,64.0646967183008,-251.9413083828622,-386.64327431199507,46061.31,48131.13214308376,43991.48785691623,0.08987248270115486,0.4879441624365482,0.7734501780577231,-1074450.0,0.014020027994729123,0.4879441624365482,0.021133595999974428,0.0027181953056321095,0,1.0
BANKNIFTY,2024-02-01,47002.0,47220.0,46570.0,47107.4,2278000,29040,5400,45378105,35650440,24568305,19271415,0.78563086757369,81057585,0.0027181953056321095,0.002714507693693813,46805.75,46806.8402917958,46320.79,46557.52817451728,45949.555,46450.326799950046,0.01765073482990946,0.020684727150274456,66.36399970024743,-133.5536393140792,-302.22294051487296,45949.555,47572.64434131451,44326.46565868549,0.07064657498051981,0.1859504132231405,0.8103708100082768,19425.0,0.0027181953056321095,0.1859504132231405,0.013798256749470359,-0.004349635089179182,0,0.0
BANKNIFTY,2024-02-02,47255.1,47787.95,46840.0,46902.5,3364000,34605,5565,53897745,39641415,8519640,3990975,0.7354930155241188,93573765,-0.004349635089179182,-0.0043591222724019794,46996.53333333333,46854.67015159967,46746.590000000004,46672.529030138394,46023.88,46533.361988524885,0.016742751234390257,0.015100009534704981,79.92509137949195,-69.89279141381121,-224.74460754832836,46023.88,47754.1764288108,44293.58357118919,0.07519124544957119,0.16081491114000868,0.8131485117137869,22500.0,-0.004349635089179182,0.16081491114000868,0.020211076168647663,-0.0038537391397046594,0,0.0
BANKNIFTY,2024-02-05,46870.8,46994.55,46568.8,46721.75,1988000,33870,-735,68019090,45625545,14121345,5984130,0.6707755866772107,113678505,-0.0038537391397046594,-0.0038611839253795445,46910.549999999996,46788.210071838505,46808.3,46688.93699477774,46109.13,46567.89400612315,0.007612849276785181,0.01497636966145171,74.02603369065858,-43.158789279048506,-164.19779329626195,46109.13,47888.86398399246,44329.39601600754,0.07719659789687902,-0.021700620017714792,0.77707448249492,10230.0,-0.0038537391397046594,-0.021700620017714792,0.009112458330434968,-0.0014714774168347322,0,0.0
BANKNIFTY,2024-02-06,46664.15,46819.65,46444.05,46653.0,1650000,35640,1770,83419710,56166990,15400620,10541445,0.6733059848805516,139622340,-0.0014714774168347322,-0.0014725611029390731,46759.083333333336,46720.60503390446,46872.87,46676.95752210588,46194.71,46583.471035202114,0.007581348880977443,0.014973814012811539,81.80848903330632,-30.880941534545855,-119.74993154509235,46194.71,47990.01551519478,44399.40448480522,0.07772775346764932,0.049663299663299666,0.7669264911480067,6600.0,-0.0014714774168347322,0.049663299663299666,0.008050929200694458,0.0031509227702397613,0,1.0
BANKNIFTY,2024-02-07,46873.2,46951.0,46600.0,46800.0,1574000,42435,6795,107867370,75953475,24447660,19786485,0.7041376368034189,183863280,0.0031509227702397613,0.0031459690162907233,46724.916666666664,46760.30251754377,46836.93000000001,46717.97276426451,46383.405,46623.0545279242,0.003548100018911849,0.012982955208750042,63.23116918656371,-6.059141760546481,-81.84793574295388,46383.405,47963.79733627459,44803.01266372541,0.06814473134409135,0.16012725344644752,0.713868618291798,7830.0,0.0031509227702397613,0.16012725344644752,0.0075,-0.018797008547008498,-1,0.0
BANKNIFTY,2024-02-08,46885.1,47130.0,45753.95,45920.3,4421000,38490,-3945,56428005,34564080,33096240,14524725,0.6125341486022765,91030575,-0.018797008547008498,-0.01897591783258534,46457.76666666667,46340.301255642626,46599.509999999995,46452.077162828944,46460.15,46494.71170931818,0.008230457866725688,0.014855786803643637,40.925897225850754,-82.49528762099362,-82.06373893139785,46460.15,47836.29478243466,45084.00521756534,0.05923979076411339,-0.1024941543257989,0.6792492744975153,4620.0,-0.018797008547008498,-0.1024941543257989,0.029966049873367612,0.01431175318976563,1,1.0
BANKNIFTY,2024-02-09,45818.8,46633.25,45800.0,46577.5,2368000,38175,-315,48907515,42896145,-7520490,8332065,0.877086987551913,91841835,0.01431175318976563,0.01421030682135606,46432.600000000006,46458.90062826313,46534.509999999995,46493.88526579406,46640.55,46509.81895100989,0.012002382640242594,0.014861668091257869,41.12533097969997,-62.888025063453824,-75.67145458665519,46640.55,47341.195334277174,45939.90466572283,0.03004447135709896,-0.008251473477406679,0.7075680689030742,2535.0,0.01431175318976563,-0.008251473477406679,0.01788953894047555,-0.017305565992163707,-1,0.0
BANKNIFTY,2024-02-12,46605.85,46605.85,45510.0,45771.45,3802000,49065,10890,76350765,44591790,27443250,1695645,0.5840385489261306,120991620,-0.017305565992163707,-0.01745705760879668,46089.75,46115.17531349132,46344.45,46253.07162673034,46576.375,46375.17024687472,0.014043116598461776,0.01101911219913514,27.313328918097284,-134.42642682837322,-95.25722097192273,46576.375,47462.56440068634,45690.18559931366,0.038053171835993535,0.22195047386120453,0.6902206613528581,6630.0,-0.017305565992163707,0.22195047386120453,0.023941780301913063,0.012930549501927624,1,1.0
BANKNIFTY,2024-02-13,45771.45,46660.9,45700.0,46363.3,4083000,50925,1860,66458775,64148055,-9891990,19556265,0.9652307765227391,130657755,0.012930549501927624,0.01284766368814804,46237.416666666664,46239.2376568612,46286.509999999995,46289.81460943837,46579.689999999995,46373.00676425758,0.01603312598449591,0.0118998886934511,41.90706330861831,-116.66323272562295,-102.39274661115616,46579.689999999995,47462.025419717924,45697.354580282066,0.037884984623896334,0.03652430044182622,0.7486056196812957,12435.0,0.012930549501927624,0.03652430044182622,0.020725444478714876,0.008542316875632228,1,1.0
BANKNIFTY,2024-02-14,46000.0,46976.5,45715.0,46759.35,4992000,55815,4890,72804390,94262715,6345615,30114660,1.294739438102565,167122920,0.008542316875632228,0.008506037745639065,46298.033333333326,46499.2938285517,46278.38,46446.3269504434,46557.655000000006,46443.390889439026,0.016566430612407864,0.011300732561675289,50.53008515197652,-58.63090865401318,-87.80521053767677,46557.655000000006,47405.94081065316,45709.36918934685,0.036440229244928964,0.08761085729642569,0.8667259799411248,17640.0,0.008542316875632228,0.08761085729642569,0.02697856150694995,0.005990245801107186,1,1.0
BANKNIFTY,2024-02-15,46859.9,47098.95,46360.0,47039.45,3025000,59175,3360,35498340,40269315,13295445,16500600,1.1343999465890517,75826830,0.005990245801107186,0.005972375607784455,46720.700000000004,46769.37191433873,46502.21,46644.035091880825,46550.86,46551.94180697981,0.012851195509212347,0.011447859668443644,55.14176612248696,13.327782489635865,-54.09381729363576,46550.86,47380.45695006399,45721.26304993601,0.03564260467213672,0.05678073510773131,0.9710991395384798,10110.0,0.005990245801107186,0.05678073510773131,0.01570915476265129,0.002257679458412154,0,1.0
BANKNIFTY,2024-02-16,47290.0,47477.0,47002.05,47145.65,2666000,62385,3210,42158055,47409810,6659715,7140495,1.1245729908554842,89630250,0.002257679458412154,0.0022551347295453467,46981.48333333333,46957.51095719126,46615.840000000004,46811.24031962163,46575.175,46660.032575643316,0.011723965818638651,0.011364755252586128,54.64939537010884,74.28319842736528,-11.301143968180446,46575.175,47462.80160724475,45687.548392755256,0.03811586783065214,0.05145467660495311,1.020596340199194,11460.0,0.002257679458412154,0.05145467660495311,0.01007410015558163,0.0024307650864925368,0,1.0
BANKNIFTY,2024-02-19,47220.0,47494.95,47070.0,47260.25,1853000,65205,2820,48460680,55217160,6302625,7807350,1.1394218983307705,103743045,0.0024307650864925368,0.002427815555816857,47148.450000000004,47108.88047860444,46913.6,46960.91036726253,46629.025,46769.2819523437,0.004480919221433007,0.011265939114147295,72.69524567673304,127.07228863202181,34.82357411000927,46629.025,47615.95684189968,45642.093158100324,0.04233122360588398,0.04324821716126064,1.131673010080122,9390.0,0.0024307650864925368,0.04324821716126064,0.008991700213181205,0.011820716140942933,1,1.0
BANKNIFTY,2024-02-20,47142.5,47869.95,47128.75,47818.9,3394000,71220,6015,54625695,79784640,6165015,24567480,1.460569792292803,134481555,0.011820716140942933,0.011751397207453051,47408.26666666666,47463.89023931256,47204.72,47246.907107919906,46745.615000000005,46960.291734641934,0.004088751949706442,0.011691308347616948,71.75223409847553,221.4808551975657,97.04288412560521,46745.615000000005,47987.63360251768,45503.59639748233,0.05313946998098852,0.08445661331086773,1.2307408132341349,12045.0,0.011820716140942933,0.08445661331086773,0.015500147431245743,-0.0024530049833852985,0,0.0
BANKNIFTY,2024-02-21,47918.25,48031.6,47590.05,47701.6,3775000,74715,3495,82057500,85784580,27431805,5999940,1.0454203454894433,167916795,-0.0024530049833852985,-0.0024560185292803413,47593.583333333336,47582.745119658,47393.17,47398.47147467232,46835.775,47095.173354015365,0.005297728312331817,0.011792280410382456,94.58136043423016,268.40784021973377,154.16466855499706,46835.775,48218.290309338576,45453.25969066143,0.05903672179390965,0.046777755470788995,1.1808769947115105,12330.0,-0.0024530049833852985,0.046777755470788995,0.009256502926526482,-0.0010796283562815034,0,0.0
BANKNIFTY,2024-02-22,47675.6,47750.0,47215.0,47650.1,3484000,74835,120,37374120,34058445,15899265,12291345,0.9112841987985268,71507400,-0.0010796283562815034,-0.0010802115747859588,47723.53333333333,47616.42255982924,47515.3,47482.34767538286,47008.755,47196.12930491031,0.00557314641765225,0.009416658577742343,89.6084708199949,288.5561850454833,198.96190993978783,47008.755,48312.82456737575,45704.68543262425,0.05548198702032211,0.0016035277610743637,1.1362538451534054,9630.0,-0.0010796283562815034,0.0016035277610743637,0.011227678430895213,-0.0024942235168445848,0,0.0
BANKNIFTY,2024-02-23,47675.45,48026.75,47469.0,47531.25,3386000,76260,1425,49132530,39966570,11758410,5908125,0.8134441682526831,89175360,-0.0024942235168445848,-0.0024973392743292706,47627.65,47573.83627991447,47592.42,47498.648453572205,47104.13,47257.090080575836,0.006031439330086992,0.008800723793089521,78.64830760095009,282.29259249350434,226.73883273854128,47104.13,48407.527351539444,45800.73264846055,0.055341107097804224,0.018686073957513767,1.0740280806328453,5040.0,-0.0024942235168445848,0.018686073957513767,0.011734385272846811,-0.0048031558185405165,0,0.0
BANKNIFTY,2024-02-26,47460.55,47607.65,47247.5,47302.95,2670000,83730,7470,62148720,46238580,13016190,6272010,0.7439989109992933,108471030,-0.0048031558185405165,-0.004814728041780073,47494.76666666666,47438.393139956985,47600.96,47433.41562686554,47257.28,47265.431577306044,0.0066333875022239475,0.006266504828312236,60.170603674540615,245.87385689118673,233.11717850315864,47257.28,48164.37417886645,46350.18582113355,0.0383896059555882,0.08921533500537442,0.9949434831665499,9015.0,-0.0048031558185405165,0.08921533500537442,0.007613690055271426,-0.0004936267188410115,0,0.0
BANKNIFTY,2024-02-27,47250.0,47415.0,47028.55,47279.6,2966000,90945,7215,68842845,54782055,6694125,8543475,0.7957552451529276,123715845,-0.0004936267188410115,-0.0004937485926182071,47371.26666666666,47358.99656997842,47493.1,47382.14374660678,47348.909999999996,47268.008495736074,0.0016638053610871558,0.005348176836726238,55.5234835676878,212.05070105225604,226.095016137824,47348.909999999996,48005.05430458896,46692.765695411035,0.02771528656473659,0.0793336632030348,0.8619805737385748,16110.0,-0.0004936267188410115,0.0793336632030348,0.008173715513667567,-0.015306813086405024,-1,0.0
BANKNIFTY,2024-02-28,47280.05,47422.05,46480.0,46555.9,6734000,106950,16005,93281730,56445030,24438885,1662975,0.6051027355517528,149833710,-0.015306813086405024,-0.01542517169859984,47046.15,46957.44828498903,47263.96,47106.729147799284,47328.565,47138.49961850675,0.006084600538723716,0.00711749049088246,30.667252216397273,103.66055526905257,185.28351672478192,47328.565,48072.67571764301,46584.454282356994,0.03144446562632983,0.1496493688639551,0.7739170517510366,30690.0,-0.015306813086405024,0.1496493688639551,0.020234814491826018,0.006723100616677913,1,1.0
BANKNIFTY,2024-02-29,46450.05,46999.5,46364.7,46868.9,8239000,129960,23010,83887965,67201380,-9393765,10756350,0.801084875524159,151219305,0.006723100616677913,0.006700601362596397,46901.46666666667,46913.17414249451,47107.72,47027.45276201305,47311.51,47089.470787300525,0.007990736066269015,0.007194109155771172,19.860406091370564,60.70236696226493,143.75645835381422,47311.51,48092.00056055227,46531.01943944774,0.032993686337733266,0.1770544783010157,0.7518771870961631,46230.0,0.006723100616677913,0.1770544783010157,0.013544162547019513,0.021454525282223358,1,1.0
BANKNIFTY,2024-03-01,46868.9,47938.15,46868.9,47874.45,47836000,695550,695550,37756200,49357740,19864695,34842255,1.3072750965404358,87809490,0.021454525282223358,0.021227616695002158,47099.75,47393.81207124731,47176.36,47309.78518224084,47384.39,47232.21981432734,0.013707990827276065,0.009984384579713405,53.50715227756922,140.52825299055985,142.68038975342031,47384.39,48229.48023029107,46539.29976970893,0.03566956249900311,1.0,0.8506433727537137,604605.0,0.021454525282223358,1.0,0.022334460239229904,0.0027248354811388875,0,1.0
BANKNIFTY,2024-03-04,47963.1,48083.75,47735.55,48004.9,27686000,1023630,326355,48458040,57217200,9673950,5927985,1.1807576204072636,106698870,0.0027248354811388875,0.002721129846908704,47582.75,47699.35603562368,47316.75,47541.49012563313,47458.854999999996,47372.72768411832,0.013246220672869244,0.009987601743901744,56.97546398238447,206.6520884506972,164.00429124766444,47458.854999999996,48382.873019845974,46534.83698015402,0.038939751911249376,0.3188212537733361,0.9379951146353079,916680.0,0.0027248354811388875,0.3188212537733361,0.007253426212740722,0.00498386623032232,0,1.0
BANKNIFTY,2024-03-05,47880.0,48357.0,47810.0,48244.15,22459000,1242900,219270,59140410,71580495,10682370,14363295,1.21034830499146,131963805,0.00498386623032232,0.0049714878800133835,48041.166666666664,47971.75301781184,47509.659999999996,47775.71008654487,47501.380000000005,47531.18707923972,0.013108734027761242,0.009429326282939928,63.382264604294974,273.70849113879376,200.57236008279622,47501.380000000005,48532.0309282973,46470.729071702706,0.04339456783349445,0.1764180545498431,1.0209137266030142,1112940.0,0.00498386623032232,0.1764180545498431,0.011338162243505171,0.004546665243350789,0,1.0
BANKNIFTY,2024-03-06,48100.0,48688.05,48060.05,48463.5,34650000,1336230,93330,87322800,99737685,28182390,28157190,1.1421723192568265,188396715,0.004546665243350789,0.004536360384290223,48237.51666666666,48217.62650890592,47891.18,48004.97339285019,47577.57,47700.71512799533,0.0076070225877468865,0.009410440571192375,71.8588137795944,337.56720206984755,246.23730924729523,47577.57,48773.41106915039,46381.72893084961,0.05026911080790333,0.0698457600862127,1.128327643344029,640680.0,0.004546665243350789,0.0698457600862127,0.012958205659929637,-0.0030507495331537626,0,0.0
BANKNIFTY,2024-03-07,48463.5,48553.0,48245.0,48315.65,13521000,1435590,99360,43695705,39713340,18040890,12777915,0.9088614086899387,84844635,-0.0030507495331537626,-0.0030554125557350816,48341.1,48266.63825445296,48180.530000000006,48108.53226244828,47644.125,47812.53043114499,0.00914525747817303,0.00949367508216409,68.63969199215596,357.011512944111,283.16204480234916,47644.125,48928.69782069439,46359.55217930561,0.053923660921231714,0.06921196163249953,1.149882949977185,411960.0,-0.0030507495331537626,0.06921196163249953,0.006374746070890074,-0.009692511639603385,-1,0.0
BANKNIFTY,2024-03-11,48310.0,48310.05,47766.05,47847.35,23320000,1597485,161895,70773930,50878215,27078225,11164875,0.718883563481638,123249630,-0.009692511639603385,-0.009739789774495949,48208.833333333336,48056.99412722648,48175.11,48021.47150799164,47675.735,47818.86167706828,0.00624780085871059,0.01007899672595518,75.58593363051008,309.7838759586157,292.035988679631,47675.735,48963.515901007646,46387.954098992355,0.05402248758231605,0.10134367458849379,1.0322046433654255,354585.0,-0.009692511639603385,0.10134367458849379,0.01136949068234709,0.0002163129201513403,0,1.0
BANKNIFTY,2024-03-12,47800.25,48361.9,47501.05,47857.7,26451000,1709475,111990,72817335,51951405,2043405,1073190,0.7134483155693627,126478215,0.0002163129201513403,0.0002162895278849336,48006.9,47957.34706361324,48145.67,47966.881005199335,47731.21,47825.92356926163,0.006062467125921944,0.009897355573604808,72.25924091666283,270.62880142973154,284.9002595113482,47731.21,48995.19348424515,46467.226515754846,0.052962557800028655,0.06551134120124599,0.9387427823978453,373245.0,0.0002163129201513403,0.06551134120124599,0.017987701038704295,-0.007559911989084234,-1,0.0
BANKNIFTY,2024-03-13,47859.45,48024.45,47322.1,47495.9,35520000,1772400,62925,96875265,70560675,24057930,18609270,0.7283662656303443,169208340,-0.007559911989084234,-0.007588632967333001,47733.65,47726.62353180662,47996.020000000004,47809.887336553336,47752.840000000004,47765.91664947563,0.005762454942943626,0.01027749710515201,38.00044378229322,196.78670637005416,255.52907489771957,47752.840000000004,48989.58531537871,46516.0946846213,0.05179777015895626,0.03550270819228165,0.8423463745256219,336810.0,-0.007559911989084234,0.03550270819228165,0.014787592192168134,-0.0023717836697483285,0,0.0
BANKNIFTY,2024-03-14,47377.0,47804.95,47163.4,47383.25,20705000,1797330,24930,44220615,36053700,15159990,10927740,0.8153143053302175,82071645,-0.0023717836697483285,-0.0023746008039398107,47578.94999999999,47554.93676590331,47779.97,47667.67489088687,47835.575,47696.33839574754,0.004037268125475958,0.008769905002462039,30.069571350710035,128.39114122340106,213.14976344862842,47835.575,48796.34859947311,46874.801400526885,0.04016983592119932,0.013870574685783912,0.7769747717403003,199845.0,-0.0023717836697483285,0.013870574685783912,0.013539594687996193,-0.006284921359341222,-1,0.0
BANKNIFTY,2024-03-15,47250.0,47374.85,46850.05,47085.45,54411000,1842930,45600,56635245,43309740,12414630,7256040,0.7647135630824939,101787915,-0.006284921359341222,-0.006304754621586517,47321.53333333333,47320.19338295165,47533.93000000001,47473.59992712263,47857.229999999996,47585.264513943075,0.004007657689026132,0.00892152540517905,14.195661578394251,44.91949604502588,157.07300744954733,47857.229999999996,48726.57991446358,46987.88008553641,0.03633097504655352,0.024743207826667318,0.7481452026188113,133455.0,-0.006284921359341222,0.024743207826667318,0.011145693627224455,0.0009886281218509652,0,1.0
BANKNIFTY,2024-03-18,47040.0,47285.9,46630.2,47132.0,43286000,1866090,23160,59234820,47722155,2599575,4412415,0.8056436231257224,108823065,0.0009886281218509652,0.0009881397509209605,47200.23333333334,47226.096691475825,47390.86,47359.7332846955,47782.985,47502.850802424975,0.0038154933256367525,0.005114967613760741,3.9368989137204267,-8.734734953890438,101.80375985171426,47782.985,48765.27703402613,46800.692965973874,0.04111472039790424,0.012410976962525922,0.7654972145476282,93690.0,0.0009886281218509652,0.012410976962525922,0.013911991852669192,-0.006454213697700051,-1,0.0
BANKNIFTY,2024-03-19,47675.0,47675.0,46777.05,46827.8,56307000,1905585,39495,75689985,54163560,16455165,6441405,0.7155974466106712,131759130,-0.006454213697700051,-0.00647513219179365,47015.083333333336,47026.94834573791,47184.88,47182.42218974207,47665.275,47380.11187813955,0.0035668102593609946,0.005086129629464059,3.5525863952799597,-79.35382755489991,41.41789728813801,47665.275,48799.70493344189,46530.84506655811,0.04759984846166901,0.02072591881233322,0.7659270407558898,108255.0,-0.006454213697700051,0.02072591881233322,0.019175575192513786,0.0007207257227543895,0,1.0
BANKNIFTY,2024-03-20,46837.8,47170.0,46415.15,46861.55,55398000,1964295,58710,93573405,78071295,17883420,23907735,0.834332094680107,173608995,0.0007207257227543895,0.0007204661246958465,46940.450000000004,46944.24917286896,47058.009999999995,47075.464793139305,47527.015,47285.826382598476,0.003617972899195185,0.004541656982894097,7.767115071544993,-122.47174904416897,-13.211984879749384,47527.015,48684.65910194924,46369.37089805076,0.048715203424799194,0.02988858598122991,0.7871202065658424,121365.0,0.0007207257227543895,0.02988858598122991,0.016108088614226343,0.007492283119102883,1,1.0
BANKNIFTY,2024-03-21,47148.95,47513.8,47051.0,47212.65,32169000,2043840,79545,43430340,39949215,15474360,14350590,0.9198457806224865,85423395,0.007492283119102883,0.007464355374233757,46967.333333333336,47078.44958643448,47023.89,47121.193195432505,47401.93,47272.52141053414,0.005837068396553278,0.005134681440287543,28.610272905129946,-110.29870930852485,-45.57422637856548,47401.93,48363.565950058306,46440.294049941695,0.0405737044908638,0.038919387036167215,0.8080265016242961,177750.0,0.007492283119102883,0.038919387036167215,0.009802457604053212,0.002363773268392988,0,1.0
BANKNIFTY,2024-03-22,47199.0,47452.0,47030.0,47324.25,32915000,2081175,37335,43294125,45450855,-136215,5501640,1.0498157659959637,90826155,0.002363773268392988,0.0023609839510385874,47132.81666666667,47201.34979321724,47071.65,47188.87879696122,47302.79,47281.92670996624,0.004991256604925306,0.005362260798083844,43.175764322347185,-86.77416595195245,-59.3075395760762,47302.79,48018.80858262671,46586.77141737329,0.0302738414637577,0.017939385203070382,0.8650469422069902,175590.0,0.002363773268392988,0.017939385203070382,0.008917204181788407,-0.003999006851666986,0,0.0
BANKNIFTY,2024-03-26,47199.0,47267.0,47080.0,47135.0,69510000,2509575,428400,63565635,54229500,20271510,8778645,0.8531260641068087,120304710,-0.003999006851666986,-0.004007024261155423,47223.96666666667,47168.174896608616,47072.25,47170.91919797304,47231.555,47255.21252717753,0.005474647311288561,0.004726127749416201,40.69702079820124,-89.37277844833443,-69.32928586993361,47231.555,47840.52480850184,46622.58519149816,0.02578656614214116,0.1707061952721078,0.8745434304032074,545280.0,-0.003999006851666986,0.1707061952721078,0.0039673278879813305,0.0018934974010820227,0,1.0
BANKNIFTY,2024-03-27,47145.0,47370.0,47120.0,47224.25,122083000,3193950,684375,84938580,78738855,21372945,24509355,0.9270093166144289,166871385,0.0018934974010820227,0.0018917069946084776,47227.833333333336,47196.21244830431,47151.54,47188.69613198275,47168.21000000001,47249.58293617316,0.004106886657837926,0.004822145912050147,56.165052856000855,-79.05517343302927,-72.57124839163505,47168.21000000001,47591.04142109685,46745.37857890316,0.01792866089668637,0.21427229605973794,0.916825804403959,1150110.0,0.0018934974010820227,0.21427229605973794,0.005293890321180326,0.006795237616266991,1,1.0
BANKNIFTY,2024-03-28,47549.5,47763.0,47264.8,47545.15,203004000,3246120,52170,33698160,33161340,8637435,9258000,0.9840697533633884,70105620,0.006795237616266991,0.006772254049587318,47301.466666666674,47370.681224152155,47288.26,47307.51408799173,47173.134999999995,47303.32271948857,0.004614065539651109,0.004894699501163926,64.75483018463636,-34.3447806891636,-59.829092489056826,47173.134999999995,47613.70528459347,46732.56471540652,0.01867886391665392,0.016071494584303722,0.9467733361406152,1164945.0,0.006795237616266991,0.016071494584303722,0.010478460999702326,0.007751579288318489,1,1.0
BANKNIFTY,2024-04-01,47702.95,47947.25,47647.65,47913.7,197074000,1897890,-1348230,43834455,46907415,10136295,13746075,1.0701037574209602,92639760,0.007751579288318489,0.007721690156870691,47561.03333333333,47642.190612076076,47428.469999999994,47509.57605866482,47226.18,47414.300942746006,0.004679448817896555,0.005349137568935048,87.07661841027037,38.332791495624406,-27.10846449115964,47226.18,47863.14515899842,46589.21484100158,0.026975087080869996,-0.7103836365648167,0.97682493150031,-611685.0,0.007751579288318489,-0.7103836365648167,0.006252908875749494,-0.00043411383383029634,0,0.0
BANKNIFTY,2024-04-02,47805.4,48051.0,47750.15,47892.9,106848000,1950870,52980,60385695,56436495,16551240,9529080,0.9346004049469001,118773060,-0.00043411383383029634,-0.0004342080885198212,47783.916666666664,47767.54530603804,47542.2,47637.350705778095,47306.925,47501.31929695115,0.004929339180520897,0.004732858973789385,85.52826483860986,85.3223607072141,10.368477243924955,47306.925,48058.92779439499,46554.92220560501,0.03179250371462486,0.02715711451813806,0.9537818592904973,-1243080.0,-0.00043411383383029634,0.02715711451813806,0.0062817244309699045,0.00040507048017568437,0,1.0
BANKNIFTY,2024-04-03,47699.0,47967.0,47580.0,47912.3,124510000,2050095,99225,87326505,101710365,26940810,45273870,1.1647135654862175,191086965,0.00040507048017568437,0.00040498846127693847,47906.299999999996,47839.92265301902,47697.659999999996,47729.00047051947,47384.955,47576.043302687416,0.0037528036917443075,0.004746345291649421,81.24134851529385,117.85605313582346,46.197669209352796,47384.955,48214.24834904959,46555.66165095042,0.03500239048658314,0.04840019608847395,1.016099359566379,-1196025.0,0.00040507048017568437,0.04840019608847395,0.008077257823147709,0.005985936805371406,1,1.0
BANKNIFTY,2024-04-04,48185.0,48323.5,47920.0,48199.1,169035000,1816635,-233460,29265180,30598065,10756545,11278200,1.0455450812193876,61679880,0.005985936805371406,0.005968092261119581,48001.43333333333,48019.51132650951,47892.63,47885.700313680485,47522.085,47689.326638171384,0.003819875142008029,0.003948414761729297,83.7792964979345,169.28777390320465,87.22770410841932,47522.085,48394.31096467002,46649.85903532998,0.036708236377676555,-0.1285123318663353,1.0398065124873708,-81255.0,0.005985936805371406,-0.1285123318663353,0.008371525609399346,0.00952299939210488,1,1.0
BANKNIFTY,2024-04-05,48170.0,48725.0,48014.05,48658.1,152874000,2072010,255375,43667610,57655320,14402430,27057255,1.3203223167010971,103394940,0.00952299939210488,0.009477941465269065,48256.5,48338.80566325475,48115.22,48143.166875787916,47701.740000000005,47865.46763056567,0.004444609537191368,0.0043680752924051955,98.67067169425476,251.64091260583518,142.03210694188493,47701.740000000005,48700.23112921008,46703.24887078993,0.04186392903948884,0.12324988779011685,1.1070570251549126,121140.0,0.00952299939210488,0.12324988779011685,0.014611133603654831,0.0006792291519808202,0,1.0
BANKNIFTY,2024-04-08,48705.1,48847.0,48567.05,48691.15,94123000,1988685,-83325,46513770,55863855,2846160,-1791465,1.2010175696358305,104366310,0.0006792291519808202,0.0006789985802618179,48516.11666666666,48514.97783162737,48270.71000000001,48325.82791719238,47849.590000000004,48015.59196352607,0.004333284011013406,0.004254170620496763,98.62114683460419,306.03303609244904,196.69908332606713,47849.590000000004,48958.0107181592,46741.169281840805,0.046329371606285405,-0.0418995466853725,1.1332397875978866,-61410.0,0.0006792291519808202,-0.0418995466853725,0.005749504786804113,0.0022324385437599847,0,1.0
BANKNIFTY,2024-04-09,48857.0,49074.95,48622.05,48799.85,128733000,1956345,-32340,52903815,60905670,6390045,5041815,1.1512528916865448,115765830,0.0022324385437599847,0.0022299503552979344,48716.36666666667,48657.41391581368,48452.1,48483.8352781285,47997.15,48158.18454034879,0.0039130221671938616,0.004256885623818867,98.3954331559056,348.1537843445403,247.183983665965,47997.15,49184.792766154926,46809.50723384508,0.04948805360963825,-0.016530826618004493,1.1765702849458155,139710.0,0.0022324385437599847,-0.016530826618004493,0.009280766231863299,0.004491817085503502,0,1.0
BANKNIFTY,2024-04-10,48901.1,49086.0,48760.05,49019.05,126078000,2143965,187620,71067405,80914410,18163590,20008740,1.138558668351546,154125780,0.004491817085503502,0.004481758983328172,48836.68333333333,48838.23195790684,48673.45,48662.2401854192,48185.555,48314.70571852001,0.0034331000808632845,0.003459372808006102,98.18649461615627,393.0248634490272,295.79761026058026,48185.555,49363.05273526563,47008.05726473437,0.048873474022064406,0.08751075693866271,1.1713393055188814,71955.0,0.004491817085503502,0.08751075693866271,0.006649455670805474,-0.006221050795558125,-1,0.0
BANKNIFTY,2024-04-12,48751.0,48914.75,48666.1,48714.1,119287000,1954440,-189525,44124960,33631950,20690640,8575845,0.7621978580830442,79711350,-0.006221050795558125,-0.006240482162992682,48844.333333333336,48776.16597895342,48776.45,48679.52679027948,48334.54,48387.32293102427,0.005746505122330156,0.004714701499455976,78.6912165467121,380.468703520899,324.0213080141209,48334.54,49335.18740687668,47333.892593123324,0.04140506589601045,-0.09697151102105975,1.1146698608916126,-34245.0,-0.006221050795558125,-0.09697151102105975,0.005104271658513684,-0.017714583662635563,-1,0.0
BANKNIFTY,2024-04-15,47573.75,48449.85,47573.75,47851.15,154679000,1850535,-103905,68916510,41402085,24791550,7770135,0.600757133522867,112169130,-0.017714583662635563,-0.017873364856229573,48528.1,48313.657989476706,48615.06,48403.40119351952,48365.14,48289.83686622066,0.008992595670542029,0.007892330209804989,48.65583716176112,266.5351899061934,304.85926864476596,48365.14,49272.90404031501,47457.37595968499,0.037537947385865404,-0.05614862728886511,0.9707568242559665,-105810.0,-0.017714583662635563,-0.05614862728886511,0.018308859870661384,-0.003974826101358131,0,0.0
BANKNIFTY,2024-04-16,47750.0,47750.0,47422.0,47660.95,122845000,1830375,-20160,76652190,64709580,7735680,23307495,0.8441974064928869,143192145,-0.003974826101358131,-0.003982746718309799,48075.4,47987.30399473835,48409.020000000004,48155.91746234627,48339.865000000005,48175.493725410524,0.008713442726458916,0.00758853727810861,37.64605954867889,160.0569214438874,256.5918195777296,48339.865000000005,49315.06349153341,47364.6665084666,0.04034758853933097,-0.011014136447449294,0.8993927916273778,-313590.0,-0.003974826101358131,-0.011014136447449294,0.006881944233172021,-0.010194928972250716,-1,0.0
BANKNIFTY,2024-04-18,47750.0,47953.85,47040.0,47175.05,183174000,1882215,51840,42935430,29907345,20449290,10712970,0.6965656335571812,74724990,-0.010194928972250716,-0.010247253192216421,47562.38333333333,47581.17699736918,48084.06,47828.96164156412,48268.08,47993.59476963599,0.008161582824976522,0.008183181719310133,16.36998571396194,28.512744504892908,180.56546122003672,48268.08,49469.05416588003,47067.105834119975,0.04976266575674966,0.027542018313529537,0.808455340001505,-72225.0,-0.010194928972250716,0.027542018313529537,0.01937146860469673,0.008490717020967598,1,1.0
BANKNIFTY,2024-04-19,46865.0,47682.35,46611.2,47575.6,183811000,1649445,-232770,42415845,42054045,-519585,12146700,0.9914701687541531,86119335,0.008490717020967598,0.00845487363101254,47470.53333333333,47578.38849868459,47795.37,47744.50776104274,48234.409999999996,47917.59568758606,0.009603778899111183,0.008768532984351846,28.31736282532208,-18.637803923120373,114.1643728389374,48234.409999999996,49497.01314588556,46971.80685411443,0.05235279734469915,-0.1411201949746733,0.7790376400820265,-201090.0,0.008490717020967598,-0.1411201949746733,0.022514692405350673,0.00869143006078743,1,1.0
BANKNIFTY,2024-04-22,47990.0,48037.85,47596.45,47989.1,152561000,1391025,-258420,48923670,49741485,6507825,7687440,1.0167161416958295,100056180,0.00869143006078743,0.00865387701875578,47579.916666666664,47783.74424934229,47650.37,47826.03850736183,48213.41,47930.59647628361,0.011596816780569905,0.009034432056369389,35.911026153445135,-4.838516920994152,74.49674291894152,48213.41,49485.57268770945,46941.24731229056,0.05277215147028372,-0.18577667547312235,0.8299412968045836,-439350.0,0.00869143006078743,-0.18577667547312235,0.009197922028127251,5.3137066542197076e-05,0,1.0
BANKNIFTY,2024-04-23,48175.55,48175.55,47895.05,47991.65,101520000,992805,-398220,61531995,55325235,12608325,5583750,0.8991295504070688,117850035,5.3137066542197076e-05,5.313565481828641e-05,47852.11666666667,47887.69712467115,47678.47,47881.24233824123,48146.765,47941.697120188444,0.008146968472433047,0.008349094361958038,30.692325039464748,5.1044729147761245,51.365986250879125,48146.765,49384.757644970116,46908.77235502988,0.051425787172621716,-0.4011059573632284,0.8896157801814238,-889410.0,5.3137066542197076e-05,-0.4011059573632284,0.005844766745881836,0.004152805748499855,0,1.0
BANKNIFTY,2024-04-24,48102.1,48236.7,48000.0,48190.95,104382000,599580,-393225,82669770,82638990,21137775,27313755,0.9996276752675132,165908340,0.004152805748499855,0.004144206649412287,48057.23333333334,48039.32356233557,47784.469999999994,47984.47822549416,48096.744999999995,47987.01583639482,0.0078064245595695315,0.008513386371031884,39.76203056811281,33.994162076756766,45.57537819283713,48096.744999999995,49276.00753928277,46917.48246071722,0.0490371038324018,-0.6558340838587011,0.920701833936349,-1049865.0,0.004152805748499855,-0.6558340838587011,0.0049117106012642854,0.013463108737221452,1,1.0
BANKNIFTY,2024-04-25,48349.35,48925.9,48349.35,48839.75,11845000,199230,74460,29590290,34247130,11021220,16281510,1.1573773018108304,64036650,0.013463108737221452,0.013373286382820164,48340.783333333326,48439.536781167786,48117.409999999996,48269.568816996114,48100.735,48142.05844178746,0.005079762267788924,0.009651736536515897,71.11671223513329,125.20845808535523,72.11973815701353,48100.735,49290.791188262694,46910.67881173731,0.04948182967527184,0.37373889474476735,1.0128641675870789,-1191795.0,0.013463108737221452,0.37373889474476735,0.011804933481436799,-0.0045690242067168985,0,0.0
BANKNIFTY,2024-04-26,48903.9,49000.0,48510.0,48616.6,6332000,216570,17340,47222880,40035795,17632590,5788665,0.8478050258688161,87475245,-0.0045690242067168985,-0.004579494101458443,48549.1,48528.068390583896,48325.61,48385.24587799741,48060.490000000005,48228.338738845516,0.0070701366947106,0.009621368737264583,70.12954186413911,160.38657978786796,101.5420187006344,48060.490000000005,49134.039368320955,46986.940631679056,0.04467492396856335,0.08006649120376784,0.9841311390100115,-776235.0,-0.0045690242067168985,0.08006649120376784,0.01007886195250182,0.023163898750632628,1,1.0
BANKNIFTY,2024-04-29,48750.0,49770.0,48727.7,49742.75,16283000,277695,61125,53158215,81710070,5935335,41674275,1.5371108680003647,135145980,0.023163898750632628,0.022899687969109482,49066.36666666667,49135.40919529195,48676.34,48837.747251998284,48163.355,48503.68627676723,0.011101031892938578,0.01197511674718358,92.59621765096213,305.8634075547743,169.64914831868523,48163.355,49637.59667282336,46689.113327176645,0.061218396136372075,0.22011559444714526,1.0882100842709186,-321885.0,0.023163898750632628,0.22011559444714526,0.020953807338757967,-0.0019761673811762304,0,0.0
BANKNIFTY,2024-04-30,49790.0,50082.55,49568.15,49644.45,13214000,290835,13140,73731360,83533560,20573145,1823490,1.1329447876724368,157555755,-0.0019761673811762304,-0.001978122576221867,49334.6,49389.92959764597,49006.9,49106.648167998865,48342.685,48711.09788493128,0.011461311591850206,0.009933614470140321,88.14603116068946,387.96625463154487,242.42151708964144,48342.685,50063.757287880806,46621.61271211919,0.07120300777173665,0.045180256846665635,1.1349731317239922,91605.0,-0.0019761673811762304,0.045180256846665635,0.010361681920134104,-0.0010403982721128857,0,0.0
BANKNIFTY,2024-05-02,49605.0,49777.0,49400.0,49592.8,6894000,297885,7050,45438105,37578105,23638890,15960135,0.8270174339356802,83314095,-0.0010403982721128857,-0.001040939862073953,49660.0,49491.364798822986,49287.27,49268.698778665916,48535.87,48871.40737438759,0.011989624294753747,0.009721805086557246,84.12272862675015,429.41067698598636,304.75123705509145,48535.87,50348.11508472539,46723.62491527462,0.07467652623617896,0.02366685130167682,1.1004510834576258,81315.0,-0.0010403982721128857,0.02366685130167682,0.0076019099546708385,-0.005454420803019833,-1,0.0
BANKNIFTY,2024-05-03,49650.0,49847.95,49107.6,49322.3,13153000,286500,-11385,55742700,38142810,10304595,564705,0.684265563024396,94172010,-0.005454420803019833,-0.005469350469371237,49519.85,49406.83239941149,49383.78,49286.56585244395,48750.595,48953.387857624904,0.011954935569760546,0.009043363836927174,75.41493974062689,417.4071299520074,342.30320135406413,48750.595,50341.55492997248,47159.63507002752,0.06526935435239219,-0.03973821989528796,1.0058287357003388,8805.0,-0.005454420803019833,-0.03973821989528796,0.015010451661824338,-0.0009559570417437824,0,0.0
BANKNIFTY,2024-05-06,49336.65,49619.95,49125.0,49275.15,10970000,278565,-7935,66630330,43956990,10887630,5814180,0.6597144273486264,110865885,-0.0009559570417437824,-0.0009564142600872335,49396.75,49340.99119970575,49515.490000000005,49282.76056829598,48920.55,49011.89006874696,0.011559386268876896,0.009073235828979245,71.98564302226553,393.5633754036826,359.3899260372705,48920.55,50303.10689856804,47537.993101431966,0.056522541082143864,-0.028485272737063163,0.9682106159963008,-12270.0,-0.0009559570417437824,-0.028485272737063163,0.01004461680989296,-0.013238924691248988,-1,0.0
BANKNIFTY,2024-05-07,49300.0,49337.6,48560.0,48622.8,16284000,260175,-18390,92698395,52325325,26068065,8368335,0.5644685110243818,145283895,-0.013238924691248988,-0.013327340475059256,49073.416666666664,48981.895599852876,49291.5,49062.77371219731,48983.92,48941.14641650266,0.005200313381679941,0.010265241994635127,45.60696567783746,294.8814681427684,337.887106739103,48983.92,50227.872739545404,47739.96726045459,0.050790248699793976,-0.07068319400403575,0.7736821446011042,-37710.0,-0.013238924691248988,-0.07068319400403575,0.015992497346923634,-0.003287552341699862,0,0.0
BANKNIFTY,2024-05-08,48444.05,48620.0,48300.0,48462.95,12917000,260535,360,104882745,72983640,12184350,20658315,0.6958593618044607,178126920,-0.003287552341699862,-0.003292968215135479,48786.966666666674,48722.42279992644,49055.2,48862.832474798204,49031.05,48854.20161010217,0.005070561664759318,0.010366351939271597,46.80687462332964,201.61560876641306,292.46327408153945,49031.05,50135.84541796473,47926.254582035275,0.04506513394939442,0.0013817721227474236,0.686265059427509,-25965.0,-0.003287552341699862,0.0013817721227474236,0.006602982278214595,-0.010519376141980508,-1,0.0
BANKNIFTY,2024-05-09,48500.0,48637.95,47910.4,47953.15,20690000,287385,26850,50837055,33041175,21919560,9542715,0.6499427435361863,84165615,-0.010519376141980508,-0.010575095881600891,48346.299999999996,48337.786399963225,48727.270000000004,48559.604983198806,49007.270000000004,48690.37403938735,0.005087609535673633,0.010899210240066091,0.0,75.51517589914147,220.14724135407323,49007.270000000004,50199.23095685511,47815.309043144895,0.04864425040836225,0.09342867581815335,0.6508501213476103,8820.0,-0.010519376141980508,0.09342867581815335,0.015172100268699671,-0.000862299974037084,0,0.0
BANKNIFTY,2024-05-10,48000.0,48369.7,47789.0,47911.8,14885000,316530,29145,57245355,39557955,6408300,6516780,0.6910247128347794,97119840,-0.000862299974037084,-0.0008626719685222933,48109.299999999996,48124.793199981614,48445.17,48343.66998879921,48914.475,48548.8151194294,0.00573943476065019,0.009749374819674599,0.0,-18.124184009546298,140.7234328995332,48914.475,50294.10732239617,47534.842677603825,0.05640998180584269,0.09207658041891764,0.652201951309687,56355.0,-0.000862299974037084,0.09207658041891764,0.01212018751121847,0.0080282936562599,1,1.0
BANKNIFTY,2024-05-13,47800.0,48360.0,47523.1,48296.45,23855000,319035,2505,54204615,48566475,-3040740,9008520,0.8959841334543194,103090125,0.0080282936562599,0.007996238358679401,48053.799999999996,48210.6215999908,48249.43,48327.92999253281,48882.46,48502.93055127765,0.008409662588101614,0.010167357169978136,18.621257231379715,-39.67742078381707,80.58981500508303,48882.46,50306.9431903381,47457.9768096619,0.058281976411911275,0.007851803093704453,0.6994558925308254,58500.0,0.0080282936562599,0.007851803093704453,0.01732839577236011,0.0019504539153498701,0,1.0
BANKNIFTY,2024-05-14,48302.7,48489.95,48125.0,48390.65,13131000,322200,3165,67118130,53633370,12913515,5066895,0.7990891581752948,121073700,0.0019504539153498701,0.001948554249850851,48199.63333333334,48300.635799995405,48203.0,48348.83666168854,48747.25,48482.51590523306,0.006820309439086466,0.006023573831393778,25.344695265567466,-43.13235121498292,39.34909293172767,48747.25,50061.20138756695,47433.29861243305,0.053908738957251984,0.009823091247672253,0.7463800219610082,34815.0,0.0019504539153498701,0.009823091247672253,0.007541746184438462,-0.00349241020734381,0,0.0
BANKNIFTY,2024-05-15,48422.85,48434.05,48055.75,48221.65,13135000,352515,30315,107949045,71561835,40830915,17928465,0.66292235378275,179863395,-0.00349241020734381,-0.0034985229080606505,48302.916666666664,48261.14289999771,48154.740000000005,48306.441107792365,48604.97,48435.08573996518,0.006838542716219202,0.006021415429949138,23.809168655528993,-63.23325464873051,5.154977071574927,48604.97,49788.82530196903,47421.11469803097,0.048713343593012395,0.08599634058125186,0.739792620356666,35985.0,-0.00349241020734381,0.08599634058125186,0.007845023967450366,0.0034953179743952845,0,1.0
BANKNIFTY,2024-05-16,48350.0,48466.9,47610.0,48390.2,26524000,377655,25140,38082045,33480810,9793230,11110980,0.879175737542456,71940510,0.0034953179743952845,0.003489223547701517,48334.166666666664,48325.67144999885,48242.15,48334.360738528245,48484.71,48426.92469623941,0.0043812948741639495,0.006338472632742705,42.38575356815482,-56.841488290709094,-15.510511382519752,48484.71,49445.98194995897,47523.438050041026,0.03965258119349267,0.06656869364896532,0.7856392191579198,58620.0,0.0034953179743952845,0.06656869364896532,0.017708130985199515,0.002572834995515638,0,1.0
BANKNIFTY,2024-05-17,48366.0,48600.0,48247.0,48514.7,19457000,398400,20745,44636640,42412770,6554595,8931960,0.9501783736410268,87447810,0.002572834995515638,0.002569530921569875,48375.51666666666,48420.18572499942,48362.729999999996,48394.4738256855,48403.95,48442.88384253088,0.004116077644721323,0.006421170481224622,51.7341912134312,-37.18593256986787,-22.73565177830246,48403.95,49167.921808671344,47639.97819132865,0.031566506810760175,0.05207078313253012,0.8374699513191693,76200.0,0.002572834995515638,0.05207078313253012,0.007276145168371649,-0.0010574114649786193,0,0.0
BANKNIFTY,2024-05-21,48497.9,48715.95,48378.2,48463.4,16470000,455340,48420,69626520,52236285,23529210,8206650,0.7502354706224008,122318145,-0.0010574114649786193,-0.0010579709188985177,48456.1,48441.792862499715,48396.12,48417.44921712367,48322.775,48446.6140530091,0.002896098756262985,0.006420065527235844,74.68434038024313,-28.378637224726845,-24.61664692711059,48322.775,48790.33135964507,47855.218640354935,0.019351386986573786,0.10633812096455396,0.8083202187527856,102825.0,-0.0010574114649786193,0.10633812096455396,0.006969176739560163,-0.0033912189404787796,0,0.0
BANKNIFTY,2024-05-22,48460.0,48500.65,47942.0,48299.05,33949000,554295,98955,107692125,65836260,38065605,13599975,0.611337737090804,174082680,-0.0033912189404787796,-0.0033969821566706957,48425.71666666667,48370.42143124986,48377.8,48377.98281141578,48290.4,48419.784225016876,0.0032768353634487104,0.005053172452854426,66.74160217889428,-39.849763130208885,-29.694352328143356,48290.4,48707.76560311885,47873.03439688115,0.01728565524902884,0.1785240711173653,0.7707699345358876,176640.0,-0.0033912189404787796,0.1785240711173653,0.01156648008604727,0.016881284414496767,1,1.0
BANKNIFTY,2024-05-23,48325.2,49184.9,48301.25,49114.4,47922000,620025,65730,31855125,38403435,4507590,16426080,1.2055653525139205,70878585,0.016881284414496767,0.01674037909695756,48625.61666666667,48742.41071562493,48556.35,48623.455207610525,48355.545,48546.07800295046,0.007873642808025194,0.00737697343619477,75.76626240352837,43.796722516468435,-5.197327379939426,48355.545,49021.778323243525,47689.31167675647,0.027555612215456438,0.10601185436071126,0.8792985342821217,221625.0,0.016881284414496767,0.10601185436071126,0.017991668431254406,0.004633060772400777,0,1.0
BANKNIFTY,2024-05-24,49165.0,49420.0,49015.0,49341.95,51878000,787830,167805,39072060,43448100,7216935,5044665,1.111999213760421,83307990,0.004633060772400777,0.0046223611815156265,48918.46666666667,49042.18035781247,48746.7,48862.95347174035,48494.425,48690.7820030364,0.007882678049974143,0.006113689349540095,77.6444263628968,125.82800102709734,38.47778208907283,48494.425,49342.14008218016,47646.70991781985,0.03496134172866902,0.21299645862686112,0.9258632295257145,332490.0,0.004633060772400777,0.21299645862686112,0.008208025827921272,0.005107216070706633,1,1.0
BANKNIFTY,2024-05-27,49474.7,50098.9,49346.4,49593.95,87285000,896715,108885,51759810,50822505,12687750,7374405,0.9818912588744046,103479030,0.005107216070706633,0.005094218478268605,49350.1,49318.06517890623,48962.55,49106.61898116023,48662.64,48854.99436669858,0.007855211391020746,0.005998492444863483,88.04335772898669,207.43379981214093,94.79645466342886,48662.64,49652.23866365678,47673.041336343216,0.040671803406341425,0.12142654020508188,0.9322058065723902,342420.0,0.005107216070706633,0.12142654020508188,0.015173221733699373,-0.0012844308630386436,0,0.0
BANKNIFTY,2024-05-28,49644.15,49819.95,49440.0,49530.25,76367000,1367955,471240,71718510,58550610,19958700,7728105,0.8163946796998431,131637075,-0.0012844308630386436,-0.0012852564513760871,49488.71666666667,49424.15758945311,49175.92,49247.82932077348,48786.020000000004,48977.76811856142,0.00789544479796483,0.00593522596844078,83.55555555555593,251.65307759740244,147.08199564142004,48786.020000000004,49875.3343941643,47696.705605835705,0.044656825630141554,0.3444850159544722,0.9454376483878786,747930.0,-0.0012844308630386436,0.3444850159544722,0.007671069699829843,-0.010480463958893793,-1,0.0
BANKNIFTY,2024-05-29,49344.85,49411.25,48905.95,49011.15,193345000,2183925,815970,105314595,72362475,33596085,13811865,0.6871077555774677,179860995,-0.010480463958893793,-0.010535770788172184,49378.44999999999,49217.65379472656,49318.34,49168.93621384899,48848.06999999999,48983.83755156455,0.009998405516833791,0.007232725392881947,61.857787756467104,218.33348293863673,170.83249140715893,48848.06999999999,49907.57244423198,47788.56755576801,0.0433795007349107,0.37362546790755174,0.9605916520852114,1396095.0,-0.010480463958893793,0.37362546790755174,0.010309898869951081,0.0005355924111145605,0,1.0
BANKNIFTY,2024-05-30,48990.0,49480.0,48810.0,49037.4,235085000,2447355,263430,20231550,17811885,6875025,5444580,0.8804014027595513,40490790,0.0005355924111145605,0.0005354490326917845,49192.93333333334,49127.52689736328,49302.939999999995,49125.090809232664,48929.645000000004,48993.57617857158,0.006302424441273089,0.007046027723710288,63.876130155199995,192.82340548670618,178.16279610034135,48929.645000000004,49896.34068743806,47962.94931256195,0.039513701251585036,0.10763865479262305,0.8955588621343376,1550640.0,0.0005355924111145605,0.10763865479262305,0.013663040862688478,0.006422648835378686,1,1.0
NIFTY,2024-01-01,21849.8,22025.0,21811.2,21888.9,109309000,12621600,-168750,141497825,160731175,22149350,27625600,1.135926824316911,314850600,0.0,0.0,21888.9,21888.9,21888.9,21888.9,21888.9,21888.9,0.0,0.0,0.0,0.0,0.0,0.0,0.0,0.0,0.0,-0.013369937250427838,1.135926824316911,0.0,0.0,-0.013369937250427838,0.009767507732229544,-0.00603730658004753,-1,0.0
NIFTY,2024-01-02,21820.0,21869.95,21674.0,21756.75,167847000,11836050,-785550,174991175,161531425,33493350,800250,0.9230832640560303,348358650,-0.00603730658004753,-0.006055604800569104,21822.825,21800.8,21822.825,21809.610000000004,21822.825,21816.2175,0.0,0.0,0.0,0.0,0.0,0.0,0.0,0.0,0.0,-0.06636927015347181,1.0295050441864706,0.0,-0.00603730658004753,-0.06636927015347181,0.009006400312546714,-0.0072046606225654175,-1,0.0
NIFTY,2024-01-03,21729.9,21729.9,21579.0,21600.0,135616000,11837550,1500,236011625,180611325,61020450,19079900,0.7652645288129345,428460500,-0.0072046606225654175,-0.0072307395251651795,21748.55,21686.057142857142,21748.55,21710.321052631578,21748.55,21729.29950166113,0.0008254439595099276,0.0,0.0,0.0,0.0,21748.55,22037.798906653075,21459.301093346923,0.026599373903370672,0.0001267154098609932,0.9414248723952919,0.0,-0.0072046606225654175,0.0001267154098609932,0.006986111111111178,0.008608796296296406,1,1.0
NIFTY,2024-01-04,21640.0,21810.0,21616.1,21785.95,121774000,11625050,-212500,265231475,264716175,29219850,84104850,0.9980571687428877,541572700,0.008608796296296406,0.008571951915632717,21714.233333333334,21739.333333333332,21757.9,21741.736153846152,21757.9,21747.963316831683,0.008812268575209335,0.008812268575209335,39.159734653048304,0.0,0.0,21757.9,21997.01373862662,21518.78626137338,0.02197948686469007,-0.018279491271005286,0.9555829464821909,-996550.0,0.008608796296296406,-0.018279491271005286,0.008900231571265033,0.0003626190274006458,0,1.0
NIFTY,2024-01-05,21779.8,21831.0,21677.0,21793.85,135030000,11861300,236250,123407925,133596525,37120900,28154850,1.0825603380009834,268865750,0.0003626190274006458,0.00036255329701070926,21726.600000000002,21767.470967741934,21765.09,21761.74194312796,21765.09,21761.13613556597,0.00725809130833448,0.00725809130833448,40.15535991714108,-1.2722254383188556,0.0,21765.09,21974.65015126927,21555.52984873073,0.01925653891339481,0.019917715596098236,0.9809784247859493,25250.0,0.0003626190274006458,0.019917715596098236,0.007066213633662708,-0.009833049231778634,-1,0.0
NIFTY,2024-01-08,21789.5,21810.9,21562.75,21579.55,145034000,11760350,-100950,158449675,133495825,35041750,-100700,0.8425124570309154,303705850,-0.009833049231778634,-0.009881712931527937,21719.783333333333,21672.019047619047,21703.219999999998,21695.166541353385,21734.166666666668,21713.971943844143,0.007407860959728105,0.007407860959728105,27.81005666738379,-12.986294790371176,-8.300667049550247,21734.166666666668,21975.16962653784,21493.163706795494,0.022177336133231716,-0.008583928199415834,0.9222955513287502,-77200.0,-0.009833049231778634,-0.008583928199415834,0.011499313006990482,0.0017284883141677199,0,1.0
NIFTY,2024-01-09,21680.2,21807.8,21592.4,21616.85,158139000,11713500,-46850,163555425,143930425,5105750,10434600,0.8800100944374055,319199350,0.0017284883141677199,0.0017269961973984426,21663.416666666664,21644.217322834644,21675.24,21667.43814958718,21717.407142857144,21690.56945686002,0.007378905278491052,0.006881158302451598,31.476816232041713,-16.929929591336986,-12.388212464080807,21717.407142857144,21954.613188512052,21480.201097202236,0.021844785069835098,-0.0039996585136807955,0.9136809174050253,88450.0,0.0017284883141677199,-0.0039996585136807955,0.009964449029345063,0.004267504284851897,0,1.0
NIFTY,2024-01-10,21579.8,21737.0,21501.0,21709.1,139789000,11488300,-225200,186240175,197661125,22684750,53730700,1.0613237718446087,395389600,0.004267504284851897,0.0042584243118246245,21635.166666666664,21676.78588235294,21697.06,21681.88929421094,21716.36875,21694.785244728104,0.006834812730879018,0.006721814237284466,39.12412291313797,-12.004405746090924,-12.228785058146547,21716.36875,21936.05741891581,21496.680081084192,0.02023254177020816,-0.019602552161764576,0.9728927660113602,-373000.0,0.004267504284851897,-0.019602552161764576,0.010871017223192118,-0.0014118503300458718,0,0.0
NIFTY,2024-01-11,21758.1,21773.8,21627.0,21678.45,113071000,11717550,229250,288486575,246805525,102246400,49144400,0.8555182333874636,547009650,-0.0014118503300458718,-0.0014128479298080236,21668.13333333333,21677.619569471623,21675.559999999998,21680.71224505764,21712.155555555553,21691.231267115185,0.005367442915951093,0.006223836699112813,44.60074472486555,-10.920570446596685,-11.726579448973379,21712.155555555553,21919.20448361632,21505.106627494788,0.019072166974023644,0.019564670088883768,0.9443849789402753,-42800.0,-0.0014118503300458718,0.019564670088883768,0.006771701851377717,0.012387878284655818,1,1.0
NIFTY,2024-01-12,21745.0,21995.0,21731.0,21947.0,150912000,11930100,212550,125055975,179302675,35041000,76386000,1.4337793536054555,316288750,0.012387878284655818,0.012311776370071656,21778.183333333334,21812.44144672532,21706.19,21771.04127358897,21735.64,21744.95706626952,0.008110918402238458,0.007374159612554178,70.73127016369952,11.905789129588811,-3.090992133799528,21735.64,21980.929161784392,21490.350838215607,0.02257022675977266,0.017816279830009808,1.0146287820611697,216600.0,0.012387878284655818,0.017816279830009808,0.012028978903722605,0.008488631703649663,1,1.0
NIFTY,2024-01-15,22050.2,22149.9,21995.0,22133.3,103458000,12384650,454550,135535125,205752075,10479150,26449400,1.5180719758070094,353671850,0.008488631703649663,0.008452805868326469,21919.583333333332,21972.949096238397,21816.94,21893.20653744453,21760.079999999998,21824.29067258992,0.005455731388877391,0.007416937451247842,70.74350552403712,42.31763284405679,12.98617523329967,21760.079999999998,22102.649993496867,21417.51000650313,0.031486096879870744,0.03670269244589068,1.1497406858163886,896350.0,0.008488631703649663,0.03670269244589068,0.00699850451582012,-0.004689766099045256,0,0.0
NIFTY,2024-01-16,22089.9,22138.0,21964.7,22029.5,103215000,12209500,-175150,163959425,199299875,28424300,-6452200,1.2155438761754622,375468800,-0.004689766099045256,-0.004700797555557288,22036.600000000002,22001.23145299145,21899.47,21938.990565000142,21787.355,21865.291120631704,0.006985567867123396,0.007283169959693324,62.6265873653755,52.45515029232047,26.676682521813305,21787.355,22169.85190906522,21404.85809093478,0.03511182601699191,-0.014345386788975798,1.2168474421639996,491950.0,-0.004689766099045256,-0.014345386788975798,0.007866724165323738,-0.01997094804693711,-1,0.0
NIFTY,2024-01-17,21743.7,21854.75,21563.3,21589.55,229664000,11165700,-1043800,246508875,172405975,82549450,-26893900,0.6993905391844412,430080550,-0.01997094804693711,-0.02017306290685516,21917.45,21795.365596386277,21875.56,21821.908783417006,21786.31,21811.1716174091,0.012678156347232062,0.00966363744127881,50.4314808422506,18.63060040815617,23.92302623118139,21786.31,22171.131888959328,21401.488111040675,0.03532694512832382,-0.09348271939958981,1.1444607956319663,-764400.0,-0.01997094804693711,-0.09348271939958981,0.013499586605556889,-0.0028763915875966717,0,0.0
NIFTY,2024-01-18,21461.95,21574.0,21316.8,21527.45,227826000,11089750,-75950,280598925,266732375,34090050,94326400,0.9505823124589661,558421050,-0.0028763915875966717,-0.0028805363517638446,21715.5,21661.399621558932,21845.36,21723.41847831309,21760.46,21756.279044432125,0.01270580566101255,0.00919723739092986,46.223386279148436,-10.403407123780198,12.278955783517299,21760.46,22178.66988298009,21342.250117019907,0.03843759580267076,-0.0068486665614644155,1.163473611446267,-1294900.0,-0.0028763915875966717,-0.0068486665614644155,0.011947536749591833,0.0067216507296499195,1,1.0
NIFTY,2024-01-19,21627.0,21708.0,21579.3,21672.15,125832000,11172000,82250,136215075,130553275,24559350,26124950,0.9584348501808628,277940350,0.0067216507296499195,0.006699161157170324,21596.383333333335,21666.77497482223,21790.390000000003,21706.289869653403,21748.29,21740.18983848948,0.011357306488762632,0.009527698498220492,48.5053193641035,-16.341524038565694,2.6272118385822707,21748.29,22169.255326627055,21327.324673372947,0.03871249892539177,0.0073621553884711775,1.0684047107613484,-1037500.0,0.0067216507296499195,0.0073621553884711775,0.005938497103425397,-0.022051342391041118,-1,0.0
NIFTY,2024-01-23,21760.2,21783.0,21153.2,21194.25,252641000,7888100,-3449500,197589075,145884675,40835700,10669150,0.7383235889939765,351361850,-0.022051342391041118,-0.02229810765770578,21464.61666666667,21430.508882276645,21602.579999999998,21535.349667098526,21709.760000000002,21636.756897221818,0.012176166540833543,0.011445329877624777,35.61753698093028,-65.50378173114586,-20.259515290520362,21709.760000000002,22252.33332899188,21167.186671008123,0.04998427702488456,-0.4373042938096627,0.9124550333987418,-3277600.0,-0.022051342391041118,-0.4373042938096627,0.029715606827323413,0.013369192115786133,1,1.0
NIFTY,2024-01-24,21160.0,21505.0,21141.0,21477.6,213430000,5285350,-2602750,196908825,180641975,-680250,34757300,0.9173889235284401,382836150,0.013369192115786133,0.013280613080284963,21448.0,21454.05462077805,21492.2,21516.08022036292,21695.835,21606.83190704023,0.015765501935462285,0.012390324036301267,36.178670278546555,-70.00826224295815,-36.92807786772898,21695.835,22255.87270914704,21135.79729085296,0.05162628763972809,-0.49244610101506997,0.8528240428693374,-5804400.0,0.013369192115786133,-0.49244610101506997,0.016947889894587852,-0.007084124855663454,-1,0.0
NIFTY,2024-01-25,21455.0,21474.15,21243.0,21325.45,145154000,2964250,-2321100,224822275,181043925,27913450,401950,0.8052757450301578,408830450,-0.007084124855663454,-0.007109336406556074,21332.433333333334,21389.752065094242,21439.379999999997,21452.493788484786,21657.47,21554.252124948594,0.013603436300266177,0.012417188001942333,25.72493163857088,-86.299855297857,-53.44190491743731,21657.47,22264.0946820637,21050.845317936302,0.056019902792311276,-0.7830311208568778,0.8740010840384806,-8207750.0,-0.007084124855663454,-0.7830311208568778,0.010839161658956854,0.03752793024297252,1,1.0
NIFTY,2024-01-29,21717.15,22150.0,21717.15,22125.75,2902000,89700,89700,106135525,127928875,26298200,45261500,1.2053351128191998,234154100,0.03752793024297252,0.036840893476478426,21642.933333333334,21757.751734450787,21559.04,21677.01380506206,21702.2,21660.507751181878,0.022396697404778,0.017561661495750558,52.03880615984241,-15.500066192882514,-40.7656771703789,21702.2,22377.748716887898,21026.651283112104,0.062256242859055504,1.0,0.9249516441105274,-7798400.0,0.03752793024297252,1.0,0.019563178649311258,-0.009665209088957405,-1,0.0
NIFTY,2024-01-30,22198.95,22200.0,21890.0,21911.9,2684000,122050,32350,148478925,121640725,42343400,-6288150,0.8192457279711582,270241700,-0.009665209088957405,-0.009712220383563073,21787.7,21834.825940729086,21606.989999999998,21755.3327561279,21698.69,21707.05664555294,0.023386314576174093,0.017522309871152095,57.55147937311132,11.984574281115783,-23.15544952532649,21698.69,22368.929593644603,21028.450406355394,0.0617769638300381,0.26505530520278575,0.8971138196685864,-5163300.0,-0.009665209088957405,0.26505530520278575,0.01414756365262711,0.007819951715734241,1,1.0
NIFTY,2024-01-31,21890.3,22104.0,21858.5,22083.25,2333000,139550,17500,168647225,151920875,20168300,30280150,0.9008204848908721,320707650,0.007819951715734241,0.007789534365215823,22040.300000000003,21959.038029593485,21784.79,21864.660422727044,21693.684999999998,21776.48194943273,0.0189708680637499,0.01748746008682497,62.386343376716,48.084957372466306,0.6154792974784214,21693.684999999998,22350.10544292426,21037.264557075734,0.060517191332340604,0.1254030813328556,0.9296131988479657,-2824700.0,0.007819951715734241,0.1254030813328556,0.011117023083105974,-0.0027690670530833295,0,0.0
NIFTY,2024-02-01,22105.0,22184.4,22004.25,22022.1,2618000,182300,42750,294912375,239217175,126265150,87296300,0.8111466160075514,534311850,-0.0027690670530833295,-0.002772908011475067,22005.75,21990.569022314314,21893.69,21917.14729706575,21692.945,21821.686641201155,0.019282982133627776,0.01744181318326464,58.10050693270984,65.45593853281025,22.24360014980205,21692.945,22347.697461197695,21038.192538802305,0.06036547469213563,0.2345035655512891,0.9083647373437879,92600.0,-0.0027690670530833295,0.2345035655512891,0.008180418761153635,0.009513170860181441,1,1.0
NIFTY,2024-02-02,22154.7,22466.95,22149.95,22231.6,5775000,289550,107250,123920425,126704625,27650500,28756900,1.0224676440546423,250914600,0.009513170860181441,0.009468205600138637,22112.316666666666,22111.084525523725,22074.920000000002,22021.974205289946,21757.15,21896.961409903608,0.018035210951172363,0.01611299513394314,77.41918430999397,97.55999559689371,47.36039530905348,21757.15,22488.30209847959,21025.99790152041,0.06721028245699365,0.3704023484717665,0.9518031171486847,167500.0,0.009513170860181441,0.3704023484717665,0.014258982709296679,-0.006396300761078666,-1,0.0
NIFTY,2024-02-05,22201.0,22305.1,22055.05,22089.4,3356000,322650,33100,154262575,137727525,30342150,11022900,0.8928123039564198,292312750,-0.006396300761078666,-0.006416844743306092,22114.366666666665,22100.24226211561,22067.65,22044.450805375087,21813.344999999998,21932.23590920831,0.008561545614883438,0.016294283489269874,67.47500714081707,102.39243197376345,65.70992576032444,21813.344999999998,22552.37193448134,21074.318065518655,0.06775915701891135,0.1025879435921277,0.8892985553761287,183100.0,-0.006396300761078666,0.1025879435921277,0.011319909096670768,0.007544342535333648,1,1.0
NIFTY,2024-02-06,22107.4,22288.0,22080.9,22256.05,2328000,349800,27150,152111525,169520575,-2151050,31793050,1.1144492503115724,321981900,0.007544342535333648,0.007516026312200396,22192.350000000002,22178.14613337952,22136.48,22114.986663620148,21871.734999999997,21991.50390290261,0.0072072110489752456,0.01631891096466675,76.3626062322947,120.73756600993875,84.05615066728191,21871.734999999997,22652.281700218646,21091.188299781348,0.07137492295134784,0.07761578044596913,0.9483392598442115,167500.0,0.007544342535333648,0.07761578044596913,0.009305334953866411,0.0017500859316905704,0,1.0
NIFTY,2024-02-07,22350.0,22383.95,22195.0,22295.0,1905000,359200,9400,185237375,184581125,33125850,15060550,0.9964572484359595,370177700,0.0017500859316905704,0.0017485563156860234,22213.483333333334,22236.573067560388,22178.829999999998,22174.992693324413,21981.809999999998,22046.985789872557,0.0067168853446774555,0.013842508547693306,58.4317242066458,134.5284176644127,100.882488627243,21981.809999999998,22638.340229142406,21325.27977085759,0.05973395540607518,0.026169265033407572,0.9674666125532291,69650.0,0.0017500859316905704,0.026169265033407572,0.008474994393361773,-0.008519847499439348,-1,0.0
NIFTY,2024-02-08,22329.5,22367.75,22067.6,22105.05,3825000,360900,1700,272449825,220728925,87212450,36147800,0.810163577825752,493539650,-0.008519847499439348,-0.008556348872101958,22218.7,22170.81153329023,22195.420000000002,22151.678051856536,22044.555,22057.589954046216,0.008077006119731866,0.014128039208374731,59.857106404695,120.47251361887538,107.4130788646464,22044.555,22598.896608376803,21490.213391623198,0.05029283724500699,0.004710446106954835,0.9672700049168691,38250.0,-0.008519847499439348,0.004710446106954835,0.013578345219757542,0.0015064430978442012,0,1.0
NIFTY,2024-02-09,22101.4,22155.0,21978.0,22138.35,2229000,356700,-4200,126147375,126057325,23138850,22605900,0.9992861524070557,252561400,0.0015064430978442012,0.0015053095507140482,22179.466666666664,22154.58076658465,22176.769999999997,22147.23531577345,22125.845,22072.327080796982,0.006564347649411073,0.013703423131447049,53.27313769751686,111.34061707566434,108.72233604237462,22125.845,22353.897384089476,21897.792615910526,0.020614117480211473,-0.011774600504625737,0.9626337065873518,6900.0,0.0015064430978442012,-0.011774600504625737,0.00799517579223384,-0.0066016663391805785,-1,0.0
NIFTY,2024-02-12,22150.95,22179.5,21966.0,21992.2,2530000,361150,4450,162537375,138870425,36390000,12813100,0.8543907209034229,301768950,-0.0066016663391805785,-0.006623553720380927,22078.533333333336,22073.390383141097,22157.329999999998,22095.556472917186,22112.489999999998,22057.715134315902,0.006608431845033562,0.00721636087175746,48.386748678105214,86.56242544083943,101.33540663707208,22112.489999999998,22355.704737309334,21869.275262690662,0.021997951140675317,0.012321749965388342,0.9549493899767525,1950.0,-0.0066016663391805785,0.012321749965388342,0.009707987377342875,0.0055678831585743715,1,1.0
NIFTY,2024-02-13,21997.2,22129.75,21931.0,22114.65,2534000,380100,18950,152672375,150750825,-9865000,11880400,0.987413898552374,303803300,0.0055678831585743715,0.005552439795183224,22081.733333333334,22094.02019158976,22129.05,22101.921015136486,22132.765000000003,22068.092137719188,0.006011917258060837,0.006673235469815716,43.035788721491215,80.51006054791651,94.39344132962091,22132.765000000003,22331.374309673272,21934.155690326734,0.01794708520813096,0.04985530123651671,0.9295423196249128,19200.0,0.0055678831585743715,0.04985530123651671,0.00898725505490704,0.003940826556151578,0,1.0
NIFTY,2024-02-14,21960.1,22231.25,21906.05,22201.8,3967000,384200,4100,162243875,200582075,9571500,49831250,1.2362998295004972,363210150,0.003940826556151578,0.003933081839567257,22102.883333333335,22147.91009581997,22110.41,22135.214125842147,22144.620000000003,22092.451075694204,0.006356063390821559,0.0063330415891343006,57.162885546775335,83.76713314449444,90.85127625578997,22144.620000000003,22344.243441063987,21944.996558936018,0.018029069007640182,0.010671525247267048,0.9775108358378205,27500.0,0.003940826556151578,0.010671525247267048,0.014647461016674357,0.0038397787566772923,0,1.0
NIFTY,2024-02-15,22209.0,22307.25,22140.05,22287.05,4079000,478500,94300,242776225,254190775,80532350,53608700,1.0470167538028075,497445500,0.0038397787566772923,0.003832425623153754,22201.166666666668,22217.480047926187,22146.809999999998,22185.826201204447,22171.114999999998,22127.890332324245,0.004834858570392248,0.0062924830224916645,52.204209328782724,93.1979294303892,91.63350315927859,22171.114999999998,22368.786692178954,21973.443307821042,0.01783146153713566,0.19707419017763844,1.0248814710332315,117350.0,0.0038397787566772923,0.19707419017763844,0.0075021144566015125,0.0041414184470354165,0,1.0
NIFTY,2024-02-16,22349.0,22417.0,22317.55,22379.35,4053000,556100,77600,117801275,144117425,25408150,33574050,1.2233944411891977,262474800,0.0041414184470354165,0.004132866377327283,22289.399999999998,22298.415023972513,22195.010000000002,22250.334233814974,22185.89,22173.6711874421,0.004957265535009951,0.005707413499121135,55.574648073491446,107.45380580576602,96.90697862728813,22185.89,22422.003996949687,21949.776003050312,0.021285059733883754,0.139543247617335,1.06970312878966,176000.0,0.0041414184470354165,0.139543247617335,0.004443828797529898,0.0030943704799291094,0,1.0
NIFTY,2024-02-19,22404.5,22531.1,22338.0,22448.6,4178000,603200,47100,131183025,164092275,13381750,19974850,1.2508651557623405,295878500,0.0030943704799291094,0.0030895927690632327,22371.666666666668,22373.507511990625,22286.29,22316.42289062403,22221.81,22223.712722709293,0.0009026790586009025,0.005163658329782975,77.01501926555022,122.20117716979439,105.33842211223607,22221.81,22498.489400510174,21945.13059948983,0.024901607970743412,0.07808355437665783,1.1489980157614432,219000.0,0.0030943704799291094,0.07808355437665783,0.008601872722575062,0.0020335343852178056,0,1.0
NIFTY,2024-02-20,22430.05,22508.95,22361.7,22494.25,2699000,635100,31900,143344375,178162975,12161350,14070700,1.2429017532079651,322142450,0.0020335343852178056,0.0020314695529676068,22440.733333333334,22433.87875599707,22362.21,22375.69863445765,22245.629999999997,22272.945171173993,0.000865410182900142,0.004738456357628662,77.45294662141339,134.3602596336641,115.01240158652706,22245.629999999997,22571.968682966024,21919.29131703397,0.029339576623905614,0.0502283105022831,1.2000955866925616,156600.0,0.0020335343852178056,0.0502283105022831,0.00654611734109828,-0.006586127565933575,-1,0.0
NIFTY,2024-02-21,22518.95,22544.0,22320.0,22346.1,4501000,665450,30350,218183925,184790275,74839550,6627300,0.8469472487489627,403639650,-0.006586127565933575,-0.006607911805961786,22429.649999999998,22389.989377997896,22391.07,22365.832418454607,22250.739999999998,22286.25574956377,0.0044853337517452435,0.00530585965544494,77.21470316825572,123.21622391946221,117.74701536918137,22250.739999999998,22582.07655866975,21919.403441330247,0.029782070948629214,0.045608235028927795,1.1222250705422545,109350.0,-0.006586127565933575,0.045608235028927795,0.010024120540049494,0.007627729223443902,1,1.0
NIFTY,2024-02-22,22375.75,22549.0,22240.15,22516.55,6357000,737850,72400,240385625,242412425,22201700,57622150,1.0084314525878992,483535900,0.007627729223443902,0.007598785188552895,22452.3,22453.269688999408,22436.969999999998,22416.07162763745,22291.89,22328.15241321591,0.0052715754806122355,0.004773594710422454,78.78115153251198,131.16309881290726,122.21905009400442,22291.89,22644.3480126294,21939.431987370597,0.03162208432119504,0.0981229247136952,1.114508010299273,134650.0,0.007627729223443902,0.0981229247136952,0.013716577361984787,-0.00011325003164330827,0,0.0
NIFTY,2024-02-23,22565.0,22599.45,22498.5,22514.0,4063000,796750,58900,129928925,132312175,36902350,21930150,1.0183427208375657,263037850,-0.00011325003164330827,-0.00011325644491234839,22458.88333333333,22483.634844499815,22463.9,22448.714425067286,22329.454999999998,22361.959376533687,0.0051948748112088106,0.004814095398789579,75.44002607561927,133.13276949569263,125.85696030879878,22329.454999999998,22689.18143448413,21969.728565515867,0.03221990276826116,0.0739253216190775,1.0734976662289466,161650.0,-0.00011325003164330827,0.0739253216190775,0.004483876698942913,-0.0034778360131473285,0,0.0
NIFTY,2024-02-26,22480.05,22514.1,22389.2,22435.7,3039000,802250,5500,152320225,147270925,22391300,14958750,0.9668507580001277,300393400,-0.0034778360131473285,-0.0034838977433644352,22488.75,22459.667422249862,22461.32,22444.376282789694,22373.805,22375.372116400045,0.005425622534324492,0.004288625746037918,62.251710211819095,122.5908618293397,124.76826006796836,22373.805,22647.89730582253,22099.71269417747,0.024501179466123957,0.006855718292302898,1.0166947866765041,136800.0,-0.0034778360131473285,0.006855718292302898,0.0055670204183510125,0.002355620729462382,0,1.0
NIFTY,2024-02-27,22427.9,22510.0,22384.2,22488.55,4084000,881900,79650,165954675,166363875,13634450,19092950,1.0024657334901834,333200450,0.002355620729462382,0.0023528506043417282,22479.416666666668,22474.108711124947,22460.18,22459.100856524787,22411.195,22395.95663596304,0.005459142119473759,0.004108791483452903,59.626234132581146,118.09294225478516,122.54315311149544,22411.195,22623.127706562984,22199.262293437016,0.01891311075228109,0.09031636239936501,0.9686075827329479,144050.0,0.002355620729462382,0.09031636239936501,0.005593957814087581,-0.0123329427642066,-1,0.0
NIFTY,2024-02-28,22499.6,22508.0,22190.0,22211.2,7890000,925000,43100,244891625,162096725,78936950,-4267150,0.661912080496832,407913350,-0.0123329427642066,-0.012409624630461953,22378.483333333334,22342.654355562412,22433.2,22376.46723270106,22412.135,22362.355541989982,0.007431058390334093,0.0059337982604902514,34.689797497742944,81.49453887128038,108.86027752170286,22412.135,22619.983994598377,22204.28600540162,0.01854789778826322,0.04659459459459459,0.9316005490825215,128250.0,-0.0123329427642066,0.04659459459459459,0.014317101282235989,0.0032551145368102663,0,1.0
NIFTY,2024-02-29,22220.0,22335.0,22162.8,22283.5,9955000,987650,62650,235935575,187203775,-8956050,25107050,0.7934529373113826,424127000,0.0032551145368102663,0.0032498281203073814,22327.75,22313.0771777812,22386.59,22345.478153888453,22411.78,22348.015035577857,0.006306376952306937,0.005895152737389101,36.860153376145604,62.157351255154936,93.29263226507305,22411.78,22620.588424691683,22202.971575308315,0.01863380995991253,0.06343340252113602,0.8886048460272182,185400.0,0.0032551145368102663,0.06343340252113602,0.007727690892364338,0.013269908228061178,1,1.0
NIFTY,2024-03-01,22344.0,22593.0,22337.45,22579.2,12150000,1175300,187650,117939175,152623275,31680150,58456500,1.2940846415111857,271737750,0.013269908228061178,0.013182634226736212,22357.966666666664,22446.13858889061,22399.629999999997,22423.38543801327,22431.765,22390.056185458758,0.009414711768469341,0.007175467011768105,62.27488151658783,79.90198460521788,88.82908243961138,22431.765,22663.747667216514,22199.782332783485,0.020683407410563952,0.15966136305624096,0.9437532301619423,293400.0,0.013269908228061178,0.15966136305624096,0.011317938633786816,0.0026861004818592438,0,1.0
NIFTY,2024-03-04,22890.3,22890.3,22605.45,22639.85,7453000,1384700,197700,136307325,176816325,15682000,17599000,1.2971887240836104,314508350,0.0026861004818592438,0.002682499361166528,22500.850000000002,22542.99429444531,22440.46,22495.54029329784,22450.89,22435.479890400275,0.009144659371859286,0.007162824276334337,57.34190782422296,96.89550597989728,91.51789052954304,22450.89,22717.926575938367,22183.85342406163,0.0237885069089348,0.14277460821838667,1.0098208233786388,459700.0,0.0026861004818592438,0.14277460821838667,0.012581797140882053,-0.0026016073428047903,0,0.0
NIFTY,2024-03-05,22605.05,22659.95,22500.35,22580.95,19464000,1948700,564000,139111975,170648575,2804650,-6167750,1.2266993909043415,311709250,-0.0026016073428047903,-0.002604997404203446,22600.0,22561.972147222656,22458.94,22524.010195870953,22459.559999999998,22461.93216865309,0.009342288173341439,0.0072289603101656314,53.73584063389327,99.73738857503122,94.25772337656194,22459.559999999998,22738.229875579607,22180.890124420388,0.024815256895469873,0.28942371837635344,1.0546675548614703,961050.0,-0.0026016073428047903,0.28942371837635344,0.007067904583288222,0.00684647900110491,1,1.0
NIFTY,2024-03-06,22551.25,22746.9,22470.85,22735.55,10396000,1903000,-45700,160926825,213165425,21814850,42516850,1.3246108906951963,375995250,0.00684647900110491,0.006823148292019936,22652.11666666667,22648.761073611327,22563.81,22594.523464473823,22498.505,22511.685739605597,0.005863174628759221,0.007030143233354384,65.41883066796942,116.33956439088797,101.61833734386049,22498.505,22813.2240650229,22183.785934977102,0.027976886910743497,-0.024014713610089333,1.1872073169011432,727700.0,0.00684647900110491,-0.024014713610089333,0.01214177796446547,-0.0018891119854149707,0,0.0
NIFTY,2024-03-07,22732.85,22756.0,22673.5,22692.6,6038000,1968900,65900,239638575,257506225,78711750,44340800,1.0745608256099837,499113700,-0.0018891119854149707,-0.0018908986079029064,22669.699999999997,22670.680536805663,22645.629999999997,22627.21564315559,22516.11,22544.581878353023,0.006585074173668263,0.006786209755192662,60.60055067795733,120.18947989908338,107.80871836148116,22516.11,22854.14753177552,22178.07246822448,0.030026281784510788,0.03347046574229265,1.2434288945608636,584200.0,-0.0018891119854149707,0.03347046574229265,0.003635546389571931,-0.005188916210570826,-1,0.0
NIFTY,2024-03-11,22725.0,22725.9,22548.0,22574.85,11927000,2126200,157300,136634225,128174725,47104050,14291600,0.9380865226117395,266935150,-0.005188916210570826,-0.005202425388549536,22667.666666666668,22622.76526840283,22644.760000000002,22609.7604287088,22522.195,22550.085534144426,0.004778782316511247,0.007046899163412038,72.64744348259327,106.84460010160547,107.48734560244819,22522.195,22862.24842864516,22182.141571354838,0.030197183591134172,0.07398175148151633,1.1722292707809743,177500.0,-0.005188916210570826,0.07398175148151633,0.007880451032897294,0.0011783024028952926,0,1.0
NIFTY,2024-03-12,22574.85,22688.95,22534.05,22601.45,9040000,2126850,650,148254075,141481725,11619850,13307000,0.9543192994863716,291862650,0.0011783024028952926,0.0011776087494544988,22622.966666666664,22612.107634201417,22637.079999999998,22606.99028579935,22538.77,22559.42502908294,0.004609146318019511,0.006922847686056795,70.99650003301866,97.92616579258538,104.30028562787096,22538.77,22876.234016847226,22201.305983152775,0.029945202586230315,0.00030561628699720246,1.1036553858615266,223850.0,0.0011783024028952926,0.00030561628699720246,0.006853542582444996,-0.015118499034354027,-1,0.0
NIFTY,2024-03-13,22617.75,22640.55,22190.0,22259.75,30224000,2220300,93450,265746025,173515475,117491950,32033750,0.6529372358438852,441481800,-0.015118499034354027,-0.015233948635281947,22478.683333333334,22435.928817100707,22572.84,22491.24352368471,22515.89,22504.936267955127,0.008172478263927821,0.008500359759836693,30.11268131731299,51.48035267518935,86.69364117051961,22515.89,22896.725096421884,22135.054903578115,0.033828118401882795,0.04208890690447237,0.9889029548494352,251400.0,-0.015118499034354027,0.04208890690447237,0.020240568739541068,0.007279955974348384,1,1.0
NIFTY,2024-03-14,22250.0,22485.0,22200.05,22421.8,16184000,2206600,-13700,258473675,246540275,-7272350,73024800,0.953831275080528,507220550,0.007279955974348384,0.007253585003845814,22427.666666666668,22428.864408550355,22510.09,22468.09568243227,22536.95,22489.820039891576,0.00830211957741298,0.007828362610624919,37.947045492233734,36.06065194252733,69.81597800518689,22536.95,22862.124332730407,22211.775667269594,0.02885699553226205,-0.006208646786911991,0.9147470317265016,80400.0,0.007279955974348384,-0.006208646786911991,0.012708613938220871,-0.005630680855239101,-1,0.0
NIFTY,2024-03-15,22339.85,22353.0,22170.0,22295.55,35066000,2386400,179800,128769625,127258775,35449100,22913450,0.9882670311418551,258414800,-0.005630680855239101,-0.005646592897217352,22325.7,22362.207204275175,22430.68,22410.580454914758,22538.155000000002,22454.49717633864,0.008373703505063309,0.00804178225006009,35.317419487601555,10.51278821395681,50.048248005021705,22538.155000000002,22859.21838401561,22217.091615984395,0.02849065365071878,0.07534361381159906,0.8974882728328758,259550.0,-0.005630680855239101,0.07534361381159906,0.008207915929411924,0.00012110039895851799,0,1.0
NIFTY,2024-03-18,22275.0,22373.25,22185.4,22298.25,22648000,2558250,171850,147013825,139470825,18244200,12212050,0.9486919002345527,289042900,0.00012110039895851799,0.00012109306689714176,22338.533333333336,22330.228602137588,22375.359999999997,22373.136969925774,22510.06,22426.087915696833,0.00844176361323094,0.006590019569048864,23.3353658536587,-7.109605196445045,30.995630226378314,22510.06,22862.770295978004,22157.349704022,0.031338014734567765,0.06717482654158116,0.8996093483574386,337950.0,0.00012110039895851799,0.06717482654158116,0.00842442792595825,-0.010866323590416282,-1,0.0
NIFTY,2024-03-19,22260.0,22260.0,22040.0,22055.95,26902000,2834200,275950,198077075,145566925,51063250,6096100,0.7349004169210395,346478200,-0.010866323590416282,-0.010925793288310965,22216.583333333332,22193.089301068794,22266.260000000002,22267.407979917763,22451.67,22358.788788806414,0.008861364213192242,0.007070797106604225,18.771766321675756,-45.992734674029634,5.332841885994649,22451.67,22891.46124896554,22011.878751034455,0.0391767070303049,0.09736433561498836,0.8557255718443721,627600.0,-0.010866323590416282,0.09736433561498836,0.009974632695485798,0.000915852638403658,0,1.0
NIFTY,2024-03-20,22080.0,22149.85,21963.95,22076.15,27385000,3080100,245900,202627125,161047700,4550050,15480775,0.7947983272229717,366754925,0.000915852638403658,0.0009154335012684015,22143.45,22134.619650534398,22229.54,22203.65531993201,22401.190000000002,22307.399090903153,0.0068965566291058185,0.007156951280583516,22.949663701453915,-69.49740801468215,-19.61057477364393,22401.190000000002,22888.361618859548,21914.018381140457,0.043495155289477526,0.07983507028992565,0.8840977901201894,693700.0,0.000915852638403658,0.07983507028992565,0.008420852367826718,0.008624692258387245,1,1.0
NIFTY,2024-03-21,22202.0,22308.0,22185.0,22266.55,31577000,3399300,319200,254820375,246277150,52193250,85229450,0.9664735404301952,504496825,0.008624692258387245,0.008587712076448366,22132.88333333333,22200.5848252672,22198.489999999998,22224.62021329089,22354.29,22299.971885648934,0.0073429540417555405,0.007424745939424706,34.57535003684589,-62.90427440480926,-34.04180799409144,22354.29,22785.485567386015,21923.094432613987,0.03857832813173792,0.09390168564116141,0.8866262431901228,841050.0,0.008624692258387245,0.09390168564116141,0.0055239810388228085,0.0030898365485447776,0,1.0
NIFTY,2024-03-22,22240.0,22420.4,22122.7,22335.35,49898000,4073150,673850,131573275,161877700,36098750,49918400,1.2303235592486392,297524125,0.0030898365485447776,0.0030850728138482977,22226.016666666666,22267.9674126336,22206.45,22261.530142197313,22318.565,22306.404339389712,0.007109009808927523,0.007602105193334364,54.651162790697605,-49.1575594158021,-39.080391803669706,22318.565,22678.49335722314,21958.63664277686,0.03225371857224152,0.16543706958987517,0.9350375488114796,1238950.0,0.0030898365485447776,0.16543706958987517,0.013328647189320997,-0.003348951326036964,0,0.0
NIFTY,2024-03-26,22260.0,22322.95,22210.0,22260.55,73024000,5931950,1858800,162747525,178816650,31174250,16938950,1.0987365245646592,347496125,-0.003348951326036964,-0.0033545716150868597,22287.483333333334,22264.2587063168,22198.909999999996,22261.20342813152,22287.135000000002,22298.06711326933,0.007306867974664699,0.007526389420068119,38.88620856020397,-46.742028445387405,-41.63427068503345,22287.135000000002,22599.323860396355,21974.94613960365,0.028015163043285062,0.3133539561189828,0.9650464736775008,2851850.0,-0.003348951326036964,0.3133539561189828,0.005073998620878673,0.003200729541722902,0,1.0
NIFTY,2024-03-27,22265.0,22380.0,22254.2,22331.8,96102000,8352800,2420850,187974025,217583100,25226500,38766450,1.1575168430851017,413909925,0.003200729541722902,0.0031956181108908433,22309.233333333334,22298.0293531584,22254.079999999998,22284.73561875531,22260.170000000002,22304.20040964406,0.004332160982888732,0.007629108531207806,52.703408158699396,-36.00872513803188,-39.75908883564565,22260.170000000002,22486.462996896644,22033.87700310336,0.020331650377929892,0.28982496887271336,1.0495697589103135,4953500.0,0.003200729541722902,0.28982496887271336,0.005633222579460647,0.007003465909599882,1,1.0
NIFTY,2024-03-28,22340.0,22640.0,22340.0,22488.2,252094000,10663650,2310850,254274825,272991100,66300800,55408000,1.0736064807044898,537929575,0.007003465909599882,0.006979055547383914,22360.183333333334,22393.1146765792,22336.489999999998,22352.55707917205,22283.015,22337.65507806289,0.00462260187632819,0.006211810538917777,61.52399441849185,-10.33611549746638,-29.951431054902187,22283.015,22551.341281687914,22014.688718312085,0.02408348077564137,0.21670347395122683,1.105331389606617,6590500.0,0.007003465909599882,0.21670347395122683,0.01334032959507653,0.005087112352255785,1,1.0
NIFTY,2024-04-01,22539.95,22647.0,22515.1,22602.6,127526000,9897250,-766400,130344225,139668450,42715650,36031000,1.071535390233054,279909925,0.005087112352255785,0.005074216712103748,22474.199999999997,22497.8573382896,22403.7,22435.904719449543,22301.095,22385.82711466462,0.003896829348227934,0.0060021847497497335,89.25673249551171,20.36934825174103,-13.177837951148126,22301.095,22628.781955797782,21973.40804420222,0.029387521625981204,-0.07743565131728511,1.1263437595671886,3965300.0,0.005087112352255785,-0.07743565131728511,0.005835611832267149,-0.001110491713342654,0,0.0
NIFTY,2024-04-02,22580.0,22611.55,22507.1,22577.5,83787000,10051250,154000,156254325,155947300,25910100,16278850,0.9980350943885873,322252875,-0.001110491713342654,-0.0011111087661289923,22556.100000000002,22537.6786691448,22452.129999999997,22483.103146300266,22329.29,22420.676867865837,0.004305656872250935,0.005620509684263926,85.75197889182077,38.30759386907812,3.9839726566441476,22329.29,22700.487200659965,21958.092799340036,0.03324755965460294,0.015321477428180574,1.0798860665951784,1698450.0,-0.001110491713342654,0.015321477428180574,0.00462628723286461,-0.001545786734580945,0,0.0
NIFTY,2024-04-03,22486.0,22630.75,22450.0,22542.6,125588000,10129250,78000,193472925,183896800,37218600,27949500,0.9505040563169239,387498975,-0.001545786734580945,-0.001546982695521278,22574.233333333334,22540.1393345724,22508.54,22502.935430867004,22353.725,22442.844781729895,0.003770469849409185,0.005682797339904933,75.29551910565384,45.88783540249642,17.951926905831403,22353.725,22747.334251387452,21960.115748612545,0.03521643496888807,0.007700471407063702,1.0502395729456313,-534400.0,-0.001545786734580945,0.007700471407063702,0.008018152298315191,0.0030897057127394767,0,1.0
NIFTY,2024-04-04,22640.05,22669.0,22420.05,22612.25,218360000,9809350,-319900,250493375,253153200,57020450,69256400,1.010618344696741,513455925,0.0030897057127394767,0.00308494238105049,22577.449999999997,22576.1946672862,22564.629999999997,22539.373620578197,22409.355000000003,22473.645811968076,0.003765834363408886,0.00382675789735656,75.33394327538898,57.730112390989234,31.211322067911297,22409.355000000003,22771.94249273645,22046.767507263557,0.032360368492216365,-0.03261174287796847,1.0208598732679595,-87900.0,0.0030897057127394767,-0.03261174287796847,0.011009519176552565,-0.0007407489303364878,0,0.0
NIFTY,2024-04-05,22570.0,22618.0,22505.1,22595.5,86817000,9685800,-123550,134156525,137831100,48674550,37906100,1.0273902070734167,281673425,-0.0007407489303364878,-0.0007410234203858963,22583.449999999997,22585.847333643098,22586.09,22558.08241371887,22461.29,22495.8011668251,0.0029591836342989755,0.003937246987810662,84.287030402293,62.63155566576097,41.684733267384416,22461.29,22753.757471315686,22168.822528684315,0.026041912224603798,-0.012755786821945529,1.0116166185417446,-365450.0,-0.0007407489303364878,-0.012755786821945529,0.004996570113518243,0.006771259764112303,1,1.0
NIFTY,2024-04-08,22653.0,22773.3,22625.1,22748.5,109833000,10465700,779900,145668325,187864100,11511800,50033000,1.2896702148528172,343998125,0.006771259764112303,0.006748437749319096,22652.083333333332,22667.17366682155,22615.269999999997,22621.5549424794,22509.485,22541.74649056532,0.0035780965081988574,0.003640722053156132,86.53981059277449,81.46649403824631,54.94532019116534,22509.485,22817.739645995465,22201.230354004536,0.027388867048310048,0.07451962123890422,1.0552435834656972,336450.0,0.006771259764112303,0.07451962123890422,0.006514715255950974,-0.0005780600918742218,0,0.0
NIFTY,2024-04-09,22820.0,22845.0,22702.15,22735.35,114493000,11419350,953650,182437875,199478200,36769550,11614100,1.093403439389984,393335425,-0.0005780600918742218,-0.0005782272330239867,22693.11666666667,22701.261833410776,22646.84,22659.48662831966,22549.484999999997,22576.947179634866,0.003495665938304337,0.003719386867609201,78.9436702189949,91.01592667152727,66.96885568471619,22549.484999999997,22861.103773682076,22237.866226317918,0.02763865992345984,0.08351175855018017,1.0743172524659765,1610000.0,-0.0005780600918742218,0.08351175855018017,0.0062831669624614775,0.0033889955509813774,0,1.0
NIFTY,2024-04-10,22785.9,22829.0,22753.0,22812.4,79696000,11433350,14000,185157625,232329800,2719750,32851600,1.254767660797118,428920775,0.0033889955509813774,0.0033832658472034644,22765.416666666668,22756.83091670539,22700.8,22710.457752213162,22604.670000000002,22619.7568340752,0.0031342429644313973,0.0032695434902879007,76.92505133470223,103.92883449205328,79.28884862056141,22604.670000000002,22882.499768823385,22326.84023117662,0.024581625728080377,0.0012244880109504213,1.1351699733620155,1747550.0,0.0033889955509813774,0.0012244880109504213,0.0033315214532447265,-0.009247163823183913,-1,0.0
NIFTY,2024-04-12,22738.05,22767.4,22590.0,22601.45,170291000,10886200,-547150,158047725,136717300,68188250,18287400,0.8650380763152395,305651225,-0.009247163823183913,-0.00929018425930238,22716.400000000005,22679.140458352696,22698.640000000003,22674.12183480875,22631.635000000002,22616.42831556113,0.005993647251782344,0.004911879445212607,52.08098010252849,86.85803365985339,81.81191030033445,22631.635000000002,22833.79810824021,22429.471891759793,0.0178655327589199,-0.0502608807481031,1.1060539196857149,420500.0,-0.009247163823183913,-0.0502608807481031,0.00784905393238051,-0.010802404270522481,-1,0.0
NIFTY,2024-04-15,22420.0,22517.7,22342.0,22357.3,179625000,11622900,736700,180669275,146059250,22621550,9341950,0.8084343616256832,338351425,-0.010802404270522481,-0.010861173857969624,22590.38333333333,22518.220229176346,22651.0,22568.514556539118,22618.545000000002,22569.314038988115,0.00771294692290368,0.005737138966827346,38.192939977061464,45.79068098998687,69.80483386352326,22618.545000000002,22872.34276485315,22364.747235146853,0.02244156419903656,0.06338349293205654,1.0622627505961684,203550.0,-0.010802404270522481,0.06338349293205654,0.007858730705407215,-0.007002187205073951,-1,0.0
NIFTY,2024-04-16,22176.55,22249.8,22113.85,22200.75,157026000,11034550,-588350,209439475,160208600,28770200,14149350,0.7649398471801937,380682625,-0.007002187205073951,-0.007026817562828256,22386.5,22359.485114588173,22541.45,22445.92637102604,22578.36,22502.30235203585,0.006031761298866089,0.005686415507922564,26.393988067921228,-1.122509793836798,46.162385977698946,22578.36,22945.378021961395,22211.341978038607,0.03251060058936025,-0.053318893837990676,0.9573166770616437,-398800.0,-0.007002187205073951,-0.053318893837990676,0.006123666993232244,-0.006556084816954355,-1,0.0
NIFTY,2024-04-18,22229.9,22342.9,22027.55,22055.2,270313000,11490050,455500,290195875,253590650,80756400,93382050,0.8738602848851659,555276575,-0.006556084816954355,-0.006577670337076848,22204.416666666668,22207.342557294087,22405.420000000002,22315.684247350662,22526.129999999997,22421.01097212711,0.005546720383646337,0.005873106001018311,22.995801679328437,-49.69736467612165,14.209135759724845,22526.129999999997,23020.31661837183,22031.943381628163,0.04387674388559721,0.03964299546129042,0.9134080461606799,603850.0,-0.006556084816954355,0.03964299546129042,0.014298215386847645,0.0033325474264571664,0,1.0
NIFTY,2024-04-19,21989.9,22168.9,21813.6,22128.7,248988000,10340100,-1149950,132492225,136601100,16054500,28867350,1.0310121971308128,279433425,0.0033325474264571664,0.0033270067964780254,22128.216666666664,22168.021278647044,22268.68,22253.356164900433,22484.739999999998,22367.863499554358,0.005522726985917051,0.006141248214262339,16.34813769138907,-73.88759958814262,-15.156442689585079,22484.739999999998,23038.532562046283,21930.947437953713,0.04925941434468753,-0.11121265751781897,0.868656953427419,-1282800.0,0.0033325474264571664,-0.11121265751781897,0.01605607197892343,0.010371146972031786,1,1.0
NIFTY,2024-04-22,22261.25,22399.0,22186.0,22358.2,117528000,9639250,-700850,150674775,171257750,18182550,34656650,1.136605314326834,331571775,0.010371146972031786,0.0103177356013135,22180.7,22263.110639323524,22220.030000000002,22288.304109933626,22459.335,22366.1064990107,0.008727214920190756,0.00714034851836586,33.41833369971437,-63.29142822122958,-31.201437866807478,22459.335,23010.432242981882,21908.237757018116,0.04907511669262541,-0.07270793889566098,0.9229704010297379,-1395300.0,0.010371146972031786,-0.07270793889566098,0.009526706085463051,0.0005747332075032308,0,1.0
NIFTY,2024-04-23,22448.0,22448.0,22345.0,22371.05,97461000,8797200,-842050,174857975,185711000,24183200,14453250,1.0620676580521993,369366175,0.0005747332075032308,0.0005745681116276866,22285.983333333334,22317.080319661763,22222.780000000002,22315.886073289083,22436.89,22367.00531763385,0.007261302037063577,0.007159921704474834,29.434788686454382,-52.97534736114176,-38.45940769825452,22436.89,22981.585200802972,21892.194799197026,0.0485535384630377,-0.09571795571318147,0.9736970603150411,-2692850.0,0.0005747332075032308,-0.09571795571318147,0.004604164757577315,0.0019511824433811054,0,1.0
NIFTY,2024-04-24,22440.0,22488.0,22382.0,22414.7,111041000,7429650,-1367550,197666575,204748550,22808600,19037550,1.0358278833940437,409844775,0.0019511824433811054,0.0019492813594235137,22381.31666666667,22365.89015983088,22265.57,22348.82404885939,22403.51,22375.677080127985,0.006063637998241766,0.006729847948817073,39.690863924924095,-39.68583039504665,-38.86821526385198,22403.51,22902.312253848613,21904.707746151384,0.0445289379966456,-0.18406654418445015,1.027874667557811,-2910450.0,0.0019511824433811054,-0.18406654418445015,0.004729039425020187,0.007535233574395228,1,1.0
NIFTY,2024-04-25,22370.0,22647.15,22317.0,22583.6,189252000,6649400,-780250,301797375,319835150,104130800,115086600,1.059767832639366,628281925,0.007535233574395228,0.00750698551694201,22456.45,22474.74507991544,22371.25,22427.082699239596,22388.335,22413.48125473911,0.004081365567444746,0.007311470947015627,63.6243226971704,-10.753615968304075,-29.496682165334704,22388.335,22850.128660150905,21926.541339849093,0.04125305969835688,-0.11734141426294102,1.065056177108651,-2989850.0,0.007535233574395228,-0.11734141426294102,0.014619015568819917,0.00938955702368105,1,1.0
NIFTY,2024-04-26,22985.0,22985.0,22772.6,22795.65,2327000,29650,29650,132300475,126774475,41454250,10464075,0.9582314424797038,259104600,0.00938955702368105,0.009345749144017612,22597.983333333334,22635.19753995772,22504.64,22549.938466159736,22386.659999999996,22482.966492220978,0.004437709457519088,0.007901770610420541,83.57223476297978,33.07309486903978,-8.64008982054127,22386.659999999996,22841.689397829305,21931.630602170688,0.04065183442543984,1.0,1.0505000261784294,-8767550.0,0.00938955702368105,1.0,0.009317567167420163,0.0072777042988463325,1,1.0
NIFTY,2024-04-29,22799.0,22971.0,22790.05,22961.55,3815000,61150,31500,132320525,163205100,20050,36430625,1.2334072888540912,295586775,0.0072777042988463325,0.007251349599472481,22780.266666666666,22798.37376997886,22625.31,22687.14231077316,22422.670000000002,22569.981686796615,0.0038459183262206423,0.007480257192131351,0.0,80.98802729654562,21.235949218489544,22422.670000000002,22995.096806966052,21850.24319303395,0.05105786304361168,0.5151267375306623,1.069860421083881,-7368500.0,0.0072777042988463325,0.5151267375306623,0.007880565554154695,-0.001023450071968135,0,0.0
NIFTY,2024-04-30,22999.0,23058.75,22921.0,22938.05,4581000,81925,20775,158267575,175668625,25947050,12463525,1.1099470311590987,334018125,-0.001023450071968135,-0.001023974154605163,22898.416666666668,22868.211884989432,22738.71,22770.778207182106,22480.745,22636.903205425733,0.004371996238808649,0.006208852045499237,97.25579494365621,109.50373394705821,50.65854412801364,22480.745,23135.600119600265,21825.889880399733,0.05825920089394425,0.25358559658223984,1.0794362957052608,-6567475.0,-0.001023450071968135,0.25358559658223984,0.006005305594852222,0.002814101460237417,0,1.0
NIFTY,2024-05-02,22926.55,23025.0,22926.55,23002.6,4001000,116725,34800,238483075,272257250,80215500,96588625,1.1416208466785327,510857050,0.002814101460237417,0.0028101492895265734,22967.399999999998,22935.405942494715,22856.29,22848.052138121406,22560.93,22703.393537514185,0.004235162107308939,0.005222283648263045,96.60109921897597,133.68616086175462,78.33441637259472,22560.93,23258.39154366309,21863.468456336912,0.06182914832527634,0.2981366459627329,1.1005948883621586,87075.0,0.002814101460237417,0.2981366459627329,0.00427995096206519,-0.00829688817785812,-1,0.0
NIFTY,2024-05-03,23070.0,23105.0,22721.05,22811.75,8422000,157250,40525,148098625,131844125,59998275,19271175,0.8902454361071888,280100000,-0.00829688817785812,-0.00833149892854747,22917.466666666664,22873.57797124736,22901.920000000002,22835.951425414274,22636.585,22723.094713918228,0.007040675528044378,0.005611704202734681,75.34506556245697,125.89973935245871,94.18952403254966,22636.585,23249.203935482015,22023.966064517983,0.054126444910485946,0.2577106518282989,1.066690409055723,96100.0,-0.00829688817785812,0.2577106518282989,0.01683123828728619,-0.0007101603340383678,0,0.0
NIFTY,2024-05-06,22877.0,22924.45,22755.9,22795.55,3401000,166425,9175,169859125,144856300,21760500,13012175,0.8528025797848658,314881850,-0.0007101603340383678,-0.0007104126173365206,22869.966666666664,22834.56398562368,22901.9,22822.484283609516,22703.269999999997,22736.268403066293,0.0057287329829933675,0.005760165867340033,72.61713878496347,115.60798377623723,101.32901061377895,22703.269999999997,23205.391373552036,22201.148626447957,0.04423339664744679,0.05512993841069551,1.0456046365167553,84500.0,-0.0007101603340383678,0.05512993841069551,0.007393986984301729,-0.007150518412584961,-1,0.0
NIFTY,2024-05-07,22803.55,22814.2,22571.8,22632.55,6059000,190150,23725,193580175,150187275,23721050,5330975,0.7758401654508268,343957600,-0.007150518412584961,-0.007176205895160226,22746.61666666667,22733.556992811842,22836.1,22759.172855739675,22730.705,22717.410510698377,0.004694612853527707,0.005927379907036472,52.927456491836665,87.52796876226785,96.72866332994188,22730.705,23175.769009004456,22285.640990995547,0.03915971889164497,0.12476991848540626,0.9540912118361025,73425.0,-0.007150518412584961,0.12476991848540626,0.01071023813048028,0.0003335903378098859,0,1.0
NIFTY,2024-05-08,22639.2,22729.0,22545.0,22640.1,4872000,202425,12275,216783750,167065025,23203575,16877750,0.7706528971844061,384051200,0.0003335903378098859,0.0003335347089243078,22689.399999999998,22686.82849640592,22776.510000000002,22719.48190382645,22757.609999999997,22703.35405365808,0.004864454596497631,0.0059308592182707965,37.6850605652756,66.79229336946082,86.74987334311483,22757.609999999997,23133.141146215305,22382.07885378469,0.033002687559485176,0.06063974311473385,0.8862323850411642,45175.0,0.0003335903378098859,0.06063974311473385,0.008127172583159968,-0.013650558080573805,-1,0.0
NIFTY,2024-05-09,22640.0,22640.0,22307.8,22331.05,8595000,260200,57775,308664925,217904750,91881175,50839725,0.7059588970142947,526829875,-0.013650558080573805,-0.013744583596214896,22534.566666666666,22508.939248202958,22642.2,22590.00460255097,22749.245,22635.662405372623,0.0057700081100269755,0.007546778044554945,9.306828449722317,16.46980705108581,63.323184579105074,22749.245,23160.729913858744,22337.760086141254,0.03617569847779521,0.22204073789392775,0.7990999951083164,93775.0,-0.013650558080573805,0.22204073789392775,0.014876147785258675,0.0026801247590240163,0,1.0
NIFTY,2024-05-10,22338.45,22479.95,22315.0,22390.9,4437000,264425,4225,138586775,126702075,17612300,17631350,0.9142436210092918,265553275,0.0026801247590240163,0.0026765396289639702,22454.016666666666,22449.91962410148,22558.03,22523.63640170065,22729.975,22591.16014868535,0.006648959813088018,0.007127804253934277,16.269033968312783,-12.077927924397954,38.18948041127067,22729.975,23191.002437722895,22268.947562277102,0.040565591270812766,0.01597806561406826,0.803899632088737,74275.0,0.0026801247590240163,0.01597806561406826,0.007366832061239196,0.0024474228369559814,0,1.0
NIFTY,2024-05-13,22375.0,22469.5,22160.0,22445.7,7606000,278450,14025,149091475,143920225,10504700,17218150,0.9653149182406304,293290150,0.0024474228369559814,0.002444432775320932,22389.216666666664,22447.809812050742,22488.059999999998,22497.657601133767,22694.98,22564.71284835792,0.007135985150262358,0.006312971651365695,15.25021839510805,-25.427705281286762,16.98375184708483,22694.98,23186.002398674445,22203.957601325554,0.04327145462780279,0.050368109175794575,0.82640209977989,76025.0,0.0024474228369559814,0.050368109175794575,0.013788832604908735,0.004611128189363711,0,1.0
NIFTY,2024-05-14,22470.35,22596.9,22419.0,22549.2,5322000,280875,2425,157334325,161064675,8242850,17144450,1.0237097022534656,318679875,0.004611128189363711,0.004600529506542094,22461.933333333334,22498.504906025373,22471.390000000003,22514.838400755845,22653.745,22561.892330425235,0.007387889316368081,0.00594531219116878,31.61285804328041,-22.529652374232683,3.8126171066456473,22653.745,23113.53757751005,22193.952422489947,0.04059307434687307,0.008633733867378727,0.8759760071404177,20675.0,0.004611128189363711,0.008633733867378727,0.007889415145548466,-0.0008936015468398173,0,0.0
NIFTY,2024-05-15,22569.95,22610.0,22462.95,22529.05,3633000,280525,-350,188325400,172796000,30991075,11731325,0.9175395352936991,361401925,-0.0008936015468398173,-0.0008940010467156104,22507.983333333337,22513.777453012684,22449.18,22519.575600503897,22612.845,22555.92099753503,0.007364665217949244,0.005947324821670573,31.43891906950833,-22.20860470668049,-4.861123497796403,22612.845,23031.128339509378,22194.561660490624,0.036995198039819994,-0.0012476606363069245,0.9053533347622764,16100.0,-0.0008936015468398173,-0.0012476606363069245,0.006527128307673838,0.006853373755218328,1,1.0
NIFTY,2024-05-16,22584.8,22716.6,22412.0,22683.45,9109000,288775,8250,226657525,265773100,38332125,92977100,1.1725756733644737,492719400,0.006853373755218328,0.0068299961388864966,22587.233333333334,22598.613726506344,22519.66,22574.200400335932,22580.93,22579.108089164303,0.002868555913540857,0.006413061868166309,53.588044550965826,-4.283107997893239,-4.668451664495349,22580.93,22905.17447292472,22256.685527075282,0.02871843391080156,0.02856895506882521,0.9986766900323122,10325.0,0.006853373755218328,0.02856895506882521,0.013428292433470154,0.0017391534356545613,0,1.0
NIFTY,2024-05-17,22679.95,22765.0,22645.0,22722.9,4498000,303875,15100,117259400,144718100,19090475,27415975,1.234170565430149,262281375,0.0017391534356545613,0.0017376428594804189,22645.133333333335,22660.756863253173,22586.06,22623.766933557286,22572.045000000002,22605.252073203545,0.0029363101169825124,0.005980633807547095,55.58553696708057,12.598827280929981,1.0873079839797621,22572.045000000002,22872.149242814994,22271.94075718501,0.026590788988325353,0.049691484985602635,1.0626620789164836,23000.0,0.0017391534356545613,0.049691484985602635,0.005281016067491385,0.004627490329139228,0,1.0
NIFTY,2024-05-21,22774.0,22892.0,22745.0,22828.05,5467000,324700,19775,145968025,168425025,25021725,17877650,1.1538487624258806,314717750,0.004627490329139228,0.004616816412064488,22744.8,22744.403431626586,22662.530000000002,22691.861289038192,22575.295000000002,22645.76078748465,0.0030038308748758027,0.006182095339183387,96.24976735529474,35.64233166127815,12.605649209745891,22575.295000000002,22886.64989022444,22263.940109775565,0.027583682979508042,0.060902371419772096,1.1003688477535336,44175.0,0.004627490329139228,0.060902371419772096,0.006439446207626144,0.002155243220511638,0,1.0
NIFTY,2024-05-22,22826.15,22891.3,22775.05,22877.25,4472000,336875,12175,158871225,189997200,12903200,21572175,1.195919525389195,349205300,0.002155243220511638,0.0021529240155445726,22809.400000000005,22810.826715813295,22728.14,22753.65752602546,22599.765,22687.849735485142,0.002954105605399656,0.00563566793313471,96.17392955473248,56.16016185198896,27.12382009049358,22599.765,22964.931677468438,22234.59832253156,0.032315971203102166,0.03614100185528757,1.1348108123806795,48100.0,0.002155243220511638,0.03614100185528757,0.00508146739664951,0.013443486433028395,1,1.0
NIFTY,2024-05-23,22877.2,23201.0,22866.5,23184.8,15787000,414375,77500,242117100,295019650,83245875,105022450,1.218499849866036,537551125,0.013443486433028395,0.013353924559004084,22963.366666666665,22997.81335790665,22859.29,22897.371684016976,22654.234999999997,22778.204329508288,0.004761182004809752,0.006836889176947656,97.41467795740294,103.13040223829739,52.45934747309485,22654.234999999997,23175.34463241913,22133.125367580862,0.0460054936676639,0.1870286576168929,1.1950028752951467,110500.0,0.013443486433028395,0.1870286576168929,0.01442755598495566,0.0017489907180565645,0,1.0
NIFTY,2024-05-24,23120.0,23286.95,23120.0,23225.35,7400000,438025,23650,134902725,153255300,40880825,24306775,1.1360430265585815,288596050,0.0017489907180565645,0.0017474630148237764,23095.8,23111.581678953324,22967.67,23006.69778934465,22743.665,22859.503542674644,0.005009877181298703,0.003940324588489027,97.18752180891877,137.56271523003306,80.82713672540758,22743.665,23322.071185709203,22165.2588142908,0.05086305885258176,0.053992352034701215,1.1876963459339682,113325.0,0.0017489907180565645,0.053992352034701215,0.0071882662693996315,-0.0008073075325022439,0,0.0
NIFTY,2024-05-27,23257.0,23374.0,23150.0,23206.6,12390000,492075,54050,156226575,159141225,21323850,5885925,1.0186565569910242,315859875,-0.0008073075325022439,-0.0008076335807208605,23205.583333333332,23159.09083947666,23064.41,23073.3318595631,22825.235,22922.61198968316,0.005497289255551244,0.004209483761403091,97.37780574784979,155.88784159162242,105.84737168081251,22825.235,23412.535748339385,22237.934251660616,0.05146065294305928,0.10984097952547885,1.1445935442461432,155200.0,-0.0008073075325022439,0.10984097952547885,0.00965242646488499,-0.00176889333206931,0,0.0
NIFTY,2024-05-28,23202.35,23262.0,23141.45,23165.55,10241000,567725,75650,174442100,164498225,18215525,5357000,0.9429961288014762,339508050,-0.00176889333206931,-0.0017704596712766205,23199.166666666668,23162.32041973833,23131.909999999996,23104.071239708734,22897.219999999998,22966.782537140673,0.006094516812459728,0.004535461592209593,90.06149243809215,160.14690881631395,123.94721739264632,22897.219999999998,23453.407003324122,22341.032996675873,0.048581181761290226,0.133251133911665,1.1024230175212626,153350.0,-0.00176889333206931,0.133251133911665,0.005203847955261121,-0.007701090628109308,-1,0.0
NIFTY,2024-05-29,23141.0,23141.05,22972.0,22987.15,13775000,567000,-725,221172075,174298075,46729975,9799850,0.7880654689340867,396037150,-0.007701090628109308,-0.007730897153656091,23119.766666666666,23074.735209869166,23153.89,23065.097493139154,22941.015000000003,22970.48571221473,0.007778849721041293,0.005638170637437033,67.83906028488505,139.31514859739764,129.06986112756343,22941.015000000003,23441.598404195105,22440.4315958049,0.04364091163316897,-0.0012786596119929454,1.020852206230241,128975.0,-0.007701090628109308,-0.0012786596119929454,0.007354108708561055,-0.009187741847075492,-1,0.0
NIFTY,2024-05-30,22925.0,22950.0,22712.4,22775.95,19195000,669550,102550,320272550,213828150,99100475,39530075,0.6676443235612918,534770250,-0.009187741847075492,-0.009230209468369428,22976.216666666664,22925.342604934584,23072.12,22968.7149954261,22965.704999999998,22935.11558265297,0.0046848015294193605,0.006624982548746214,46.92334947443021,98.00657552146731,118.71543259219806,22965.704999999998,23395.30365365504,22536.106346344957,0.03741218949342429,0.15316257187663357,0.9106811009692921,177475.0,-0.009187741847075492,0.15316257187663357,0.010432056621128801,0.0028868170153166783,0,1.0
