symbol,date,open,high,low,close,volume,fut_oi,fut_oi_change,call_oi,put_oi,call_oi_change,put_oi_change,total_oi,pcr_oi,pcr_volume,atm_call_oi,atm_put_oi,atm_pcr,otm_call_oi,otm_put_oi,max_pain,max_pain_distance,return_1d,return_5d,return_10d,return_20d,intraday_range_pct,close_to_high_pct,gap_pct,sma_20,sma_50,price_vs_sma20,price_vs_sma50,log_return,rsi_14,rsi_signal,macd,macd_signal,macd_histogram,bb_position,bb_width,sma_crossover_5_20,ema_crossover_9_21,stochastic_k,stochastic_d,atr_pct,iv_current,iv_percentile,iv_rank,delta_proxy,gamma_proxy,theta_proxy,vega_proxy,iv_hv_ratio,pcr,pcr_ma5,pcr_change,max_pain_distance_pct,call_oi_change_pct,put_oi_change_pct,oi_buildup_signal,hv_10,hv_20,hv_ratio,volatility_regime,volatility_trend,range_volatility,momentum_5d,momentum_10d,trend_strength,price_acceleration,volume_trend,oi_trend,future_return,label,_symbol
NIFTY,2024-01-01,21849.8,22025.0,21811.2,21888.9,10930900,12621600,-168750,141497825,160731175,22149350,27625600,314850600,1.135926824316911,0.8633515958929785,69982800,49189750,0.702883422783884,56374700,109094175,21000.0,-0.040609624056028464,0.0,0.0,0.0,0.0,0.009767507732229544,0.36342376052368874,0.0,21888.9,21888.9,0.0,0.0,0.0,50.0,0,0.0,0.0,0.0,0.0,0.0,0,0,36.34237605236888,36.34237605236888,0.009767507732229544,0.09299632459139714,100.0,0.0,0.5,0.0,0.0,0.0,0.0,1.135926824316911,1.135926824316911,0.0,-0.040609624056028464,0.0,0.0,0,0.0,0.0,0.0,0,0,0.009767507732229544,0.0,0.0,0.0,0.0,0.0,0.0,-0.00603730658004753,0.0,NIFTY
NIFTY,2024-01-02,21820.0,21869.95,21674.0,21756.75,16784700,11836050,-785550,174991175,161531425,33493350,800250,348358650,0.9230832640560303,0.9522067535188964,84986000,55013150,0.6473201468477161,76526700,103596275,21000.0,-0.03478230893860526,-0.00603730658004753,0.0,0.0,0.0,0.009006400312546714,0.4223016075527301,-0.00314771413821624,21822.825,21822.825,-0.0030277931477707964,-0.0030277931477707964,-0.006055604800569104,0.0,-1,-2.964903846153902,-1.6471688034188345,-1.3177350427350676,0.32322330470327515,0.017127784534550862,0,-1,23.57549857549186,29.95893731393037,0.009852114860905254,0.08947249792479657,50.0,0.0,0.049539803868058375,0.0,-0.10642523787472524,0.0,0.0,0.9230832640560303,1.0295050441864706,-0.2128435602608807,-0.03478230893860526,0.23670575855141238,0.004978810115710284,1,0.0,0.0,0.0,0,0,0.009386954022388129,0.0,0.0,49.999999999843766,0.0,0.21120957150485653,0.05052409929445334,-0.0072046606225654175,0.0,NIFTY
NIFTY,2024-01-03,21729.9,21729.9,21579.0,21600.0,13561600,11837550,1500,236011625,180611325,61020450,19079900,428460500,0.7652645288129345,0.9212934338423879,132655900,79458600,0.5989827817684702,91462050,97728225,22000.0,0.018518518518518517,-0.0072046606225654175,0.0,0.0,0.0,0.006986111111111178,0.1391650099402643,-0.0012340997621427163,21748.55,21748.55,-0.006830340413498837,-0.006830340413498837,-0.0072307395251651795,0.0,-1,-8.638684114976058,-4.5125439311062205,-4.126140183869838,0.24321424112037557,0.026599373903370672,0,-1,4.708520179371142,21.542131602410624,0.009358796296296308,0.08251132312725803,33.33333333333333,0.0,0.0,0.0011673540425178874,-0.16818299501385736,0.0,6.296883869944742,0.7652645288129345,0.9414248723952919,-0.15781873524309575,0.018518518518518517,0.3487058704531814,0.1181188118658645,1,0.013103516628502428,0.013103516628502428,0.9999999923684609,0,0,0.008586673051962479,0.0,0.0,66.66666666647545,-0.0011673540425178874,-0.014351748665122566,0.17744537668099714,0.008608796296296406,1.0,NIFTY
NIFTY,2024-01-04,21640.0,21810.0,21616.1,21785.95,12177400,11625050,-212500,265231475,264716175,29219850,84104850,541572700,0.9980571687428877,1.0120245939506476,181397800,115943450,0.6391667925410341,70156450,146038425,21650.0,-0.006240260351281478,0.008608796296296406,0.0,0.0,0.0,0.008900231571265033,0.8759669932950661,0.001851851851851852,21757.9,21757.9,0.0012891869160167602,0.0012891869160167602,0.008571951915632717,39.159734653048304,0,-4.293864467465028,-4.438465522013676,0.14460105454864802,0.5586540952457439,0.02197948686469007,0,-1,46.40134529146958,24.895121348777526,0.009368996991180104,0.08317546643575528,50.0,0.0633422231207629,0.4308777409428662,0.008490405480689855,-0.20012092928851835,0.0,0.5945758281557154,0.9980571687428877,0.9555829464821909,0.23279263992995325,-0.006240260351281478,0.1238068251934624,0.46566764293435087,1,0.13989042681788033,0.13989042681788033,0.9999999992851547,0,0,0.008665062681788117,0.0,0.0,62.17579250702957,0.015813456918861823,-0.08876691622423516,0.32637429305122456,0.0003626190274006458,1.0,NIFTY
NIFTY,2024-01-05,21779.8,21831.0,21677.0,21793.85,13503000,11861300,236250,123407925,133596525,37120900,28154850,268865750,1.0825603380009834,0.9357748160747137,58533700,43076400,0.735924774958699,51957850,87819575,21000.0,-0.0364254135914489,0.0003626190274006458,0.0,0.0,0.0,0.007066213633662708,0.7587662337657317,-0.00028229202766009537,21765.09,21765.09,0.0013213820847972624,0.0013213820847972624,0.00036255329701070926,40.15535991714108,0,-1.5281986228546884,-3.572726915647961,2.0445282927932724,0.5686199161094013,0.01925653891339481,0,-1,48.17264573989919,33.094170403579966,0.008905723403620754,0.08028395230127824,20.0,0.0,0.47134227214649416,0.00840899607675849,-0.024204112395194544,0.0,0.6967966371881982,1.0825603380009834,0.9809784247859493,0.08450316925809565,-0.0364254135914489,0.13995661713980212,0.10635863108856117,1,0.11521862756911476,0.11521862756911476,0.9999999991320848,0,0,0.008345292872163037,0.0,0.0,57.60742068426877,-0.00824617726889576,0.008324671135166106,-0.2932427555908754,-0.009833049231778634,0.0,NIFTY
NIFTY,2024-01-08,21789.5,21810.9,21562.75,21579.55,14503400,11760350,-100950,158449675,133495825,35041750,-100700,303705850,0.8425124570309154,1.005675479515982,77629000,53557950,0.6899219363897513,69171300,76662725,21000.0,-0.02685644510659394,-0.009833049231778634,-0.0141327339427747,0.0,0.0,0.011499313006990482,0.06770098730603427,-0.00019959759289884738,21734.166666666668,21734.166666666668,-0.007113991027951516,-0.007113991027951516,-0.009881712931527937,27.81005666738379,-1,-9.0005268044697,-5.043962465354608,-3.9565643391150926,0.17922247355522977,0.022177336133231716,-1,-1,3.6343969713349136,32.73612933423456,0.009411688380897672,0.08575930896546026,66.66666666666666,0.4307108457928681,0.32254876514558567,0.008855664122363688,-0.04527964408175689,0.0,0.7292697169357506,0.8425124570309154,0.9222955513287502,-0.24004788097006802,-0.02685644510659394,0.2839505647631625,-0.0007537621206839025,0,0.11759614707830898,0.11759614707830898,0.999999999149632,0,0,0.008870962894634278,-0.0141327339427747,0.0,57.14296564114099,-0.01019566825917928,0.06824615460158845,-0.19695473225566573,0.0017284883141677199,1.0,NIFTY
NIFTY,2024-01-09,21680.2,21807.8,21592.4,21616.85,15813900,11713500,-46850,163555425,143930425,5105750,10434600,319199350,0.8800100944374055,1.0200839333322747,82373400,61398400,0.7453668295833363,69404750,79253625,21700.0,0.00384653638249798,0.0017284883141677199,-0.0064301883323566456,0.0,0.0,0.009964449029345063,0.11350974930355612,0.00466413803809632,21717.407142857144,21717.407142857144,-0.004630255453410226,-0.004630255453410226,0.0017269961973984426,31.476816232041713,0,-11.947819865392376,-6.791144595148264,-5.156675270244111,0.2880384064842365,0.021844785069835098,-1,-1,11.703623580310836,21.170222097181647,0.00956165478054654,0.08708244109535755,71.42857142857143,0.5347930807442088,0.3869013923792309,0.009396838807080221,-0.034197560987081134,0.0004977469760394544,0.7972027256686793,0.8800100944374055,0.9136809174050253,0.03749763740649015,0.00384653638249798,0.0322231648629131,0.07816424221506553,1,0.10923500160212585,0.10923500160212585,0.9999999990845425,0,0,0.00902717519959296,-0.0064301883323566456,0.0,56.81121203890286,0.011561537545946354,0.13798420764246488,-0.14276872247814032,0.004267504284851897,1.0,NIFTY
NIFTY,2024-01-10,21579.8,21737.0,21501.0,21709.1,13978900,11488300,-225200,186240175,197661125,22684750,53730700,395389600,1.0613237718446087,0.9887018109972473,115650200,87602500,0.7574781539504472,58269550,107030925,21500.0,-0.009631905514277356,0.004267504284851897,0.005050925925925931,0.0,0.0,0.010871017223192118,0.8817796610165693,-0.0017139407452981944,21716.36875,21716.36875,-0.0003347129570178131,-0.0003347129570178131,0.0042584243118246245,39.12412291313796,0,-9.344572935686301,-7.40478144261014,-1.9397914930761608,0.4834567025328993,0.02023254177020816,-1,-1,39.71374045800741,18.35058700321772,0.009689772952356398,0.08938306563331228,75.0,0.7157683123809848,0.46365325799118573,0.00967117119271348,-0.03594775964773293,0.00011299849359455195,0.837661333527906,1.0613237718446087,0.9728927660113602,0.18131367740720317,-0.009631905514277356,0.13869763109355743,0.3733102295779367,1,0.10670549298616805,0.10670549298616805,0.9999999990628412,0,1,0.009257655452542856,0.005050925925925931,0.0,57.52013616719131,0.0025390159706841775,0.005189935085363473,0.08104776899528687,-0.0014118503300458718,0.0,NIFTY
NIFTY,2024-01-11,21758.1,21773.8,21627.0,21678.45,11307100,11717550,229250,288486575,246805525,102246400,49144400,547009650,0.8555182333874636,1.0360391300821294,187190900,127299050,0.6800493506895902,88669050,116390625,21650.0,-0.0013123631993985144,-0.0014118503300458718,-0.004934372841211898,0.0,0.0,0.006771701851377717,0.3504768392368252,0.0022571179827814143,21712.155555555553,21712.155555555553,-0.0015523818199123518,-0.0015523818199123518,-0.0014128479298080236,37.725284339457474,0,-8.92034979089658,-7.754885249837655,-1.1654645410589248,0.4186048537626275,0.019072166974023644,-1,-1,33.86450381678757,28.427289285035272,0.009377720475608016,0.08697004656839305,55.55555555555556,0.5259517312686488,0.4609624907768597,0.0076443507319206684,-0.05984240012467792,0.0008563937831617199,0.8802605577742114,0.8555182333874636,0.9443849789402753,-0.2058055384571451,-0.0013123631993985144,0.5490029205567488,0.248629567397231,1,0.09880034463917783,0.09880034463917783,0.9999999989878579,0,-1,0.008981438385746728,-0.004934372841211898,0.0,56.91759486389507,-0.005679354614897769,-0.1696870698566998,0.4911638243822738,0.012387878284655818,1.0,NIFTY
NIFTY,2024-01-12,21745.0,21995.0,21731.0,21947.0,15091200,11930100,212550,125055975,179302675,35041000,76386000,316288750,1.4337793536054555,0.8017275909085152,57411650,53913100,0.9390620196423548,52272300,122597775,21000.0,-0.04314940538570192,0.012387878284655818,0.007027211805165301,0.0,0.0,0.012028978903722605,0.8181818181815083,0.0030698689251306838,21735.64,21735.64,0.009724121304916844,0.009724121304916844,0.012311776370071656,52.58038728015628,0,5.343198033322551,-4.820154251718651,10.163352285041203,0.9308384407658654,0.02257022675977266,-1,1,85.11450381677764,52.89758269719088,0.009779013076958129,0.09018153611396756,90.0,0.7785788135330691,0.5890093484200754,0.008755061001081855,-0.07619450881743586,0.0007367587896842795,0.7703796892175533,1.4337793536054555,1.0146287820611697,0.5782611202179919,-0.04314940538570192,0.12146492432100177,0.30949874400097,1,0.11706115477748863,0.11706115477748863,0.9999999991457457,0,0,0.009286192437544315,0.007027211805165301,0.0,52.213977669993064,0.01379972861470169,0.09632907888800823,-0.15951877908572376,0.008488631703649663,1.0,NIFTY
NIFTY,2024-01-15,22050.2,22149.9,21995.0,22133.3,10345800,12384650,454550,135535125,205752075,10479150,26449400,353671850,1.5180719758070094,0.9041114628956819,71867050,65808250,0.9156943272334123,46011150,138020075,22000.0,-0.006022599431625617,0.008488631703649663,0.02566086873915352,0.011165476565747845,0.0,0.00699850451582012,0.8928340865068347,0.0047022372078188695,21771.79090909091,21771.79090909091,0.016604471925097286,0.016604471925097286,0.008452805868326469,59.313314533953154,0,25.50056904482335,1.8138467548900583,23.686722289933293,1.0409457132780882,0.030695264825135248,1,1,97.44182462627529,72.14027741994683,0.009648563271385002,0.08831936220125504,63.63636363636363,0.6320936528120098,0.6583518344197565,0.0074957766654472294,-0.0739167443898509,0.001961206062370451,0.7501205041833077,1.5180719758070094,1.1497406858163886,0.08429262220155387,-0.006022599431625617,0.08379567629615459,0.14751257893949435,1,0.11774023191433826,0.11774023191433826,0.9999999991506727,0,0,0.009009292115903374,0.02566086873915352,0.011165476565747845,48.19454425609554,-0.003899246581006155,-0.24520125194248066,-0.08449130112087688,-0.004689766099045256,0.0,NIFTY
NIFTY,2024-01-16,22089.9,22138.0,21964.7,22029.5,10321500,12209500,-175150,163959425,199299875,28424300,-6452200,375468800,1.2155438761754622,0.9953591699458151,78681250,72305450,0.918966716975137,70624250,123806775,22000.0,-0.0013391134614948138,-0.004689766099045256,0.019089275264434935,0.01253633929699971,0.0,0.007866724165323738,0.3739180611653904,-0.0019608463265756945,21793.266666666666,21793.266666666666,0.0108397394914026,0.0108397394914026,-0.004700797555557288,54.96503990394799,0,34.23017955029354,8.775515550837607,25.454663999455935,0.8359155725746489,0.03226923779780961,1,1,81.44552319308328,88.00061721204541,0.009541750834108815,0.08728166565008469,58.333333333333336,0.5504647861201456,0.6697891342793831,0.007819148716796943,-0.07603986693064366,0.0002666708486948688,0.7581421871886214,1.2155438761754622,1.2168474421639996,-0.30252809963154714,-0.0013391134614948138,0.20971906728975237,-0.031359100509678946,0,0.11561673881738913,0.11512572054317735,1.0042650605917478,0,0,0.008895324501181075,0.019089275264434935,0.01253633929699971,44.56735970849282,-0.013178397802694919,-0.20970905900134607,-0.055580570287081854,-0.01997094804693711,0.0,NIFTY
NIFTY,2024-01-17,21743.7,21854.75,21563.3,21589.55,22966400,11165700,-1043800,246508875,172405975,82549450,-26893900,430080550,0.6993905391844412,0.938929821473143,103677500,78439850,0.7565754382580598,132944400,83568425,22000.0,0.019011512514156188,-0.01997094804693711,-0.005506907241663583,-0.0004837962962963571,0.0,0.013499586605556889,0.09006690684505379,-0.012973512789668367,21777.596153846152,21777.596153846152,-0.008634844384004303,-0.008634844384004303,-0.02017306290685516,41.93496241614346,0,15.398247439086845,10.177115712234906,5.221131726851938,0.2352322307227696,0.03261289849431841,1,1,13.646170442284701,64.17783942054776,0.010648314008041292,0.09106185467032396,92.3076923076923,0.8478277726841283,0.561434795819645,0.010367581912238476,-0.057391418251891604,0.0035623327952817776,0.6292747567235051,0.6993905391844412,1.1444607956319663,-0.5161533369910211,0.019011512514156188,0.5034748688585606,-0.13494188092190224,0,0.15340548857949765,0.14470921268403564,1.0600948317536656,1,1,0.009546672050625647,-0.005506907241663583,-0.0004837962962963571,43.11590008401721,-0.015281181947891853,0.640356378108202,0.06322962210106642,-0.0028763915875966717,0.0,NIFTY
NIFTY,2024-01-18,21461.95,21574.0,21316.8,21527.45,22782600,11089750,-75950,280598925,266732375,34090050,94326400,558421050,0.9505823124589661,1.0368559360973393,127256250,126915450,0.9973219390010314,143701100,126838575,21450.0,-0.0035977321977289796,-0.0028763915875966717,-0.006965442640041175,-0.011865445390263019,0.0,0.011947536749591833,0.8190124416793116,-0.005910266772582038,21759.72857142857,21759.72857142857,-0.01067469985510583,-0.01067469985510583,-0.0028805363517638446,40.5771787585703,0,-2.4967739509120292,7.525728538515913,-10.022502489427943,0.18306774220668803,0.03368132966152095,1,-1,25.28507982234733,40.12559115257178,0.010821233886436693,0.09291821145679477,92.85714285714286,0.9938553377603152,0.46395383727023465,0.01265062228112701,-0.04037949404177745,0.003964308844126251,0.6695989549729557,0.9505823124589661,1.163473611446267,0.2511917732745249,-0.0035977321977289796,0.13829136983404755,0.5471179290624933,1,0.14600161731134972,0.13876695998366323,1.0521353009630294,0,1,0.009851402568458328,-0.006965442640041175,-0.011865445390263019,42.67436792540366,0.017094556459340438,0.5126502352374085,0.3727630140845486,0.0067216507296499195,1.0,NIFTY
NIFTY,2024-01-19,21627.0,21708.0,21579.3,21672.15,12583200,11172000,82250,136215075,130553275,24559350,26124950,277940350,0.9584348501808628,0.9745736271908914,58040250,45347300,0.781307799328914,68015700,81306125,22000.0,0.015127709987241621,0.0067216507296499195,-0.012523351710939878,-0.00558414415075803,0.0,0.005938497103425397,0.7214452214446738,0.004624328473646404,21753.89,21753.89,-0.003757488890492544,-0.003757488890492544,0.006699161157170324,44.74583666642425,0,-7.373720520990901,4.437169724068801,-11.810890245059703,0.38519751188602996,0.0327300300910214,1,-1,42.65394310406417,27.195064456232075,0.010639395326655251,0.09095305693021566,80.0,0.8392693591347528,0.5179263549206146,0.011810285021635992,-0.02428173641570668,0.002693084297750774,0.6612831374883885,0.9584348501808628,1.0684047107613484,0.007852537721896757,0.015127709987241621,0.08752474728832264,0.09794442838069432,1,0.15124752475856998,0.13754026332734726,1.0996599903886566,0,1,0.009738630915434596,-0.012523351710939878,-0.00558414415075803,44.5695604005082,0.009598042317246591,-0.15940518658062452,-0.3036110106391988,-0.022051342391041118,0.0,NIFTY
NIFTY,2024-01-23,21760.2,21783.0,21153.2,21194.25,25264100,7888100,-3449500,197589075,145884675,40835700,10669150,351361850,0.7383235889939765,0.9774139991249076,50416250,61745250,1.2247092951181415,140887200,66282175,22000.0,0.038017386791228756,-0.022051342391041118,-0.04242702172744228,-0.017854867223829896,0.0,0.029715606827323413,0.06517942203873102,0.004062817948380722,21718.9125,21718.9125,-0.02415694155957393,-0.02415694155957393,-0.02229810765770578,38.32212257100147,0,-39.96611499529536,-4.700695252963559,-35.2654197423318,-0.09165909297397484,0.04082915625981268,-1,-1,4.118591351459328,24.01920475929028,0.012277588766494957,0.11245023034078681,100.0,0.9999999968911542,0.4142231381301475,0.016785034329572967,-0.05347570589408339,0.002167760926404744,0.7077749387390978,0.7383235889939765,0.9124550333987418,-0.2201112611868863,0.038017386791228756,0.29978840447725774,0.08172257647309115,1,0.1816889791757549,0.15887851365624725,1.1435717447263112,1,1,0.01156026029746789,-0.04242702172744228,-0.017854867223829896,40.060369793281225,-0.028772993120691037,0.5745316279298769,-0.1186307131297546,0.013369192115786133,1.0,NIFTY
NIFTY,2024-01-24,21160.0,21505.0,21141.0,21477.6,21343000,5285350,-2602750,196908825,180641975,-680250,34757300,382836150,0.9173889235284401,0.9007886460303062,91348850,69236400,0.7579340079267555,95268800,102603375,22000.0,0.024323015606958015,0.013369192115786133,-0.02505277014911833,-0.00644173411019644,0.0,0.016947889894587852,0.9247252747250168,-0.0016160043407999812,21704.717647058824,21704.717647058824,-0.01046397611579164,-0.01046397611579164,0.013280613080284963,47.585798816568015,0,-46.79139527578445,-13.312761754974467,-33.478633520809986,0.2447973383372293,0.04100261356059079,-1,-1,33.363068688667326,26.71186771473028,0.012735028920496572,0.1160143125459067,100.0,0.9999999972012596,0.513024043804743,0.021233461670399432,-0.059065223540972635,0.0053516863744209504,0.7017806973084746,0.9173889235284401,0.8528240428693374,0.1790653345344636,0.024323015606958015,-0.003442751073155234,0.23825189314778952,0,0.19669029638135513,0.16531419704285968,1.1897967614443974,1,1,0.012258604383992169,-0.02505277014911833,-0.00644173411019644,35.36167027440426,0.03542053450682725,0.285848377974236,-0.04321577203334359,-0.007084124855663454,0.0,NIFTY
NIFTY,2024-01-25,21455.0,21474.15,21243.0,21325.45,14515400,2964250,-2321100,224822275,181043925,27913450,401950,408830450,0.8052757450301578,0.9396428660338156,98018800,90698850,0.9253209588364681,118919300,79177175,21300.0,-0.0011934097521975257,-0.007084124855663454,-0.012232770020681238,-0.01767231253253232,0.0,0.010839161658956854,0.3566947869347374,-0.0010522590978507163,21683.647222222222,21683.647222222222,-0.01651923306772518,-0.01651923306772518,-0.007109336406556074,40.79441867903403,0,-61.03707182172002,-23.032723024122742,-38.004348797597274,0.11669494488259352,0.04309683070228724,-1,-1,18.2822876400022,18.587982560042956,0.012908285639927875,0.11533862476530068,94.44444444444444,0.9810892508754785,0.41667667004808767,0.02226788867511098,-0.04355517968068408,0.0034175479961884667,0.7133055262120755,0.8052757450301578,0.8740010840384806,-0.1121131784982824,-0.0011934097521975257,0.14175824775755988,0.0022251196046765985,1,0.19711674861524658,0.16169596400922648,1.2190579381566577,1,1,0.012255418827568641,-0.012232770020681238,-0.01767231253253232,34.73332610690744,-0.020453316971449587,-0.12831048226552555,0.03271836520733906,0.03752793024297252,1.0,NIFTY
NIFTY,2024-01-29,21717.15,22150.0,21717.15,22125.75,290200,89700,89700,106135525,127928875,26298200,45261500,234154100,1.2053351128191998,0.8318503850376854,52189650,14752850,0.28267769567337586,31879600,111151225,21000.0,-0.050879631198942406,0.03752793024297252,0.02779242316205588,0.02063339399265174,0.0,0.019563178649311258,0.9439759732006596,0.018367724948359858,21706.915789473685,21706.915789473685,0.019294966387137347,0.019294966387137347,0.036840893476478426,55.03855963079916,0,-19.90430920088329,-22.397891371168654,2.4935821702853644,0.9210800355782685,0.0458225628309243,-1,-1,97.59663032704681,49.74732888523878,0.01460612311769899,0.12027460805896023,100.0,0.9999999974994158,0.747179503291671,0.02777138840297009,0.10157862803914557,0.008898545616414297,0.5613055962887453,1.2053351128191998,0.9249516441105274,0.40005936778904205,-0.050879631198942406,0.11697328478683885,0.2500028653267432,1,0.2787827335611275,0.2142765167460727,1.3010419324736053,1,1,0.013534566507361994,0.02779242316205588,0.02063339399265174,32.20274878721379,0.04461205509863597,-0.9813380286218822,-0.29263832915368404,-0.009665209088957405,0.0,NIFTY
NIFTY,2024-01-30,22198.95,22200.0,21890.0,21911.9,268400,122050,32350,148478925,121640725,42343400,-6288150,270241700,0.8192457279711582,1.0039247965062383,71460550,26326650,0.36840816366512713,63613050,92431825,22000.0,0.004020646315472348,-0.009665209088957405,0.011062584930429109,-0.0015993074224266435,0.0,0.01414756365262711,0.07064516129030449,0.003308362428392291,21717.165,21717.165,0.008966870215334266,0.008966870215334266,-0.009712220383563073,55.04608050043277,0,-1.9008295854364405,-18.25066474642071,16.34983516098427,0.6976313000210833,0.04537171093027522,-1,1,72.79508970726427,62.89133589143776,0.014950291198585491,0.12100147571824767,100.0,0.9999999975440549,0.5600031054925066,0.035290407805906754,-0.02970009219154579,0.01005535403220306,0.5717799907806654,0.8192457279711582,0.8971138196685864,-0.38608938484804156,0.004020646315472348,0.3989559574892573,-0.04915348469999443,0,0.27815804588688403,0.21162243802177014,1.3144071505632522,1,1,0.013746424982252448,0.011062584930429109,-0.0015993074224266435,28.473716197712942,-0.04719313933192992,-0.9809213210634586,-0.17980538407152868,0.007819951715734241,1.0,NIFTY
NIFTY,2024-01-31,21890.3,22104.0,21858.5,22083.25,233300,139550,17500,168647225,151920875,20168300,30280150,320707650,0.9008204848908721,0.7913384067046856,97410250,19739950,0.20264756532295114,50324850,130054975,21000.0,-0.04905301529439734,0.007819951715734241,0.04194533894806374,-0.0022612985862929813,0.008878929503081334,0.011117023083105974,0.9154786150709102,-0.0009857657254734725,21726.8825,21734.597619047618,0.01640214605109591,0.0160413542989557,0.007789534365215823,56.80438842203552,0,23.368324018112617,-9.849378807713354,33.21770282582597,0.8465705625766733,0.047327002989364736,1,1,88.97544853634665,86.45572285688591,0.01489008314317088,0.121555842655961,100.0,0.9999999975770434,0.554327659270489,0.03303284134270688,-0.014216284111635424,0.005882282030459351,0.5850363295123892,0.9008204848908721,0.9296131988479657,0.08157475691971383,-0.04905301529439734,0.1358327452869153,0.24893102207340512,1,0.2776048227114412,0.20777486194536096,1.3360847408520242,1,1,0.014158276838981031,0.04194533894806374,-0.0022612985862929813,24.652777461332867,0.017485160804691646,-0.9821319296214006,-0.00818409519646901,-0.0027690670530833295,0.0,NIFTY
NIFTY,2024-02-01,22105.0,22184.4,22004.25,22022.1,261800,182300,42750,294912375,239217175,126265150,87296300,534311850,0.8111466160075514,0.8514088608565105,157701900,63020300,0.3996166184427708,122643800,173426575,21700.0,-0.014626216391715529,-0.0027690670530833295,0.025351994636272135,-0.00033591320729031704,0.01219621496776857,0.008180418761153635,0.0990840965861143,0.0009849093770165171,21740.15,21747.66590909091,0.012969091749596817,0.012619013555582148,-0.002772908011475067,54.60822708400814,0,38.55181536444434,-0.09718145781385588,38.64899682225819,0.7655876210128469,0.04883168763715063,1,1,83.20113314446792,81.65722379602629,0.014750280075793985,0.12128412129793323,95.45454545454545,0.9934163069577311,0.5706296637285859,0.02806653819510494,-0.1295087273340291,0.006260375732912209,0.5866860488346249,0.8111466160075514,0.9083647373437879,-0.08967386888332063,-0.014626216391715529,0.7486939082454515,0.574616885270046,1,0.2768802005817965,0.20672746774902806,1.3393488705816328,1,1,0.014189646298564021,0.025351994636272135,-0.00033591320729031704,20.775607597787573,-0.01058901876881757,-0.9782753733349708,0.5108529173617411,0.009513170860181441,1.0,NIFTY
NIFTY,2024-02-02,22154.7,22466.95,22149.95,22231.6,577500,289550,107250,123920425,126704625,27650500,28756900,250914600,1.0224676440546423,0.8979708170737146,55211150,21658250,0.39228036365842767,52747600,102857925,22000.0,-0.010417603771208485,0.009513170860181441,0.04249148318089402,0.029738924618623264,0.02924074074074068,0.014258982709296679,0.25757097791789296,0.00602122413393828,21771.73,21768.706521739132,0.021122345353354888,0.021264170096583435,0.009468205600138637,57.73647183876695,0,64.10329765046117,12.819158980298994,51.28413867016218,0.903789109390594,0.05231033938787763,1,1,82.25046193294737,84.80901453792065,0.015568894212356674,0.12412416409104025,100.0,0.9999999977189891,0.8208772175436545,0.026432322383467977,-0.009849527791392232,0.005009226844811693,0.6002684565279052,1.0224676440546423,0.9518031171486847,0.21132102804709085,-0.010417603771208485,0.09375835788511758,0.12021252236592125,1,0.2557858680048446,0.20678108716386157,1.236988698480199,1,1,0.014265585908938002,0.04249148318089402,0.029738924618623264,18.226864971462902,0.01228223791326477,-0.9411431978352927,-0.22092175025750938,-0.006396300761078666,0.0,NIFTY
NIFTY,2024-02-05,22201.0,22305.1,22055.05,22089.4,335600,322650,33100,154262575,137727525,30342150,11022900,292312750,0.8928123039564198,0.8713885702950671,72585900,29710000,0.4093081438681617,68858550,105705775,22000.0,-0.0040471900549585525,-0.006396300761078666,-0.0016428821621865541,0.02610388132361252,0.013928701755030248,0.011319909096670768,0.1373725254948552,-0.0013764191511181627,21786.902500000004,21782.068750000002,0.013884373880132639,0.014109369203051392,-0.006416844743306092,52.06460592704288,0,73.41613384088487,24.9960577309415,48.420076109943366,0.757690179120428,0.053880104889990926,1,1,71.52607564387264,78.99255690709599,0.015454083341848515,0.12498794871968034,100.0,0.9999999977630635,0.7910018577579355,0.020691805687992802,-0.1282990605222102,0.004466913587480128,0.6043309165692502,0.8928123039564198,0.8892985553761287,-0.12965534009822255,-0.0040471900549585525,0.24485188781429695,0.08699682430692644,1,0.2586637314275633,0.20682037809482962,1.250668496427833,1,0,0.014202823143645895,-0.0016428821621865541,0.02610388132361252,17.888467632877624,-0.015909471621260107,-0.9556509960685851,-0.12401931077081707,0.007544342535333648,1.0,NIFTY
NIFTY,2024-02-06,22107.4,22288.0,22080.9,22256.05,232800,349800,27150,152111525,169520575,-2151050,31793050,321981900,1.1144492503115724,0.8435018038887815,82356500,26348200,0.3199286030853667,50288500,140954325,21000.0,-0.056436339781767174,0.007544342535333648,0.015706077519521244,0.0269424122664339,0.021207817801811135,0.009305334953866411,0.8457267020758787,0.0008148704808641249,21810.0125,21801.028,0.020451042840988753,0.020871584587662584,0.007516026312200396,51.78990653115386,0,91.37799234758131,38.32279163146784,53.055200716113475,0.8577692244471102,0.0571626664439609,1,1,84.09442286661748,79.2903201478125,0.015351844939754737,0.12565943893688158,100.0,0.9999999977961669,0.7979844850009138,0.014041306480889281,-0.11777485038224164,0.005908053558678128,0.6035563014347658,1.1144492503115724,0.9483392598442115,0.22163694635515263,-0.056436339781767174,-0.013944082030265604,0.2308402042365896,0,0.2590546804794803,0.20819837118394763,1.244268525646501,1,0,0.014539506928689997,0.015706077519521244,0.0269424122664339,17.375251505154196,0.013940643296412314,-0.963235584416815,-0.06413056984427212,0.0017500859316905704,1.0,NIFTY
NIFTY,2024-02-07,22350.0,22383.95,22195.0,22295.0,190500,359200,9400,185237375,184581125,33125850,15060550,370177700,0.9964572484359595,0.9200813812820753,119529650,33717150,0.28208189348835205,48163050,148564125,22000.0,-0.013231666292890782,0.0017500859316905704,0.00958871542911477,0.05193625629592935,0.0331540741118328,0.008474994393361773,0.5292405398250685,0.004221324089404936,21845.785,21820.026923076923,0.020563005632436626,0.021767758518242086,0.0017485563156860234,53.946077702803144,0,107.02444530218054,52.104775857049944,54.919669445130594,0.8459492111160255,0.059439377144688145,1,1,87.03193936422281,80.88414595823765,0.015375164194406174,0.12458672171724879,92.3076923076923,0.9763591005451164,0.9999999915124629,0.011703125640679568,-0.11036306154084455,0.006141977641972383,0.6103359040327172,0.9964572484359595,0.9674666125532291,-0.11799200187561287,-0.013231666292890782,0.2177734395865139,0.08884201814440519,1,0.2197430108308942,0.2041281216343725,1.0764955311588131,1,0,0.012415445685293831,0.00958871542911477,0.05193625629592935,17.341328997745723,-0.005794256603643078,-0.9501941252598141,0.04587769398950825,-0.008519847499439348,0.0,NIFTY
NIFTY,2024-02-08,22329.5,22367.75,22067.6,22105.05,382500,360900,1700,272449825,220728925,87212450,36147800,493539650,0.810163577825752,1.0644153539160806,174320600,58445300,0.3352747753277582,80802550,159823825,21700.0,-0.018323867170623873,-0.008519847499439348,0.00376667075347048,0.029214158006481306,0.022584234058153685,0.013578345219757542,0.12477094785936389,0.0015474321596770577,21870.195,21830.583333333332,0.010738587378850584,0.012572575935136943,-0.008556348872101958,58.27686972158892,0,104.50058734861886,62.6093366248355,41.891250723783365,0.6807360099244394,0.05941587060230497,1,1,72.70636147667152,81.27757456917061,0.014970722591831796,0.12610908835474513,100.0,0.9999999978177915,0.8142159551528485,0.011639308573142038,-0.043805138712057844,0.004983699771377029,0.6082462859215705,0.810163577825752,0.9672700049168691,-0.18629367061020752,-0.018323867170623873,0.47081454269150597,0.19583692536276393,1,0.22427566954997633,0.2073322784089823,1.0817209513291486,1,0,0.0120784912178108,0.00376667075347048,0.029214158006481306,16.708626035200687,-0.010269933431129918,-0.7787482646922721,0.4273007599050185,0.0015064430978442012,1.0,NIFTY
NIFTY,2024-02-09,22101.4,22155.0,21978.0,22138.35,222900,356700,-4200,126147375,126057325,23138850,22605900,252561400,0.9992861524070557,1.0329004497374525,61551050,23316850,0.3788213198637554,51557550,100350975,22000.0,-0.0062493365585058755,0.0015064430978442012,-0.004194479929469752,0.038118773578048604,0.01977281416548826,0.00799517579223384,0.9059322033893106,-0.00016512063985369031,21891.657499999998,21841.575,0.011268790405660312,0.013587619024726827,0.0015053095507140482,59.900171782322616,0,103.69576535130909,70.84254771647745,32.85321763483164,0.6881298767149624,0.05989899426092012,1,1,75.21776839246749,78.31868974445393,0.014639270122402336,0.12511729239279665,92.85714285714286,0.9783569423857904,0.8871287195810362,0.011188119109945794,-0.05223143599481046,0.006476780796485766,0.6043686027239552,0.9992861524070557,0.9626337065873518,0.18912257458130366,-0.0062493365585058755,0.08492884882565074,0.10241476054848725,1,0.2175350982965932,0.20702149610095974,1.050785074441872,1,0,0.011794092631138498,-0.004194479929469752,0.038118773578048604,15.896760373225122,0.01002629059728355,-0.25588382573860824,-0.2702956141588678,-0.0066016663391805785,0.0,NIFTY
NIFTY,2024-02-12,22150.95,22179.5,21966.0,21992.2,253000,361150,4450,162537375,138870425,36390000,12813100,301768950,0.8543907209034229,1.078443533064497,83692900,28535600,0.34095604286624076,66316800,107086125,22000.0,0.0003546712016078097,-0.0066016663391805785,-0.004400300596666296,-0.006035953583494291,0.014472898200747819,0.009707987377342875,0.12271662763460636,0.0005691481072438634,21907.344999999998,21846.768965517243,0.00387335845580572,0.006656866958784757,-0.006623553720380927,55.18425528468454,0,91.32645385398064,74.94567823091589,16.38077562306475,0.5653588957871448,0.05926291148518725,1,1,64.19548248425174,70.70653745113025,0.014843574410148015,0.1259823267031007,96.55172413793103,0.9972337943258932,0.5125771302892375,0.009627846673098728,-0.05820043688555552,0.006535690472062657,0.6037786643243455,0.8543907209034229,0.9549493899767525,-0.1448954315036327,0.0003546712016078097,0.2884721144613592,0.10164502538825095,1,0.11455617742540508,0.208656473119504,0.5490180853622184,1,0,0.010808573503941661,-0.004400300596666296,-0.006035953583494291,15.53547310489199,-0.00810810943702478,-0.14477909610249162,-0.13286259613054863,0.0055678831585743715,1.0,NIFTY
NIFTY,2024-02-13,21997.2,22129.75,21931.0,22114.65,253400,380100,18950,152672375,150750825,-9865000,11880400,303803300,0.987413898552374,0.932061573428784,87988100,25415900,0.28885610667806216,48669850,122949375,22000.0,-0.005184346123497385,0.0055678831585743715,-0.006353328645469336,0.009252963001839198,0.007638857247004305,0.00898725505490704,0.9240251572322469,0.00022735333436400178,21915.7275,21855.69833333333,0.009076700739229393,0.011848244916143003,0.005552439795183224,66.84911946692061,0,89.503780146395,77.860907493039,11.642872653356008,0.6517101984390734,0.05982920616158602,1,1,73.4303706776219,70.94787385144706,0.013369127317347166,0.12481497306155098,83.33333333333334,0.971759704349591,0.641868566265089,0.009273627913367255,-0.03924912656665425,0.006902216970614116,0.6088371167397331,0.987413898552374,0.9295423196249128,0.1330231776489511,-0.005184346123497385,-0.06069373274916,0.08555025305064055,0,0.10593432895984597,0.20500552540068517,0.516738896188883,0,0,0.010292542644169653,-0.006353328645469336,0.009252963001839198,16.55683672835209,0.01216954949775495,-0.1390615975265862,-0.11780026262435017,0.003940826556151578,1.0,NIFTY
NIFTY,2024-02-14,21960.1,22231.25,21906.05,22201.8,396700,384200,4100,162243875,200582075,9571500,49831250,363210150,1.2362998295004972,0.8389287789783766,97009650,25466000,0.2625099667919635,41157250,172714075,22000.0,-0.009089353115513125,0.003940826556151578,-0.004180309486431999,0.0053683221446119145,0.0030948841790423565,0.014647461016674357,0.9094403444031623,-0.006988579968482562,21919.1525,21866.862903225807,0.0128950013008029,0.015317107820014941,0.003933081839567257,64.2834602185319,0,93.4171295646629,80.97523618911447,12.441893375548432,0.7137774017102908,0.060319758766059474,1,1,78.33653335511421,71.98746217232929,0.013191819710885741,0.12783508933392676,100.0,0.9999999978970009,0.6089443474615325,0.008440187913123199,-0.048420923129685114,0.00644882568221108,0.6288889849395128,1.2362998295004972,0.9775108358378205,0.24888593094812317,-0.009089353115513125,0.06269307070123196,0.3305537465549525,1,0.10053391852487192,0.20327131231807655,0.49457996472271326,0,0,0.010645586437526491,-0.004180309486431999,0.0053683221446119145,18.055279144130484,-0.001627056602422794,0.27691762963916644,0.05899368846320141,0.0038397787566772923,1.0,NIFTY
NIFTY,2024-02-15,22209.0,22307.25,22140.05,22287.05,407900,478500,94300,242776225,254190775,80532350,53608700,497445500,1.0470167538028075,0.9441974479816485,168094400,55676200,0.3312198383765313,50364850,196154425,21900.0,-0.017366587323131562,0.0038397787566772923,0.008233412726956102,0.012031096035346245,0.011691141423999518,0.0075021144566015125,0.8791866028702838,0.0003242980298895012,21932.03,21879.99375,0.016187284077215036,0.01860403867802729,0.003832425623153754,69.47978283769554,0,101.6694188121437,85.11735443789799,16.552064374245717,0.7610841658278616,0.062000252010242896,1,1,76.00693518270504,75.92461307181372,0.012925347102593545,0.12774334604666704,96.875,0.9980706373644904,0.6650371716237041,0.006406410786792072,-0.055686876679916716,0.007939490412316385,0.6299400790144571,1.0470167538028075,1.0248814710332315,-0.18928307569768976,-0.017366587323131562,0.49636604155318653,0.26726565671434,1,0.099890071239654,0.2027865034139879,0.4925873739558991,0,0,0.010577756007071278,0.008233412726956102,0.012031096035346245,19.285215221000595,-0.00010104779947428533,0.2539965568125917,0.4470810936512113,0.0041414184470354165,1.0,NIFTY
NIFTY,2024-02-16,22349.0,22417.0,22317.55,22379.35,405300,556100,77600,117801275,144117425,25408150,33574050,262474800,1.2233944411891977,0.8267859340126902,61211000,22045350,0.3601534037999706,37416300,119666275,22000.0,-0.01695089446297585,0.0041414184470354165,0.010886086813154616,0.00664594541103658,0.0365825132992581,0.004443828797529898,0.6214177978877494,0.002779641092024325,21971.52,21895.12575757576,0.018561756309986688,0.022115618233281786,0.004132866377327283,57.20372684922168,0,113.77995348110926,90.85350996704,22.926443514069263,0.7964569391185355,0.06261198123806198,1,1,85.60276111429243,79.9820765507039,0.010655071368407567,0.12485626176330746,78.78787878787878,0.9373552800155004,0.6194442235920969,0.004461480605406987,-0.058868990396047094,0.00687042479327814,0.6649823400892589,1.2233944411891977,1.06970312878966,0.17637768738639026,-0.01695089446297585,0.10465666479491556,0.13208209463935108,1,0.09060238048852491,0.18775876315760517,0.4825467473079718,0,-1,0.009596240615894602,0.010886086813154616,0.00664594541103658,21.640752012462354,0.0003016396903581242,0.315652794910082,-0.2408330246722007,0.0030943704799291094,1.0,NIFTY
NIFTY,2024-02-19,22404.5,22531.1,22338.0,22448.6,417800,603200,47100,131183025,164092275,13381750,19974850,295878500,1.2508651557623405,0.8435410180115311,71828400,30477950,0.4243161479303451,41000600,131069075,22000.0,-0.01998342881070528,0.0030943704799291094,0.020752812360745887,0.016261193151466236,0.04278955473128487,0.008601872722575062,0.572760227860912,0.0011238038638298903,22017.5775,21911.404411764706,0.019576290806742946,0.02451671185197335,0.0030895927690632327,66.60992820004952,0,127.0922408210572,98.10493304617094,28.98730777488626,0.8141570468120172,0.062313709036274145,1,1,87.7341659232697,83.11462074008905,0.01025024150408363,0.1235802673385763,67.64705882352942,0.9105211283700488,0.6999966480890623,0.003049268311423292,-0.0453550702317838,0.01087430936931591,0.6610200176934137,1.2508651557623405,1.1489980157614432,0.027470714573142763,-0.01998342881070528,0.11359596914379747,0.13860121355901273,1,0.0819705347754774,0.18695389544132052,0.43845320547150773,0,-1,0.009324436978485031,0.020752812360745887,0.016261193151466236,24.317327586276665,-0.001047047967106307,0.3209814088782086,-0.1412920937844504,0.0020335343852178056,1.0,NIFTY
NIFTY,2024-02-20,22430.05,22508.95,22361.7,22494.25,269900,635100,31900,143344375,178162975,12161350,14070700,322142450,1.2429017532079651,0.789274147395815,78105650,22977750,0.2941880644998153,40596100,152594325,22000.0,-0.021972281805350255,0.0020335343852178056,0.01716509191870541,0.01070270780304683,0.037933476835477764,0.00654611734109828,0.9001697792863108,-0.0008263321543436683,22058.682500000003,21928.057142857142,0.019745852908486183,0.025820475268475418,0.0020314695529676068,63.792872004832596,0,139.45494990509906,106.37829249125784,33.07665741384122,0.8123347745712739,0.06322015515431027,1,1,94.10447164225378,89.14713289327197,0.00991745509566732,0.12372210365438543,68.57142857142857,0.9135039448569284,0.6532234593275126,0.0008275256308145629,-0.061759986420918137,0.010862611336736338,0.6645417501992968,1.2429017532079651,1.2000955866925616,-0.007963402554375332,-0.021972281805350255,0.09270521090667028,0.08574870450178108,1,0.07522066272371027,0.1861765698706317,0.4040286204412075,0,-1,0.009048515217208218,0.01716509191870541,0.01070270780304683,27.341721422802785,-0.0010608360947113038,-0.1565361417544301,-0.07491545537050948,-0.006586127565933575,0.0,NIFTY
NIFTY,2024-02-21,22518.95,22544.0,22320.0,22346.1,450100,665450,30350,218183925,184790275,74839550,6627300,403639650,0.8469472487489627,0.9786316649396912,143355000,46118550,0.3217086951972376,60349200,135878575,22000.0,-0.01548816124513891,-0.006586127565933575,0.006499473015701307,0.0022919937205649887,0.054347287589794346,0.010024120540049494,0.11651785714279864,0.0010980583927003892,22116.275,21939.669444444444,0.010391668578908497,0.018524917004092423,-0.006607911805961786,60.27332107299135,0,136.3787073819185,112.38032323972747,23.99838414219103,0.6993417803546211,0.05212990754080182,1,1,68.97876009090521,83.60579921880957,0.010123370840677227,0.1088513676256875,44.44444444444444,0.6007724956128322,0.5824695377864849,0.00222604670056028,-0.07324822277408169,0.006025072196068111,0.6524002653592023,0.8469472487489627,1.1222250705422545,-0.3959545044590025,-0.01548816124513891,0.5220961757306487,0.037197964391872104,1,0.08422791083830901,0.16684752189748953,0.5048196690603313,0,-1,0.00920342783187699,0.006499473015701307,0.0022919937205649887,29.245175245521697,-0.00861966195115138,0.30105506576094765,0.13281313803936712,0.007627729223443902,1.0,NIFTY
NIFTY,2024-02-22,22375.75,22549.0,22240.15,22516.55,635700,737850,72400,240385625,242412425,22201700,57622150,483535900,1.0084314525878992,0.8397511310509459,156429400,46802850,0.2991947165941952,46515100,192856475,22000.0,-0.02294090346878182,0.007627729223443902,0.010297459735586267,0.01861565569858481,0.04837365441203856,0.013716577361984787,0.894932815282207,0.0013268534554128665,22168.222499999996,21955.26081081081,0.015712919698455785,0.0255651342075065,0.007598785188552895,59.264557661670565,0,145.27738584031613,118.96144431655985,26.31594152375628,0.8359261694843418,0.046774919984864494,1,1,94.95295124036151,86.0120609911735,0.009615308358899182,0.10671751710432557,43.24324324324324,0.5558976377222764,0.7195226946969007,0.005048608498540918,-0.038920053823793085,0.0050079952901868644,0.6539739675229028,1.0084314525878992,1.114508010299273,0.16148420383893658,-0.02294090346878182,0.10175680907747901,0.31182458059548857,1,0.07577846678154722,0.1631831270641378,0.46437685132314827,0,-1,0.009217251046099714,0.010297459735586267,0.01861565569858481,28.45750815501615,0.014213856789377477,0.7122309909230473,0.3677200619821117,-0.00011325003164330827,0.0,NIFTY
NIFTY,2024-02-23,22565.0,22599.45,22498.5,22514.0,406300,796750,58900,129928925,132312175,36902350,21930150,263037850,1.0183427208375657,0.9398812968246799,59383200,18607300,0.31334283096902826,49913900,110837575,22000.0,-0.02283023896242338,-0.00011325003164330827,0.006016707366389262,0.01696829257826349,0.055733876659109116,0.004483876698942913,0.15354135710732575,0.002151750601224465,22227.649999999998,21969.964473684213,0.012882603424113848,0.024762694858584622,-0.00011325644491234839,65.18380775282503,0,150.37729563997345,125.24591981573825,25.131375824235207,0.8977535952408114,0.03238840221245573,1,1,87.67666570520792,83.86945901215823,0.009143358418254042,0.10463000176604967,42.10526315789473,0.5119972083287042,0.7057754891296533,0.006536476411486736,-0.04218863662058316,0.004861443760041231,0.6554158491416224,1.0183427208375657,1.0734976662289466,0.009911268249666483,-0.02283023896242338,0.15351313124484878,0.09046627869837942,1,0.07642139527762525,0.15963910826620795,0.4787134935777551,0,-1,0.008866121136770622,0.006016707366389262,0.01696829257826349,29.590708849610913,-0.00774097925508721,0.04283770950437593,-0.25621326720635196,-0.0034778360131473285,0.0,NIFTY
NIFTY,2024-02-26,22480.05,22514.1,22389.2,22435.7,303900,802250,5500,152320225,147270925,22391300,14958750,300393400,0.9668507580001277,0.9298437088981225,81364600,34026700,0.4182002984098736,57611900,110286475,22000.0,-0.019419942324063914,-0.0034778360131473285,-0.0005746460803790487,0.02016624075808693,0.014008564681423197,0.0055670204183510125,0.3722978382703249,-0.0015079506085102926,22243.1475,21981.906410256408,0.008656711016280516,0.020643959685492153,-0.0034838977433644352,56.85765545673175,0,146.68065891431252,129.5335800452048,17.14707886910773,0.7615605507180954,0.033096393903861605,1,1,76.38448226131005,86.33803306895983,0.008913568235318838,0.09653028400312254,41.02564102564102,0.34166021427676,0.7322891149933182,0.006999984014366278,-0.045138929724906206,0.0005025391695455649,1.0257541237469683,0.9668507580001277,1.0166947866765041,-0.051491962837438066,-0.019419942324063914,0.17233499007245692,0.11305648932156093,1,0.06807982314147108,0.0941066496013026,0.7234326517579632,-1,-1,0.008452024440871436,-0.0005746460803790487,0.02016624075808693,30.137705005321045,-0.0033645859815040202,-0.23004813782619737,-0.15274706786647918,0.002355620729462382,1.0,NIFTY
NIFTY,2024-02-27,22427.9,22510.0,22384.2,22488.55,408400,881900,79650,165954675,166363875,13634450,19092950,333200450,1.0024657334901834,0.8450515115507937,91650250,28041250,0.30595933999088926,53813150,135360025,22000.0,-0.021724388633326704,0.002355620729462382,-0.0002533980906231914,0.01690734422656459,0.026316750258991606,0.005593957814087581,0.829491255961178,-0.00034766020226689037,22271.98,21994.572500000002,0.009723877266412773,0.022459063480319896,0.0023528506043417282,57.310670443814914,0,146.1407947106345,132.85546453247665,13.285330178157864,0.810574546648369,0.031309318073056536,1,1,84.00634554368543,82.68916450340113,0.008692042331383236,0.09253191406147912,35.0,0.2575745292070302,0.7050249183717517,0.00795450814394596,-0.049228453929370364,5.204820478691731e-05,1.0780213501575622,1.0024657334901834,0.9686075827329479,0.03561497549005577,-0.021724388633326704,0.0895117506555679,0.12964507420592353,1,0.06522504272541926,0.08583495488299249,0.7598890538049806,-1,-1,0.008112694716789489,-0.0002533980906231914,0.01690734422656459,29.923742990784653,0.005833456742609711,-0.004388103364212914,-0.06604132817601227,-0.0123329427642066,0.0,NIFTY
NIFTY,2024-02-28,22499.6,22508.0,22190.0,22211.2,789000,925000,43100,244891625,162096725,78936950,-4267150,407913350,0.661912080496832,0.969131353989004,148991100,48161400,0.3232501807154924,84901800,110473325,22000.0,-0.009508716323296387,-0.0123329427642066,-0.006036847593092198,0.0004233890945779528,0.005793984128241947,0.014317101282235989,0.06666666666664799,0.0004913611593455013,22278.3775,21999.856097560976,-0.0030153677035053006,0.009606603856943119,-0.012409624630461953,53.76111681961528,0,122.78618554692002,130.84139456271018,-8.055209015790155,0.40081003460603293,0.03039992696368506,1,1,44.0077877127137,68.1328718392364,0.008857982845205498,0.09442128680751498,41.46341463414634,0.2973080216104878,0.5669006971053974,0.00916828845244948,-0.04347707642358869,0.0014526617857252662,0.9949125780631286,0.661912080496832,0.9316005490825215,-0.3405536529933514,-0.009508716323296387,0.47565366868996006,-0.025649498726811937,0,0.09419612716370922,0.09490410392824741,0.9925400816773164,-1,-1,0.008079658743345652,-0.006036847593092198,0.0004233890945779528,29.26368895434809,-0.014688563493668982,0.7555570389159598,0.14064564582492767,0.0032551145368102663,1.0,NIFTY
NIFTY,2024-02-29,22220.0,22335.0,22162.8,22283.5,995500,987650,62650,235935575,187203775,-8956050,25107050,424127000,0.7934529373113826,0.9243589182024745,151671800,57676700,0.38027306328533056,71426100,125783675,22000.0,-0.012722417932550991,0.0032551145368102663,-0.010350164656663607,-0.00015928532488596048,0.011869894333419673,0.007727690892364338,0.7009291521482586,0.0003961965134706487,22291.4475,22006.609523809522,-0.00035652686977816206,0.01258215064391921,0.0032498281203073814,55.004654690894114,0,108.65220595571736,126.40317927971125,-17.75097332399389,0.4874420537108703,0.028390539469732017,1,1,54.43466974328605,60.81626766656172,0.008813856504973244,0.09426281822768967,40.476190476190474,0.2939754287561204,0.5619383378337559,0.009443128554777358,-0.011838722715576067,0.00033931341013021445,0.995129238090428,0.7934529373113826,0.8886048460272182,0.13154085681455052,-0.012722417932550991,-0.03657148340618018,0.15488931068780076,0,0.09358264850323934,0.09472419713951871,0.9879487103660234,-1,-1,0.008102216386921936,-0.010350164656663607,-0.00015928532488596048,27.55500759719882,0.015588057301016867,0.9589130049784524,0.2267422267861623,0.013269908228061178,1.0,NIFTY
NIFTY,2024-03-01,22344.0,22593.0,22337.45,22579.2,1215000,1175300,187650,117939175,152623275,31680150,58456500,271737750,1.2940846415111857,0.7820436932741683,64699950,28232150,0.4363550512790195,35339850,122624675,22000.0,-0.025651927437641754,0.013269908228061178,0.00289597583725687,0.008930107442798985,0.01563540186041501,0.011317938633786816,0.9459988260610687,0.0027150133506854846,22308.8275,22019.92558139535,0.012119529813926944,0.025398560796099368,0.013182634226736212,68.34719009814344,0,119.13347400517523,124.94913926796869,-5.815665262793459,0.8977168806249479,0.030472756888968208,1,1,97.07960773001196,65.17402172867058,0.009002122054178807,0.09249804329120842,32.55813953488372,0.25686222720305896,0.6394167337432234,0.009897891442010098,-0.03118087437515853,0.003103343876649612,0.923227599027174,1.2940846415111857,0.9437532301619423,0.5006317041998032,-0.025651927437641754,0.1342745789819954,0.31226133126856015,1,0.11390700752331712,0.10018985924635807,1.136911542410082,-1,-1,0.008789627370547627,0.00289597583725687,0.008930107442798985,27.31383444934749,0.010014793691250912,1.0622581302192948,-0.21796322888717068,0.0026861004818592438,1.0,NIFTY
NIFTY,2024-03-04,22890.3,22890.3,22605.45,22639.85,745300,1384700,197700,136307325,176816325,15682000,17599000,314508350,1.2971887240836104,1.0257440186134976,81123300,40274850,0.49646464086150344,36936100,134667075,22000.0,-0.028262113044035125,0.0026861004818592438,0.009099337217024495,0.008519462238179676,0.024919192010647517,0.012581797140882053,0.12076531507806185,0.013778167517006739,22336.35,22034.014772727274,0.013587716883018075,0.027495453439679185,0.002682499361166528,67.07523245984783,0,130.66235613847675,126.09184485688029,4.570511281596467,0.9287363217895647,0.031692479019034686,1,1,74.55422910845057,75.35616886058286,0.009332469706544612,0.09322498178604419,40.909090909090914,0.27214973742196075,0.6359515269776789,0.011341735794949681,-0.034257021213919804,0.003055100951312488,0.9643756476856634,1.2971887240836104,1.0098208233786388,0.0031040825724246712,-0.028262113044035125,0.13296684498598535,0.11531006656750092,1,0.1137063103202211,0.09666874304979665,1.17624690893129,-1,0,0.009187619812378325,0.009099337217024495,0.008519462238179676,26.340881662487053,-0.010583807746201934,0.19840491389429316,-0.10216756402802674,-0.0026016073428047903,0.0,NIFTY
NIFTY,2024-03-05,22605.05,22659.95,22500.35,22580.95,1946400,1948700,564000,139111975,170648575,2804650,-6167750,311709250,1.2266993909043415,0.9206992362468481,84976400,41384050,0.4870063923630561,38066800,127343975,22000.0,-0.02572743839386743,-0.0026016073428047903,0.004108757567740096,0.0038543183257944147,0.014598277771662227,0.007067904583288222,0.5050125313280112,-0.0015371126575484942,22352.594999999998,22046.16888888889,0.010216039793142784,0.024257326241414967,-0.002604997404203446,62.55754645116428,0,133.63138219081156,127.59981800516059,6.0315641856509785,0.8102860847998363,0.03292458248564195,1,1,58.76707764077876,76.80030482641376,0.00883298279554858,0.09231404307588695,31.11111111111111,0.2529927042764424,0.5966105894825532,0.011232586011360545,-0.010634313100996584,0.0033835615090272607,0.9759195929840004,1.2266993909043415,1.0546675548614703,-0.07048933317926886,-0.02572743839386743,0.020575930163694432,-0.0348822429150702,0,0.11475618730952766,0.09459185330630863,1.2131719929051967,-1,0,0.009239798536597319,0.004108757567740096,0.0038543183257944147,24.06849226635286,-0.005287707824664034,1.4651704746947662,-0.09910397465149767,0.00684647900110491,1.0,NIFTY
NIFTY,2024-03-06,22551.25,22746.9,22470.85,22735.55,1039600,1903000,-45700,160926825,213165425,21814850,42516850,375995250,1.3246108906951963,0.893771441213971,107397100,48610250,0.4526216257235996,32627300,162628525,22000.0,-0.03235241724963765,0.00684647900110491,0.02360745929981256,0.0174280970728673,0.01976003588248476,0.01214177796446547,0.9588842600974535,-0.0013152679581683111,22374.622499999998,22061.15543478261,0.016131110144986804,0.03056932204711771,0.006823148292019936,64.20202659911342,0,146.42839069138427,131.3656637629783,15.062726928405965,0.9462513284186322,0.036148038375921454,1,1,78.72852233675893,70.68327636199609,0.009114894641086002,0.09419561011549518,43.47826086956522,0.29256204274167025,0.7106203364026155,0.01018449058140869,-0.00703610784796802,0.00024796311547376805,0.9709756074468049,1.3246108906951963,1.1872073169011432,0.09791149979085478,-0.03235241724963765,0.15681504054557488,0.24914857917799782,1,0.11160006405971534,0.09701130419340442,1.1503820598286996,-1,0,0.009451564279038918,0.02360745929981256,0.0174280970728673,21.698833446461983,0.0094480863439097,0.22520653852046513,0.10712034008339777,-0.0018891119854149707,0.0,NIFTY
NIFTY,2024-03-07,22732.85,22756.0,22673.5,22692.6,603800,1968900,65900,239638575,257506225,78711750,44340800,499113700,1.0745608256099837,1.0171205441073627,175600650,89012400,0.5069024516708793,45986250,166454975,22500.0,-0.008487348298564226,-0.0018891119854149707,0.018358875401081498,0.007818693361105522,0.02657989916331327,0.003635546389571931,0.23151515151485325,-0.00011875674879212192,22404.0,22074.590425531915,0.012881628280664081,0.02799642315235351,-0.0018908986079029064,60.239270421338254,0,151.43356578266685,135.37935605232732,16.054209730339522,0.8542852178345047,0.03635948561274044,1,1,72.82474226803112,70.10678074852295,0.008982789858493831,0.09001852679945883,23.404255319148938,0.2047180169640328,0.62984579333196,0.008813997318509292,-0.064575916454271,0.0008490368437197486,0.988597849245063,1.0745608256099837,1.2434288945608636,-0.25005006508521266,-0.008487348298564226,0.4891151615027513,0.20801121945550036,1,0.10772774014176181,0.0910567697161603,1.1830832606873656,-1,0,0.008443461181797634,0.018358875401081498,0.007818693361105522,20.378344255367296,-0.008735590986519881,-0.2857142857142858,0.4074890008219103,-0.005188916210570826,0.0,NIFTY
NIFTY,2024-03-11,22725.0,22725.9,22548.0,22574.85,1192700,2126200,157300,136634225,128174725,47104050,14291600,266935150,0.9380865226117395,0.988013463308235,79473800,33538600,0.4220082593257149,44767550,92455625,22500.0,-0.0033156366487484324,-0.005188916210570826,-0.00019265518707489715,0.002702762725415253,0.019716916572373178,0.007880451032897294,0.15092748735235095,0.0014277782184501317,22425.825,22085.0125,0.0066452404761028205,0.022179634265545367,-0.005202425388549536,53.999936634667186,0,144.44450220304861,137.19242571527616,7.252076487772456,0.6891550557464441,0.03513118087103858,1,1,56.63917525772407,69.39747995417137,0.00898154994859957,0.08995341450371855,22.916666666666664,0.2033487059513719,0.5867658882054133,0.007470999425290281,-0.043399777779878176,0.0011388056889429779,0.9575746864192153,0.9380865226117395,1.1722292707809743,-0.13647430299824415,-0.0033156366487484324,0.19656288642177078,0.05550001752384821,1,0.1118660562032242,0.09393879734262368,1.1908397727951565,-1,0,0.008783118615193071,-0.00019265518707489715,0.002702762725415253,17.586741232822103,-0.0032998042251558557,0.2908567470453265,-0.24520462666810006,0.0011783024028952926,1.0,NIFTY
NIFTY,2024-03-12,22574.85,22688.95,22534.05,22601.45,904000,2126850,650,148254075,141481725,11619850,13307000,291862650,0.9543192994863716,0.9959707210653975,93427750,37741350,0.4039629553317938,42338150,101500675,22500.0,-0.004488650064487045,0.0011783024028952926,-0.0016961243117775693,0.007387779298172026,0.027703003792253655,0.006853542582444996,0.4351194318912674,0.0,22456.2875,22095.55204081633,0.006464225219774189,0.022895918520123182,0.0011776087494544988,53.43788082868325,0,139.39557546375727,137.63306352621362,1.7625119375436498,0.7111346950354841,0.03061659391737924,1,1,60.295532646040016,63.25315005726508,0.00899515612620304,0.08876770974477971,18.367346938775512,0.1784133451916239,0.626285035869606,0.006627681598743118,-0.030597277208138984,0.0010321600298654606,0.991231419564004,0.9543192994863716,1.1036553858615266,0.016232776874632093,-0.004488650064487045,0.08504348013830357,0.10381922020897645,1,0.1098968000501114,0.08955296199620197,1.2271710223504964,-1,0,0.00891177083160247,-0.0016961243117775693,0.007387779298172026,14.4675225308565,0.006367218613466119,-0.08127280303261286,-0.16401244603624165,-0.015118499034354027,0.0,NIFTY
NIFTY,2024-03-13,22617.75,22640.55,22190.0,22259.75,3022400,2220300,93450,265746025,173515475,117491950,32033750,441481800,0.6529372358438852,1.0499346919984835,162251450,58652750,0.3614929173206156,94274300,109980975,22500.0,0.010793023281932636,-0.015118499034354027,-0.014224379399449538,-0.010174066358213385,0.006561261426249132,0.020240568739541068,0.15481078681607954,0.0007211926668421394,22463.5425,22098.836,-0.00907214434232706,0.007281559988046471,-0.015233948635281947,47.53658745328505,0,107.12843081493338,131.53204990738146,-24.403619092448082,0.1801886815723071,0.028367177206015805,1,1,13.326460481097923,43.42038946162068,0.009860205720446748,0.09667467495789499,54.0,0.34469675479880174,0.4779727956516752,0.008829500321260175,-0.13490435796736938,0.0015311959396249603,0.9169813587914304,0.6529372358438852,0.9889029548494352,-0.30138206364248643,0.010793023281932636,0.7925040171745701,0.22641616788316654,1,0.1349390278746517,0.10542708850004631,1.2799274803704712,0,1,0.010376431924147817,-0.014224379399449538,-0.010174066358213385,13.244142688322954,-0.01629680143724932,1.4269092719432779,0.17704088574071752,0.007279955974348384,1.0,NIFTY
NIFTY,2024-03-14,22250.0,22485.0,22200.05,22421.8,1618400,2206600,-13700,258473675,246540275,-7272350,73024800,507220550,0.953831275080528,0.9636794199433866,182468250,88535500,0.4852104407205089,65191450,153455125,22000.0,-0.018812048988038396,0.007279955974348384,-0.013799974049451214,0.009481702924650559,0.009909106468844797,0.012708613938220871,0.7782067029300636,-0.0004380103100888375,22474.5425,22109.494000000002,-0.00234676634685671,0.014125425032341266,0.007253585003845814,47.2839329224595,0,93.3213306345533,123.88981879396205,-30.568488159408744,0.41056688962188304,0.026240464375403554,1,1,35.60137457044184,36.4077892325266,0.009712805012468748,0.09538531194366293,50.98039215686274,0.31758146183251035,0.6444380018193602,0.011419574054218718,-0.12343790137763284,0.0015251779792591564,0.8866403476635344,0.953831275080528,0.9147470317265016,0.3008940392366428,-0.018812048988038396,-0.02736579032555614,0.42085468169337636,0,0.1242714038432994,0.10758061270994186,1.1551468298739334,0,1,0.010215583189746306,-0.013799974049451214,0.009481702924650559,13.83667961126855,0.02239845500870241,0.21839028540024552,0.26387184559699906,-0.005630680855239101,0.0,NIFTY
NIFTY,2024-03-15,22339.85,22353.0,22170.0,22295.55,3506600,2386400,179800,128769625,127258775,35449100,22913450,258414800,0.9882670311418551,0.9735315351344151,63480000,37573800,0.5918998109640832,56648550,84902025,22000.0,-0.013256008485998295,-0.005630680855239101,-0.01749689326035797,0.0005407588574506406,0.00038138739761439666,0.008207915929411924,0.686065573770113,-0.0036549251175195894,22474.9675,22120.27,-0.007982992633915886,0.007923953911954884,-0.005646592897217352,44.152680746272615,0,71.53997238589363,113.41975387474199,-41.87978148884835,0.19461451940930333,0.0261407078636337,-1,1,18.247422680409862,22.391752577316552,0.01025108469755497,0.09564635213189089,51.92307692307693,0.3230711347187711,0.5690194835463013,0.012254583222832238,0.040157011153352,0.0015109796682334893,0.8779537082052933,0.9882670311418551,0.8974882728328758,0.034435756061327094,-0.013256008485998295,0.13714781592361389,0.09293998718870577,1,0.12765933558835463,0.10894236353260027,1.1718061856898563,0,1,0.010263605693451064,-0.01749689326035797,0.0005407588574506406,13.68393709252044,-0.012910636829587485,1.2201820921604134,-0.26832603121684884,0.00012110039895851799,1.0,NIFTY
NIFTY,2024-03-18,22275.0,22373.25,22185.4,22298.25,2264800,2558250,171850,147013825,139470825,18244200,12212050,289042900,0.9486919002345527,0.9297702526959573,77792250,40713050,0.5233561183794015,60077500,93711325,22000.0,-0.013375489107889632,0.00012110039895851799,-0.012252573106797948,-0.012442867772108901,-0.003623876475411403,0.00842442792595825,0.6007452754854371,-0.0009217085920732735,22470.9125,22134.235,-0.00768382236368903,0.007410014396250775,0.00012109306689714176,46.16564845035843,0,53.87370050996469,101.51045617449607,-47.63675566453138,0.21361476118856143,0.02683037154980295,-1,1,18.618556701028467,24.15578465062673,0.010451492830154847,0.09685795539268856,56.60377358490566,0.34855114074718174,0.45741848895043,0.012744978628640592,-0.07658392711460911,0.0016469076959830008,0.8979554160445101,0.9486919002345527,0.8996093483574386,-0.03957513090730236,-0.013375489107889632,0.14168092824685946,0.09596234130023647,1,0.10461331748851405,0.10786499370932236,0.9698542019428802,0,1,0.009974254622668207,-0.012252573106797948,-0.012442867772108901,13.895598442657164,0.005751781254197619,0.34457373545476133,-0.1917247471187027,-0.010866323590416282,0.0,NIFTY
NIFTY,2024-03-19,22260.0,22260.0,22040.0,22055.95,2690200,2834200,275950,198077075,145566925,51063250,6096100,346478200,0.7349004169210395,1.0146376731158067,92040900,45370400,0.49293737892610784,97740200,89441075,22000.0,-0.0025367304514201713,-0.010866323590416282,-0.024135619617325466,-0.025790806917890263,-0.017491068485339767,0.009974632695485798,0.07249999999997035,-0.0017153812518919645,22451.28,22139.635,-0.017608350169789788,-0.0037798726130759963,-0.010925793288310965,39.08567968513474,0,20.372820940036036,85.28283426082008,-64.91001332078405,-0.05819615049497674,0.03154509423645334,-1,-1,1.8758085381628677,12.91392930653374,0.010995251362363201,0.09743255777502619,57.407407407407405,0.3606350238462277,0.34239178650647206,0.013669019703822328,-0.09764881925274035,0.0017106058221927544,0.8583249334618225,0.7349004169210395,0.8557255718443721,-0.21379148331351328,-0.0025367304514201713,0.34733638145936274,0.043708782822500694,1,0.11224542429041906,0.1135147703285581,0.9888177887921826,0,1,0.009713538178128584,-0.024135619617325466,-0.025790806917890263,15.162908376182596,-0.0109874239893748,0.4318028197499588,-0.05983119584107188,0.000915852638403658,1.0,NIFTY
NIFTY,2024-03-20,22080.0,22149.85,21963.95,22076.15,2738500,3080100,245900,202627125,161047700,4550050,15480775,366754925,0.7947983272229717,0.9337451881583331,120445750,55048750,0.457041863245486,73368600,98328200,22000.0,-0.0034494239258204646,0.000915852638403658,-0.00824807106998049,-0.02235512677721707,-0.01858697222623551,0.008420852367826718,0.6035502958576745,0.0010904087105746646,22430.375,22145.281000000003,-0.015792201423293073,-0.003121703445533197,0.0009154335012684015,46.08471284028645,0,-4.5118956400838215,67.32380428975382,-71.83569992983765,0.046897359166268276,0.034853474687843104,-1,-1,12.112052679871407,10.868805973020924,0.010557773887204074,0.09808240654999982,58.18181818181818,0.37430133792744136,0.3722463586818438,0.012766094662136452,-0.00682619679038079,0.00023475919704703078,0.8664054426544627,0.7947983272229717,0.8840977901201894,0.059897910301932256,-0.0034494239258204646,0.022971108594974962,0.10634816253760943,1,0.11361307940297544,0.1132061291799574,1.0035947711100666,0,0,0.009848832956582433,-0.00824807106998049,-0.02235512677721707,15.52841473945645,0.01178217622881994,0.39854961442214387,0.03725483694000209,0.008624692258387245,1.0,NIFTY
NIFTY,2024-03-21,22202.0,22308.0,22185.0,22266.55,3157700,3399300,319200,254820375,246277150,52193250,85229450,504496825,0.9664735404301952,0.9971793445428427,183981450,99062200,0.5384358042617884,58363000,141360500,22000.0,-0.01197087110486354,0.008624692258387245,-0.006924064972482102,-0.020628487104996318,-0.003559905307861322,0.0055239810388228085,0.6630081300807559,0.005700722272678821,22426.3975,22159.021,-0.007127649458634644,0.0048526060785807346,0.008587712076448366,49.54008954008951,0,-8.954223596774682,52.06814163423768,-61.022365231012365,0.2982148305699302,0.035322959951752525,-1,-1,32.665839045713426,15.551233421249243,0.010658845410973606,0.09646719986600102,50.0,0.3403335554221982,0.3873390097187717,0.009828171584392687,-0.05215910613341137,3.943550157687464e-05,0.8320458631913176,0.9664735404301952,0.8866262431901228,0.17167521320722345,-0.01197087110486354,0.2575827397245063,0.5292186724802652,1,0.11786418782132647,0.1159397625183735,1.016598491833103,0,0,0.009187053264018166,-0.006924064972482102,-0.020628487104996318,15.455059350561486,0.007708839619983587,0.45522164513735586,0.4290175466613988,0.0030898365485447776,1.0,NIFTY
NIFTY,2024-03-22,22240.0,22420.4,22122.7,22335.35,4989800,4073150,673850,131573275,161877700,36098750,49918400,297524125,1.2303235592486392,0.9778076250398695,75401750,56950400,0.7552928148219371,45340800,98713250,22000.0,-0.015014315871477214,0.0030898365485447776,0.0017851095846479481,-0.01574301754757057,-0.008047414013248044,0.013328647189320997,0.7143097077592404,-0.0011923715169165979,22417.3375,22173.390999999996,-0.0036573254963933044,0.007304205297241406,0.0030850728138482977,42.454435745892155,0,-6.906956603499566,40.273086682258366,-47.18004328575793,0.39639932343116885,0.03530213911262587,-1,-1,40.09283748042946,28.29024306867144,0.01058827630383483,0.09619527524907547,49.122807017543856,0.33461498309516846,0.4295980202430349,0.008353015360443684,-0.06821351334668206,8.180878787475941e-06,0.8514220024592933,1.2303235592486392,0.9350375488114796,0.26385001881844405,-0.015014315871477214,0.14166351493674711,0.2026919671597629,1,0.12067967869269196,0.11298189955871193,1.0681328518747955,0,0,0.010156363343993073,0.0017851095846479481,-0.01574301754757057,14.89313166849963,-0.005534855709842468,0.9128928008709953,-0.17551232108007053,-0.003348951326036964,0.0,NIFTY
NIFTY,2024-03-26,22260.0,22322.95,22210.0,22260.55,7302400,5931950,1858800,162747525,178816650,31174250,16938950,347496125,1.0987365245646592,0.9926366824225014,101611350,64501350,0.6347848936167072,50106150,107726200,22000.0,-0.011704562555731969,-0.003348951326036964,-0.001690715639119711,-0.013922573128946514,-0.011257439815226089,0.005073998620878673,0.4475431606901655,-0.0033735759681401255,22404.665,22184.42,-0.006432365759541647,0.0034316876438509336,-0.0033545716150868597,38.36503067484662,0,-11.127473345019098,29.992950060766105,-41.1204234057852,0.3193488836964109,0.03560656524664551,-1,-1,37.44713086294569,36.7352691296962,0.010027829501068038,0.0963295617734818,50.0,0.33743902753456284,0.4452147905087746,0.008490416684520507,-0.07810080908817033,0.00015934385870319378,0.8489921691328005,1.0987365245646592,0.9650464736775008,-0.13158703468398003,-0.011704562555731969,0.23693451424690917,0.10464041680849184,1,0.11947772805436734,0.11346342780402559,1.0530065084533584,0,0,0.00987571810279121,-0.001690715639119711,-0.013922573128946514,14.849711128267137,-0.006438787874581742,1.268192378893486,-0.06724979817476329,0.003200729541722902,1.0,NIFTY
NIFTY,2024-03-27,22265.0,22380.0,22254.2,22331.8,9610200,8352800,2420850,187974025,217583100,25226500,38766450,413909925,1.1575168430851017,0.9966521089559174,126160300,95120000,0.7539614284366793,49713800,115057500,22000.0,-0.014857736501311999,0.003200729541722902,0.01250682922295332,-0.011930650467116166,-0.004631012181478655,0.005633222579460647,0.6168521462634127,0.00019990521348307782,22399.47,22197.487,-0.0030210536231438656,0.006050820077065477,0.0031956181108908433,42.41483240478578,0,-8.679223473467573,22.258500537657618,-30.93772401112519,0.415387078180917,0.03570440020503293,-1,-1,46.44277507732497,41.327581140233384,0.00988772576709957,0.09634907495061339,50.847457627118644,0.33784938947979143,0.4623802159317003,0.007602868060197521,-0.07658329203203243,0.0028269636421044226,0.8477881774227521,1.1575168430851017,1.0495697589103135,0.05878031852044252,-0.014857736501311999,0.1550038933003743,0.2167944092454478,1,0.12110834339218264,0.11364758017590261,1.0656482355204353,0,0,0.009753686102492776,0.01250682922295332,-0.011930650467116166,14.943251196579512,0.006549680867759866,1.3496247035524802,0.07220443741332838,0.007003465909599882,1.0,NIFTY
NIFTY,2024-03-28,22340.0,22640.0,22340.0,22488.2,25209400,10663650,2310850,254274825,272991100,66300800,55408000,537929575,1.0736064807044898,0.9868434390489587,177695200,116034900,0.6529996308285199,54131550,148987400,22300.0,-0.008368833432644707,0.007003465909599882,0.018664939312334816,0.010262918496389162,-1.5563475635360646e-05,0.01334032959507653,0.4939999999998378,0.00036718938912227083,22399.452500000003,22208.311,0.003962038804296464,0.012602894474955662,0.006979055547383914,42.47787610619474,0,5.6995880570939335,18.946712966245194,-13.24712490915126,0.6109722618946178,0.03570296519734174,-1,-1,66.18900321948541,50.026303053252036,0.009921076069100355,0.09974498398006998,61.66666666666667,0.4092653268102358,0.6501412146661947,0.006006980088008929,-0.12480473089752156,0.002697730706401576,0.85834124444567,1.0736064807044898,1.105331389606617,-0.08391036238061189,-0.008368833432644707,0.352712562280879,0.2546521306112469,1,0.0986094352645593,0.11620667716911671,0.8485694418075055,0,0,0.009063662188046322,0.018664939312334816,0.010262918496389162,13.856222519225744,0.00380273636787698,2.9959104742581792,0.27995786483786067,0.005087112352255785,1.0,NIFTY
NIFTY,2024-04-01,22539.95,22647.0,22515.1,22602.6,12752600,9897250,-766400,130344225,139668450,42715650,36031000,279909925,1.071535390233054,0.9518483610307147,72897900,43951100,0.602913115466975,41909550,91989750,22500.0,-0.00453930078840481,0.005087112352255785,0.015092144943873231,0.008063580979225549,0.017621740383229945,0.005835611832267149,0.6633813495066923,0.002301206855150701,22419.0225,22217.697,0.008188470304626216,0.017324162805892884,0.005074216712103748,47.37701095826533,0,25.94701584833456,20.346775259134443,5.600240589200116,0.7298272703583931,0.03562880197747617,-1,1,83.81783581598705,65.48320470426582,0.010111984588372248,0.09583325143739099,45.0,0.32700162548660966,0.6315293730148859,0.004848482875481031,0.04623977727391295,0.0028928726142743483,0.8891299535367523,1.071535390233054,1.1263437595671886,-0.0020710904714358325,-0.00453930078840481,0.1679900871035896,0.131985987821581,1,0.0952817290254135,0.10778317721416943,0.8840129916348972,0,0,0.008376361977450949,0.015092144943873231,0.008063580979225549,13.177970496090241,-0.001916353557344097,0.7181651850793966,-0.25427736624101194,-0.001110491713342654,0.0,NIFTY
NIFTY,2024-04-02,22580.0,22611.55,22507.1,22577.5,8378700,10051250,154000,156254325,155947300,25910100,16278850,322252875,0.9980350943885873,0.9467323191303889,93711150,52075650,0.5557038836894009,48010450,100253650,22500.0,-0.003432620972206843,-0.001110491713342654,0.010841558336896595,0.012646021291244258,0.013193618596719636,0.00462628723286461,0.6740067017705463,-0.0009998849689858045,22433.7225,22228.657000000003,0.006408989858905478,0.01569339074330922,-0.0011111087661289923,50.08164145537452,0,39.52603096915118,24.182630163333332,15.343400805817847,0.679712615028751,0.035662437263389316,1,1,84.62758620688477,78.21147508078576,0.009890852144201701,0.09491681167237706,40.0,0.30772890520533785,0.6698946461676785,0.0049810325466322245,-0.06606606059773283,0.0024743690896334982,0.8818841027014511,0.9980350943885873,1.0798860665951784,-0.07350029584446671,-0.003432620972206843,0.19878210944903774,0.11655352371992386,1,0.08922282519595506,0.10762957546624621,0.8289805541511055,0,0,0.008018199107796218,0.010841558336896595,0.012646021291244258,13.12162666912433,-0.006197604065598439,0.05933044479817129,-0.15263438885046665,-0.001545786734580945,0.0,NIFTY
NIFTY,2024-04-03,22486.0,22630.75,22450.0,22542.6,12558800,10129250,78000,193472925,183896800,37218600,27949500,387498975,0.9505040563169239,0.8738630678540649,114187300,78358950,0.6862317438103888,67019750,99509950,22500.0,-0.0018897553964493247,-0.001545786734580945,0.012670396733234224,0.010958259056203845,-0.001620960884353817,0.008018152298315191,0.5123098201933461,-0.004052707341379692,22431.892499999998,22247.717999999997,0.004935272402896818,0.013254482999110362,-0.001546982695521278,48.196168582375414,0,46.94904536865943,28.735916777078963,18.213128591580464,0.639238738646767,0.03544467905167042,1,1,84.71561379107148,84.38701193798111,0.009988073374727955,0.09334541518131984,33.33333333333333,0.27468245067631863,0.6557468797389742,0.0037803339759635347,-0.07296788996785439,0.0023373498007330765,0.9627344573941746,0.9505040563169239,1.0502395729456313,-0.04753103807166337,-0.0018897553964493247,0.23819244683307167,0.17922400708444455,1,0.09021161107540707,0.09695863108265976,0.9304134142060853,0,-1,0.007977571545031913,0.012670396733234224,0.010958259056203845,13.378108720980068,-0.0004352950212382911,0.4049713441244547,-0.002063557748629319,0.0030897057127394767,1.0,NIFTY
NIFTY,2024-04-04,22640.05,22669.0,22420.05,22612.25,21836000,9809350,-319900,250493375,253153200,57020450,69256400,513455925,1.010618344696741,0.9791664392721964,168897450,118245550,0.7001026362446562,66809400,131277250,22500.0,-0.0049641234286725115,0.0030897057127394767,0.012558324899918594,0.025222218947721586,-0.0012190893490900967,0.011009519176552565,0.7720425788307812,0.0043229263705162994,22430.5125,22269.414,0.008102244654463409,0.015394926871447945,0.00308494238105049,62.967186580341405,0,57.74728341155787,34.53819374612303,23.209089665434846,0.7302296413199522,0.03519201353921398,1,1,91.95092546626593,87.09804182140739,0.009320485261623346,0.0924928390934624,25.0,0.256752782969759,0.7741991965637762,0.003397496291875646,-0.09975390461481708,0.0023522057586574364,0.9523476595880094,1.010618344696741,1.0208598732679595,0.06011428837981703,-0.0049641234286725115,0.2947205661980869,0.3766047043776727,1,0.060747898344347365,0.09712087604461644,0.6254875445510971,0,-1,0.008081060193138588,0.012558324899918594,0.025222218947721586,14.590836675242874,0.004635492447320422,1.0119022500762433,0.2578246748351285,-0.0007407489303364878,0.0,NIFTY
NIFTY,2024-04-05,22570.0,22618.0,22505.1,22595.5,8681700,9685800,-123550,134156525,137831100,48674550,37906100,281673425,1.0273902070734167,0.8515916585312385,63386550,45570800,0.7189348528986039,60604700,88700400,22500.0,-0.004226505277599522,-0.0007407489303364878,0.004771391218505672,0.02352538825836925,0.0006443484441531755,0.004996570113518243,0.8007085916733412,-0.0018684562571172705,22431.239999999998,22287.880999999998,0.00732282299150655,0.013802074768794803,-0.0007410234203858963,57.154625586951184,0,64.22012512391666,40.4745830027473,23.745542121169358,0.7074478420153544,0.03529958624954711,1,1,89.5752074320843,88.74724889647392,0.008783512519875941,0.09187864109793784,21.666666666666668,0.14543597443340786,0.7601387292481551,0.003403039946915443,0.050455317137034904,0.003131990782225099,0.9501961294816232,1.0273902070734167,1.0116166185417446,0.016771862376675717,-0.004226505277599522,0.1943147199002768,0.149735812148533,1,0.06250185827991102,0.09669439619064998,0.6463855267479935,0,-1,0.0077386319677077405,0.004771391218505672,0.02352538825836925,16.092151584865487,-0.0038304546430759645,-0.24162257495590833,-0.21090647231899473,0.006771259764112303,1.0,NIFTY
NIFTY,2024-04-08,22653.0,22773.3,22625.1,22748.5,10983300,10465700,779900,145668325,187864100,11511800,50033000,343998125,1.2896702148528172,0.8750558196173577,91596150,69383800,0.7574969035270587,43091550,115048450,22500.0,-0.010923797173440008,0.006771259764112303,0.006455009600665473,0.021644574485045975,0.0005695925543918179,0.006514715255950974,0.8326585695001187,0.002544754486512801,22431.8875,22318.965999999997,0.014114394074060899,0.019245246397167515,0.006748437749319096,68.25454398903807,0,80.69303985524675,48.51827760467691,32.17476225056984,0.8977155046309865,0.03548866943759869,1,1,96.93581268918314,92.82064852917779,0.008492082680490693,0.08920702477971483,10.0,0.05474063048661296,0.7444076521447561,0.004522170974336381,-0.08972848886664697,0.0025086821560913906,0.9232329045822321,1.2896702148528172,1.0552435834656972,0.2622800077794005,-0.010923797173440008,0.08580872231149399,0.36300225420823024,1,0.05779467087215763,0.09662461578723541,0.598136099600191,0,-1,0.007837705389420557,0.006455009600665473,0.021644574485045975,18.14853985932346,0.007512008694448791,-0.10195915223596497,-0.06971179690161766,-0.0005780600918742218,0.0,NIFTY
NIFTY,2024-04-09,22820.0,22845.0,22702.15,22735.35,11449300,11419350,953650,182437875,199478200,36769550,11614100,393335425,1.093403439389984,1.1559182877983987,107478950,81317600,0.7565909417611542,64185500,114584050,23000.0,0.011640462979457165,-0.0005780600918742218,0.00699147381242371,0.017908830620518623,0.001883874038232758,0.0062831669624614775,0.23241162058084838,0.0031430643778710683,22434.025,22344.121,0.013431606677802854,0.017509258923186,-0.0005782272330239867,67.46862760770517,0,91.63446817049044,57.14151848924238,34.49294968124806,0.8726105641909121,0.036047305064912584,1,1,87.55462232562407,91.35521414896385,0.0083556161283137,0.08987075400182234,11.666666666666666,0.07098261080929398,0.7132762432394096,0.004752514132413998,-0.08815842484503719,0.0025762154887921875,0.9323840435029379,1.093403439389984,1.0743172524659765,-0.1962667754628331,0.011640462979457165,0.2524196663893815,0.061821816941076024,1,0.059043436088000785,0.0963881294782162,0.6125592056445989,0,-1,0.007133157366734605,0.00699147381242371,0.017908830620518623,20.903706541313714,-0.007349319855986525,-0.11081961814939767,0.024331342516892507,0.0033889955509813774,1.0,NIFTY
NIFTY,2024-04-10,22785.9,22829.0,22753.0,22812.4,7969600,11433350,14000,185157625,232329800,2719750,32851600,428920775,1.254767660797118,1.0112942985067022,114921150,89203700,0.7762165623995235,57966450,139585700,22700.0,-0.004927144886114633,0.0033889955509813774,0.011968450844179523,0.0247904925978919,0.010522772022848459,0.0033315214532447265,0.7815789473674117,0.0022234098001571523,22445.9025,22373.86,0.016328035818564235,0.01960055171526065,0.0033832658472034644,84.83215913800245,1,105.27709400661843,66.76863606794663,38.508457938671796,0.9216630316432453,0.038722948404864566,1,1,96.29986947391238,93.59676816290653,0.007812010761064775,0.08858109562101421,6.666666666666667,0.03942364768641776,0.7704648175027777,0.00545886625673746,-0.06575884721673612,0.002845779145811845,0.9331210507387823,1.254767660797118,1.1351699733620155,0.16136422140713402,-0.004927144886114633,0.014907814509459726,0.16468767013137275,1,0.05190239385607147,0.09492990803022779,0.5467443809686423,0,0,0.006958909649971212,0.011968450844179523,0.0247904925978919,24.679271994958885,0.003967055642855599,-0.38425213397862623,0.09341374782269463,-0.009247163823183913,0.0,NIFTY
NIFTY,2024-04-12,22738.05,22767.4,22590.0,22601.45,17029100,10886200,-547150,158047725,136717300,68188250,18287400,305651225,0.8650380763152395,0.9315321064485598,67269150,52729300,0.7838556009701326,81579950,80090800,22000.0,-0.026611124507498442,-0.009247163823183913,-0.00047761722075423396,0.012074709606928247,0.0,0.00784905393238051,0.0645434047350292,-0.003259192369062535,22445.9025,22383.374000000003,0.006929883973255224,0.009742767109194306,-0.00929018425930238,70.5741814193952,1,98.01381114596734,73.01767236890298,24.99613877706436,0.6789606488844141,0.038722948404864566,1,1,66.28132354976245,83.37860511643298,0.008000276846965889,0.08894612503115311,8.333333333333332,0.041043621617260335,0.6648128604430513,0.007058999642106434,0.056730299979317736,0.00036994659972995527,0.8804897574333161,0.8650380763152395,1.1060539196857149,-0.38972958448187855,-0.026611124507498442,0.3682713579848521,0.0787131052495203,1,0.07797366889177482,0.1010189206543274,0.7718719256702673,0,0,0.007180492785263197,-0.00047761722075423396,0.012074709606928247,27.91863272532865,-0.01263615937416529,0.24437608011779455,-0.12849312931571844,-0.010802404270522481,0.0,NIFTY
NIFTY,2024-04-15,22420.0,22517.7,22342.0,22357.3,17962500,11622900,736700,180669275,146059250,22621550,9341950,338351425,0.8084343616256832,0.9854751944276874,76755300,68142450,0.8877882048536062,97945050,70503900,22000.0,-0.015981357319533186,-0.010802404270522481,-0.010541922064127851,-0.005820830479985162,0.0043823493076067255,0.007858730705407215,0.08708025042680992,-0.008028245975368869,22450.78,22392.281999999996,-0.004163775156141525,-0.001562234702117249,-0.010861173857969624,53.41075656782049,0,71.81224331834892,72.77658651912138,-0.9643432007724613,0.39077591193636374,0.03812140004975264,1,1,32.479579122243706,65.02025738197285,0.008175821128413804,0.07971262350051161,1.6666666666666667,0.0,0.5136848762505686,0.006603956802958955,-0.05495007699872891,0.001835084362911266,0.8542940962455184,0.8084343616256832,1.0622627505961684,-0.056603714689556384,-0.015981357319533186,0.14313113333330169,0.06833041612144183,1,0.09107425765945922,0.0933081754461444,0.9760587121802587,0,0,0.006632332896296266,-0.010541922064127851,-0.005820830479985162,29.24252839868615,-0.0015552404473385684,0.3859782595276602,-0.06546023666059897,-0.007002187205073951,0.0,NIFTY
NIFTY,2024-04-16,22176.55,22249.8,22113.85,22200.75,15702600,11034550,-588350,209439475,160208600,28770200,14149350,380682625,0.7649398471801937,0.8728633559628418,82229600,74818050,0.9098676145816105,121446250,72756550,22500.0,0.013479274348839566,-0.007002187205073951,-0.024078510671033282,-0.017778928087919033,-0.00985870893505425,0.006123666993232244,0.6392055902900852,-0.008084607712022471,22439.7275,22394.631999999998,-0.01064975053730044,-0.008657521141673508,-0.007026817562828256,45.254213384105554,0,38.026981511291524,65.82666460266515,-27.799683091373623,0.22982101130828664,0.039417389889830914,1,1,11.885386035695738,36.88209623590064,0.008058929798060242,0.07606310758436491,1.6666666666666667,0.0,0.4110764974453625,0.005861598477158903,-0.03571894541809968,0.00018735064000778828,0.8198474867894103,0.7649398471801937,0.9573166770616437,-0.04349451444548946,0.013479274348839566,0.1592423504217859,0.0968740425546482,1,0.09026904771206486,0.0927771429784453,0.9729664518311392,0,0,0.006661138412392775,-0.024078510671033282,-0.017778928087919033,29.1464667287738,0.00380021706544853,0.18464054753016934,0.03057576580763066,-0.006556084816954355,0.0,NIFTY
NIFTY,2024-04-18,22229.9,22342.9,22027.55,22055.2,27031300,11490050,455500,290195875,253590650,80756400,93382050,555276575,0.8738602848851659,1.0423533432109364,124001700,158055250,1.2746216382517337,160249850,75743200,22000.0,-0.0025028111284413983,-0.006556084816954355,-0.02991596786502071,-0.023133650758498492,-0.010780178107290372,0.014298215386847645,0.08768035516090851,0.0013130187043231176,22427.71,22395.294000000005,-0.016609364041179298,-0.015185958264267718,-0.006577670337076848,43.10373778419592,0,-0.4437797182763461,52.57257434265823,-53.016354060934574,0.10446078946315174,0.041991700440107166,-1,-1,3.3824698758331455,15.915811677924205,0.00872745267717884,0.0799796039324384,5.0,0.0756489554418446,0.36485682381210977,0.0044809549835855165,-0.09876108866625125,0.0003441016670316186,0.8552696765529137,0.8738602848851659,0.9134080461606799,0.10892043770497217,-0.0025028111284413983,0.38558347226567485,0.5828778854568356,1,0.09323266741329307,0.0935139009829764,0.9969926003896064,0,0,0.00762833122779108,-0.02991596786502071,-0.023133650758498492,26.62036276058642,0.0004461023881195958,0.7877347322362738,0.3820533068725207,0.0033325474264571664,1.0,NIFTY
NIFTY,2024-04-19,21989.9,22168.9,21813.6,22128.7,24898800,10340100,-1149950,132492225,136601100,16054500,28867350,279433425,1.0310121971308128,0.8126829798219034,49111150,54360600,1.1068891687529208,77017300,72258100,22000.0,-0.005815976537257079,0.0033325474264571664,-0.029970542336623995,-0.018360792455173636,-0.007603735719170723,0.01605607197892343,0.886856177877599,-0.002960753019696002,22419.232500000002,22393.236,-0.012959074312646535,-0.011813210024669951,0.0033270067964780254,43.18959157668843,0,-24.73480666298201,37.11109683890328,-61.84590350188529,0.2014341889597183,0.04340441481727144,-1,-1,30.55070777583587,15.27285456245493,0.00943926084354581,0.08520538872287009,6.666666666666667,0.17658742841003588,0.40626186611091586,0.0056652703036967015,0.01868648668852695,0.00043008399037088203,0.9016639349148984,1.0310121971308128,0.868656953427419,0.15715191224564695,-0.005815976537257079,0.055322977971344355,0.11383444145121281,1,0.09748929308674596,0.09449794467020091,1.0316551679914245,0,0,0.008432123195851902,-0.029970542336623995,-0.018360792455173636,26.21179051018996,0.009888632243411521,0.5224508114625894,-0.24859058007448143,0.010371146972031786,1.0,NIFTY
NIFTY,2024-04-22,22261.25,22399.0,22186.0,22358.2,11752800,9639250,-700850,150674775,171257750,18182550,34656650,331571775,1.136605314326834,0.8979793472353328,75135500,58213350,0.7747782339905903,66248300,106361750,22000.0,-0.01602096769865198,0.010371146972031786,-0.010762583816525062,-0.011235060641908712,0.013703785146411684,0.009526706085463051,0.808450704224976,0.005989958741362994,22434.345,22398.612,-0.003394126282715182,-0.0018042189399950503,0.0103177356013135,45.84452116097687,0,-25.232933875187882,24.64228985568912,-49.875223730877,0.4166738837358893,0.04073304307090265,-1,-1,52.80201667635724,28.911731442675432,0.009221289216995518,0.08500897925715652,6.666666666666667,0.17279368788288557,0.4680633691209338,0.0045457583379785674,-0.07610963907282897,0.0028526218707306547,0.9115631142734376,1.136605314326834,0.9229704010297379,0.10559311719602116,-0.01602096769865198,0.13723484528997834,0.25370696136414717,1,0.1133495187235475,0.09325627357547997,1.2154626627908112,0,0,0.008283841886742952,-0.010762583816525062,-0.011235060641908712,27.111133290798303,0.00703859954557462,-0.23415069626810725,-0.12064660306980657,0.0005747332075032308,1.0,NIFTY
NIFTY,2024-04-23,22448.0,22448.0,22345.0,22371.05,9746100,8797200,-842050,174857975,185711000,24183200,14453250,369366175,1.0620676580521993,0.8768625739570024,91849650,71019450,0.7732141603152544,74009550,107715850,22000.0,-0.01658616828445689,0.0005747332075032308,0.0006150116516752124,-0.009933393817353031,0.013358307494739652,0.004604164757577315,0.2529126213589707,0.00401642350457547,22449.09,22400.912,-0.0034763101756017933,-0.0013330707249776808,0.0005745681116276866,42.08457252247637,0,-24.313394637843885,14.851152429045436,-39.16454706688932,0.4084559633206877,0.037974184902742326,-1,-1,54.04789606359762,45.80020683859692,0.009037828545629954,0.08366495055192406,6.666666666666667,0.14683314596007666,0.4792285726028098,0.006193993001416565,-0.07750968656758446,0.0013868821139412253,0.8971773475687309,1.0620676580521993,0.9736970603150411,-0.07453765627463471,-0.01658616828445689,0.16049932711032752,0.08439472082285328,1,0.11366023342040467,0.09325352528006949,1.2188304190877977,0,0,0.008244601351148859,0.0006150116516752124,-0.009933393817353031,27.76442826001345,-0.009796413764528555,-0.3692881558630491,-0.03626707255349193,0.0019511824433811054,1.0,NIFTY
NIFTY,2024-04-24,22440.0,22488.0,22382.0,22414.7,11104100,7429650,-1367550,197666575,204748550,22808600,19037550,409844775,1.0358278833940437,1.0133530059948974,110680900,90216150,0.8151013408817601,77851550,107596250,22500.0,0.003805538329756779,0.0019511824433811054,0.0096370618109749,-0.014673494955711353,0.006653477974809752,0.004729039425020187,0.3084905660374517,0.003082108349853973,22456.4975,22403.306,-0.0018612653197588314,0.0005085856524924548,0.0019492813594235137,44.50445584661091,0,-19.843063691885618,7.912308905545866,-27.755372597431485,0.4499975643940637,0.037223493159998206,-1,-1,58.280007756442025,55.04330683213231,0.009060061987382035,0.0834406951639003,6.666666666666667,0.14250154844319202,0.43831798739888,0.005709239435502433,-0.0744055256352987,0.0004819954927697701,0.9417066245475204,1.0358278833940437,1.027874667557811,-0.026239774658155524,0.003805538329756779,0.13044071910360394,0.10251169828389271,1,0.10683302420308871,0.08860582786047828,1.2057110312285608,0,0,0.008066033768055779,0.0096370618109749,-0.014673494955711353,28.796213675026852,0.0013764492358778746,-0.28196748449040454,0.05331870362044144,0.007535233574395228,1.0,NIFTY
NIFTY,2024-04-25,22370.0,22647.15,22317.0,22583.6,18925200,6649400,-780250,301797375,319835150,104130800,115086600,628281925,1.059767832639366,0.9469364683475037,221399150,152366300,0.6881973124106393,64904350,163737350,22600.0,0.0007261906870473023,0.007535233574395228,0.02395806884544216,-0.006674627837266689,0.011114668003859407,0.014619015568819917,0.8075117370889493,-0.001994227002815149,22468.91,22412.877,0.005104386461114441,0.007617183639565761,0.00750698551694201,51.26919266963843,0,-2.674472024282295,5.7949526465129555,-8.46942467079525,0.6373366136248134,0.03716697482476264,-1,-1,74.65580764009349,62.32790382004439,0.009464832887582174,0.08444173763211667,10.0,0.1618371510694383,0.5071798685954391,0.0067368291840813384,-0.08927381324332966,0.0017002038906755758,0.920049393177177,1.059767832639366,1.065056177108651,0.02393994924532228,0.0007261906870473023,0.5268002443002819,0.5620874970787338,1,0.11606600306326356,0.09177956984299701,1.2646169854069977,0,0,0.008899618628691625,0.02395806884544216,-0.006674627837266689,28.609481959240775,0.005584051131014123,0.16734239193792821,0.5563104388890736,0.00938955702368105,1.0,NIFTY
NIFTY,2024-04-26,22985.0,22985.0,22772.6,22795.65,232700,29650,29650,132300475,126774475,41454250,10464075,259104600,0.9582314424797038,0.9271233022858436,77159025,27192875,0.35242636878835626,42870800,96773475,22500.0,-0.01296957972244711,0.00938955702368105,0.03013959247493081,-0.0007342497939717418,0.0240380403898377,0.009317567167420163,0.10852165725043268,0.01777395986468063,22495.665,22426.022999999997,0.013335235922121047,0.016482057474033862,0.009345749144017612,55.21734182976789,0,27.683609912899556,10.172684220646246,17.51092569225331,0.8490365530712454,0.03820584349913419,1,1,83.83558135563581,72.25713225072379,0.009854480381752068,0.08605318742165056,15.0,0.19296305608532935,0.5581098568643946,0.005129967425256199,-0.07110760008222758,0.0015861471147147962,0.8998954742297809,0.9582314424797038,1.0505000261784294,-0.1015363901596622,-0.01296957972244711,0.13735788788752717,0.032717088787770826,1,0.12543671971351078,0.09562575854191711,1.3117461392722083,0,0,0.009498223200109167,0.03013959247493081,-0.0007342497939717418,27.147316425157438,0.0018543234492858218,-0.984927311685317,-0.3516450120529079,0.0072777042988463325,1.0,NIFTY
NIFTY,2024-04-29,22799.0,22971.0,22790.05,22961.55,381500,61150,31500,132320525,163205100,20050,36430625,295586775,1.2334072888540912,0.848018058044047,76329725,21373225,0.280011817152492,33208675,138905975,22500.0,-0.020100994924123122,0.0072777042988463325,0.02698562496086443,0.015932606093856716,0.028199697292649928,0.007880565554154695,0.9477756286261649,0.00014695786257459405,22527.1525,22445.41,0.01928328491583642,0.02299534737837261,0.007251349599472481,59.598793759013994,0,64.3582221663346,21.009792049127817,43.34843011720678,0.9625048500015504,0.04169315179239226,1,1,97.99812190540389,85.49650363371109,0.009994969851773977,0.0868618575424884,16.666666666666664,0.20858289700985985,0.6983652885319239,0.004144618061108218,-0.061950601748351805,0.0023163976778883696,0.8879425677834093,1.2334072888540912,1.069860421083881,0.2751758463743874,-0.020100994924123122,0.0001515489645823267,0.2873656151997474,1,0.11874540163909114,0.09782373388239436,1.213871080206999,0,0,0.009501374362286586,0.02698562496086443,0.015932606093856716,25.685150891073636,-0.0021118527248347174,-0.9723024068954301,-0.2467914901467586,-0.001023450071968135,0.0,NIFTY
NIFTY,2024-04-30,22999.0,23058.75,22921.0,22938.05,458100,81925,20775,158267575,175668625,25947050,12463525,334018125,1.1099470311590987,0.923911769366486,100211575,39764500,0.39680545885043716,42917950,132874450,22000.0,-0.040894932219608875,-0.001023450071968135,0.025345256481032363,0.025975855760758337,0.020003824227817102,0.006005305594852222,0.12377495462785405,0.0016309874551152135,22549.644999999997,22461.878000000004,0.017224439675214587,0.02119911790100515,-0.001023974154605163,55.332676888451225,0,90.48653247045877,34.90514037890355,55.581392091555216,0.8856137762868656,0.044667594195070943,1,1,90.30638878849207,90.7133640165106,0.009880494885759102,0.08306313536138597,6.666666666666667,0.13520880458781018,0.781364525333502,0.003845566182365401,-0.06515691636005667,0.0016669720730414297,0.8664535764330868,1.1099470311590987,1.0794362957052608,-0.12346025769499258,-0.040894932219608875,0.1960924051654118,0.07636725200376704,1,0.09856247063751404,0.09586564997132918,1.0281312499751296,0,0,0.009316031851231088,0.025345256481032363,0.025975855760758337,23.082052947154683,-0.008301154370814467,-0.961899042860042,-0.13324722412834056,0.002814101460237417,1.0,NIFTY
NIFTY,2024-05-02,22926.55,23025.0,22926.55,23002.6,400100,116725,34800,238483075,272257250,80215500,96588625,510857050,1.1416208466785327,1.1140717846144135,171554325,76136700,0.44380519115446376,45916675,193153100,22650.0,-0.0153287019728204,0.002814101460237417,0.026228323377069485,0.036118149161627366,0.017697079097094948,0.00427995096206519,0.7724733367183491,-0.00050135037633975,22569.645,22477.894,0.019183066459397047,0.02334320110238086,0.0028101492895265734,57.30730320181554,0,115.06535117869134,50.93718276547044,64.1281684132209,0.8988710255994826,0.04809340671100863,1,1,95.49050315222287,94.59833794870629,0.009714895583232248,0.08263092014926221,6.666666666666667,0.12686036597907224,0.8646806398077136,0.0043377866416309365,-0.1491248716415691,0.0017440949303727492,0.8705527559348439,1.1416208466785327,1.1005948883621586,0.031673815519434045,-0.0153287019728204,0.506834706982779,0.5498342404626894,1,0.08290118285485876,0.09491776287983104,0.8734000913240478,0,0,0.009131660248114381,0.026228323377069485,0.036118149161627366,20.06539170209994,0.003837551532205552,-0.9618700723429845,0.2596036052447164,-0.00829688817785812,0.0,NIFTY
NIFTY,2024-05-03,23070.0,23105.0,22721.05,22811.75,842200,157250,40525,148098625,131844125,59998275,19271175,280100000,0.8902454361071888,0.9892323788796887,76960350,30888200,0.40135212482791466,58928100,97888175,22000.0,-0.035584731552818175,-0.00829688817785812,0.010102463734745548,0.03430256810185339,0.0103753737127672,0.01683123828728619,0.23622867560874317,0.002930103553511406,22581.357500000002,22488.388,0.010202774567472206,0.014379065320288875,-0.00833149892854747,49.98326855260106,0,117.81138153446955,64.31202267051054,53.499358863959,0.7081443196107057,0.04901779009175667,1,1,77.29208610809377,87.6963260162696,0.010705166040683962,0.08947940271553977,28.333333333333332,0.2591420040700721,0.8499055066551323,0.005443174343047219,0.04781133568529048,0.0007279563757715529,0.8929072254237213,0.8902454361071888,1.066690409055723,-0.25137541057134394,-0.035584731552818175,0.2515829477626452,0.07078296353907931,1,0.08908304251015174,0.10021130984105027,0.888951981194091,0,0,0.009384962538158237,0.010102463734745548,0.03430256810185339,15.151177094749917,-0.011110989638095536,-0.8930425594603106,-0.16620355391372177,-0.0007101603340383678,0.0,NIFTY
NIFTY,2024-05-06,22877.0,22924.45,22755.9,22795.55,340100,166425,9175,169859125,144856300,21760500,13012175,314881850,0.8528025797848658,0.9847703368974176,99213425,35230650,0.3550996248743555,58408650,106502750,22000.0,-0.03489935535663756,-0.0007101603340383678,-4.386801867983792e-06,0.030135073456642125,0.01122097717210968,0.007393986984301729,0.23524176802120716,0.002860368012099028,22594.005,22496.712000000003,0.008920286598148364,0.01328363007002964,-0.0007104126173365206,55.553012530754664,0,117.32957773973249,74.91553378027703,42.414043959455455,0.6795593188692814,0.04967877275497655,1,1,76.03763357595815,82.94007427875827,0.010544037887093913,0.08922902169894065,28.333333333333332,0.2543057778400879,0.8155928744533627,0.006589655221954005,-0.09454361210716422,0.0005722426829293335,0.8920682001743434,0.8528025797848658,1.0456046365167553,-0.037442856322322915,-0.03489935535663756,0.14693249177701684,0.09869362779721888,1,0.09143979837278639,0.10002488777460641,0.914170466128565,0,0,0.008518754038696067,-4.386801867983792e-06,0.030135073456642125,11.38598299942329,0.007586727843819752,-0.937231119043093,-0.09279156720603687,-0.007150518412584961,0.0,NIFTY
NIFTY,2024-05-07,22803.55,22814.2,22571.8,22632.55,605900,190150,23725,193580175,150187275,23721050,5330975,343957600,0.7758401654508268,0.9193871235362959,106318925,40935750,0.38502787721000753,76482575,105723050,22500.0,-0.005856609175722545,-0.007150518412584961,-0.01432830100755389,0.01227066579599434,0.0008977434797510231,0.01071023813048028,0.25061881188108326,0.00035094568896122273,22595.02,22500.391,0.001660985473790122,0.005873631262674595,-0.007176205895160226,58.2580780654646,0,102.63066517517291,80.45856009937111,22.172105075801795,0.5334233681869495,0.049695334847682335,1,1,63.415672913112616,72.24846419905485,0.010566166239079846,0.08902914295380945,26.666666666666668,0.2504450265612978,0.6668770890137691,0.00745535629269638,-0.0848511417152454,0.0018043762580807476,0.8629509525380931,0.7758401654508268,0.9540912118361025,-0.07696241433403905,-0.005856609175722545,0.1396513139932871,0.03680181669696106,1,0.09409423896131794,0.1031682537757954,0.9120464428388825,0,0,0.00863710724319779,-0.01432830100755389,0.01227066579599434,10.663294820867517,-0.006440358078546593,-0.8592108932056882,-0.035893093431723644,0.0003335903378098859,1.0,NIFTY
NIFTY,2024-05-08,22639.2,22729.0,22545.0,22640.1,487200,202425,12275,216783750,167065025,23203575,16877750,384051200,0.7706528971844061,0.8355621269674606,137115000,45931425,0.3349846843890165,68116900,117575900,22500.0,-0.006188135211416847,0.0003335903378098859,-0.012989334315689494,0.012026704155593926,0.0019738443495385116,0.008127172583159968,0.5168478260866678,0.00029382460217701744,22597.25,22503.307999999997,0.0018962484373097332,0.006078750733003346,0.0003335347089243078,64.47563506968467,0,90.54626383356299,82.47610085789026,8.07016297567273,0.5381366357333406,0.049722488647566385,1,1,64.00030974136092,67.81787207681059,0.010375080372562752,0.09007021143006462,38.333333333333336,0.270553750219594,0.6648303799548753,0.007291947168612456,-0.08216081779200139,0.0016319640872070797,0.8733873646766772,0.7706528971844061,0.8862323850411642,-0.005187268266420686,-0.006188135211416847,0.11986545109797529,0.11237802936367279,1,0.09414947131487685,0.10312744949781744,0.9129428845767694,0,0,0.008989408025756054,-0.012989334315689494,0.012026704155593926,11.63770311777226,0.007484108750394847,-0.8557602636105527,0.047118580239787544,-0.013650558080573805,0.0,NIFTY
NIFTY,2024-05-09,22640.0,22640.0,22307.8,22331.05,859500,260200,57775,308664925,217904750,91881175,50839725,526829875,0.7059588970142947,0.9451525075814234,177995475,95235825,0.5350463263181269,123349175,113217450,22000.0,-0.01482464998287135,-0.013650558080573805,-0.02919452583620974,-0.003731925923612711,-0.01835066048310885,0.014876147785258675,0.06998795906078552,-4.416941621218317e-06,22576.3775,22503.006999999998,-0.010866557311951408,-0.00764151208769559,-0.013744583596214896,58.204693495136944,0,55.4235274668099,77.0655861546144,-21.642058687804493,0.28446263641551517,0.0504161187240895,1,1,40.06891745392288,55.828300036132156,0.010572882664656252,0.09440293548805007,55.00000000000001,0.354242338200935,0.5324100280469027,0.009321266545848084,-0.05062897135064415,0.0012124785389265192,0.8516773828566802,0.7059588970142947,0.7990999951083164,-0.0646940001701114,-0.01482464998287135,0.42383792604381093,0.3043110010608145,1,0.1198013874341683,0.11084353923575825,1.0808152477996544,0,1,0.010004118861779904,-0.02919452583620974,-0.003731925923612711,11.671523582586415,-0.01398414841838369,-0.6347604376925529,0.42400267452973583,0.0026801247590240163,1.0,NIFTY
NIFTY,2024-05-10,22338.45,22479.95,22315.0,22390.9,443700,264425,4225,138586775,126702075,17612300,17631350,265553275,0.9142436210092918,0.9469176149034654,65701000,36343150,0.5531597692576977,65220950,83471075,22000.0,-0.01745798516361564,0.0026801247590240163,-0.018448825714817985,-0.008532740572804953,-0.015150415542316109,0.007366832061239196,0.4601394361925136,0.0003313771631876448,22559.155,22500.494000000002,-0.007458391061189951,-0.004870737504696576,0.0026765396289639702,57.862540482187875,0,32.04327919100615,68.06112472852809,-36.017845537521936,0.3523295898078693,0.05050701119802886,-1,1,22.295973884654966,42.12173369331294,0.00993739165719749,0.09476072222694344,58.333333333333336,0.3611531561011078,0.49120211173167994,0.01036520518614854,-0.041781890067498814,0.00037935134750005216,0.8493312638940784,0.9142436210092918,0.803899632088737,0.2082847239949971,-0.01745798516361564,0.05705960921863733,0.0809131053820534,1,0.11315038469915029,0.1115709808061747,1.0141560447004028,0,1,0.009278900511021832,-0.018448825714817985,-0.008532740572804953,11.46405451783282,0.01633068283959782,-0.12156008711146327,-0.2765295428943627,0.0024474228369559814,1.0,NIFTY
NIFTY,2024-05-13,22375.0,22469.5,22160.0,22445.7,760600,278450,14025,149091475,143920225,10504700,17218150,293290150,0.9653149182406304,0.94705759953228,76421600,36178000,0.47340019052205135,62536525,100918100,22000.0,-0.019856809990332257,0.0024474228369559814,-0.015347293660385453,-0.015351613136716957,-0.01607459101190578,0.013788832604908735,0.9231017770594779,-0.0007101099107227246,22540.82,22499.128000000004,-0.004219899719708486,-0.002374669809425689,0.002444432775320932,52.93093052857238,0,17.72730877792128,57.994361508566044,-40.267052730644764,0.4149014242884482,0.04958837071508673,-1,-1,30.232804232801108,30.865898523792996,0.01003787553327111,0.09901167325572063,81.66666666666667,0.44326225984624806,0.4322804900967708,0.008894400001798197,-0.03783645730139786,0.00013367867151820294,0.8907278143231075,0.9653149182406304,0.82640209977989,0.05107129723133863,-0.019856809990332257,0.07579871888930238,0.1358947752039578,1,0.10021531813988628,0.11115816927968056,0.9015560322659056,0,1,0.00972602705477069,-0.015347293660385453,-0.015351613136716957,10.590798170131462,-0.00023270192206803486,0.3633511982648907,-0.1914510541841925,0.004611128189363711,1.0,NIFTY
NIFTY,2024-05-14,22470.35,22596.9,22419.0,22549.2,532200,280875,2425,157334325,161064675,8242850,17144450,318679875,1.0237097022534656,0.8751598254292473,94374575,33529325,0.3552792158269322,45855250,124129500,22000.0,-0.02435563124190662,0.004611128189363711,-0.003682748961120086,-0.017958282433023887,-0.002311798579294644,0.007889415145548466,0.7318718381108852,0.0010982058924425531,22538.2075,22501.397999999997,0.0004877273403396387,0.002124401337197046,0.004600529506542094,55.62573025547104,0,14.557465258723823,49.30698223799616,-34.749516979272336,0.5098468049305962,0.049531532692600196,-1,-1,41.1851851851809,31.237987767545672,0.010229061024654686,0.0990411034522797,83.33333333333334,0.44383071783274336,0.4096478263715334,0.008039069456570425,-0.03668246178184835,0.000583999410635791,0.9169759004672849,1.0237097022534656,0.8759760071404177,0.058394784012835155,-0.02435563124190662,0.055287198681212325,0.11912467479813904,1,0.09437890514683857,0.10800840383058205,0.8738107564990658,0,0,0.009726912013910065,-0.003682748961120086,-0.017958282433023887,9.560064763360172,0.00216370535240773,-0.07113934655124288,-0.10903853889308446,-0.0008936015468398173,0.0,NIFTY
NIFTY,2024-05-15,22569.95,22610.0,22462.95,22529.05,363300,280525,-350,188325400,172796000,30991075,11731325,361401925,0.9175395352936991,0.9473580852819853,108922375,35580800,0.32666199208381197,62703750,130687825,22000.0,-0.023483014152838193,-0.0008936015468398173,-0.004905013670434277,-0.017830635123735505,0.007682054630925972,0.006527128307673838,0.44950697041791177,0.0009202100296241108,22546.795000000002,22502.208000000002,-0.0007870298195377101,0.0011928607183790962,-0.0008940010467156104,53.66541654646276,0,10.302135667501716,41.506012909097755,-31.20387724159604,0.483918013777804,0.04893859556063834,-1,-1,39.052910052905844,36.82363315696263,0.010333642246661237,0.09860917045895018,81.66666666666667,0.4354877304117744,0.4107499205491556,0.007643193653732161,-0.04018124652068156,0.0010375327638014143,0.9817707937306683,0.9175395352936991,0.9053533347622764,-0.10617016695976644,-0.023483014152838193,0.19697593007755937,0.07283611381576997,1,0.0944108546655714,0.10044011391504565,0.9399715999070742,0,0,0.009779094285192226,-0.004905013670434277,-0.017830635123735505,8.901065221043101,-0.005504729736203529,-0.35525661957833476,0.023363673139044083,0.006853373755218328,1.0,NIFTY
NIFTY,2024-05-16,22584.8,22716.6,22412.0,22683.45,910900,288775,8250,226657525,265773100,38332125,92977100,492719400,1.1725756733644737,0.9651760581533729,141655275,63127800,0.4456438350072032,49993275,199285100,22400.0,-0.012495894583936778,0.006853373755218328,0.015780717879365413,-0.013874518532687508,0.021742508699030383,0.013428292433470154,0.8911687458959715,0.0024745828164081485,22570.93,22511.653,0.004985173406678367,0.007631469799219248,0.0068299961388864966,53.23065972109884,0,19.157217795262113,37.03625387954683,-17.879036084284714,0.6061988716691631,0.04694186791556362,-1,1,55.3915343915286,45.20987654320513,0.01018284885487627,0.10188827974896991,88.33333333333333,0.499710776943724,0.44503339410982906,0.006395759030467052,-0.038498421300500164,0.0033630519643327267,1.0299682595815018,1.1725756733644737,0.9986766900323122,0.2550361380707745,-0.012495894583936778,0.20354198106044114,0.5380743767216833,1,0.10180420107383607,0.0989237082775468,1.0291183250560698,0,-1,0.010693928432332724,0.015780717879365413,-0.013874518532687508,9.486627303600443,0.0077469753020581456,0.4821986461858887,0.4226920260847402,0.0017391534356545613,1.0,NIFTY
NIFTY,2024-05-17,22679.95,22765.0,22645.0,22722.9,449800,303875,15100,117259400,144718100,19090475,27415975,262281375,1.234170565430149,0.9552895167992526,58188750,30271600,0.5202311443363193,42716475,111055075,22000.0,-0.03181372095991275,0.0017391534356545613,0.014827452223894477,-0.0038949225727968884,0.03027403968225184,0.005281016067491385,0.6491666666661378,-0.00015429751647125987,22604.315,22520.440999999995,0.005246122255861518,0.008990010453170383,0.0017376428594804189,47.35020943361865,0,29.021094643154356,35.433222030321986,-6.412127387167629,0.6250494652806062,0.04195237655824102,-1,1,59.56613756613142,51.336860670188635,0.009280599873129881,0.09792814066410489,80.0,0.4481168189033473,0.5302146698901752,0.004152466526460241,-0.044149421732759174,0.003029685163787154,1.0340090322427298,1.234170565430149,1.0626620789164836,0.061594892065675255,-0.03181372095991275,0.0842260807356826,0.10315556766279206,1,0.09493961842388965,0.09470723901540903,1.0024536594103166,0,-1,0.009538906210353243,0.014827452223894477,-0.0038949225727968884,11.019275819185836,-0.005114220319563767,-0.21817423347006903,-0.24124764523809528,0.004627490329139228,1.0,NIFTY
NIFTY,2024-05-21,22774.0,22892.0,22745.0,22828.05,546700,324700,19775,145968025,168425025,25021725,17877650,314717750,1.1538487624258806,0.9899868883241872,81885750,34658225,0.42325099299939245,46330025,130446075,22500.0,-0.014370478424569741,0.004627490329139228,0.017034443122736054,0.0014257168614049132,0.03160375440039398,0.006439446207626144,0.5649659863941686,0.0022488326754066842,22639.2825,22525.417999999998,0.00833805134946286,0.013435133589973836,0.004616816412064488,44.91234756097561,0,44.80033063107476,37.30664375229226,7.493686878782498,0.7208827284757449,0.03774877015961605,1,1,70.69312169311414,61.8835978835914,0.009200773359341437,0.09269424802595447,48.333333333333336,0.3489611988943072,0.5755181780529061,0.004683593520743568,-0.06324437113759249,0.002989955174533223,0.9742070726940418,1.1538487624258806,1.1003688477535336,-0.08032180300426828,-0.014370478424569741,0.21338779662867113,0.12353430566045298,1,0.09813772109262446,0.0951484037907875,1.0314174182603015,0,-1,0.009443452132685683,0.017034443122736054,0.0014257168614049132,11.618621868530719,0.0028883368934846665,-0.08268733850129217,-0.10070381887716251,0.002155243220511638,1.0,NIFTY
NIFTY,2024-05-22,22826.15,22891.3,22775.05,22877.25,447200,336875,12175,158871225,189997200,12903200,21572175,349205300,1.195919525389195,1.0548503382319614,96099275,39226600,0.4081883031895922,43118075,147458800,22000.0,-0.0383459550426734,0.002155243220511638,0.014548187962322379,0.0108118616770978,0.023215196214364298,0.00508146739664951,0.8791397849454865,-8.323093737738516e-05,22665.234999999997,22530.166,0.009354193768562391,0.015405301496668855,0.0021529240155445726,47.72744262540184,0,60.57442751207054,41.960200507864045,18.614227004206498,0.7533772952965616,0.036918042548408414,1,1,75.89947089946287,68.71957671956949,0.009113857653345573,0.09107761462640186,40.0,0.3150403543640245,0.6545011753880001,0.00474530187198754,-0.06784714116361952,0.002675503978916127,1.0191382445830695,1.195919525389195,1.1348108123806795,0.042070762963314356,-0.0383459550426734,0.08839744183700506,0.1280817681339219,1,0.08946345493689498,0.08936728163091161,1.0010761567781927,0,-1,0.008880575059302608,0.014548187962322379,0.0108118616770978,13.057611663927867,-0.00247224710862759,-0.22911172019099846,-0.01926571583880088,0.013443486433028395,1.0,NIFTY
NIFTY,2024-05-23,22877.2,23201.0,22866.5,23184.8,1578700,414375,77500,242117100,295019650,83245875,105022450,537551125,1.218499849866036,0.90124191368142,158320950,70638850,0.44617500084480294,41999350,221569750,23000.0,-0.007970739449984441,0.013443486433028395,0.029106864248603426,0.024059081011126304,0.036375136616296544,0.01442755598495566,0.9515695067261708,-2.185577374871211e-06,22705.9225,22542.243,0.021090422553851296,0.028504572504164827,0.013353924559004084,55.76326943759096,0,96.7612559360823,52.92041160032116,43.84084433576115,1.026676843696,0.04004433231930774,1,1,98.44380403457261,81.67879887571655,0.009720192293473063,0.09569457233613411,68.33333333333333,0.5987345674078002,0.7657719051979407,0.005902004567250185,-0.14890636517627256,0.0014978551205309387,0.9631180175203896,1.218499849866036,1.1950028752951467,0.022580324476840996,-0.007970739449984441,0.5239833393366231,0.5527578827477457,1,0.10853225102107543,0.09935913408223247,1.0923228338727142,0,0,0.009510613399482176,0.029106864248603426,0.024059081011126304,12.85639720736199,0.011288243212516758,1.2904274149087422,0.37377461694564507,0.0017489907180565645,1.0,NIFTY
NIFTY,2024-05-24,23120.0,23286.95,23120.0,23225.35,740000,438025,23650,134902725,153255300,40880825,24306775,288596050,1.1360430265585815,0.8667908144609124,55206450,27634750,0.5005710383478742,56856875,122710275,23000.0,-0.009702760130633061,0.0017489907180565645,0.023889664050221526,0.04004737797819624,0.0361659982065341,0.0071882662693996315,0.6310272536683738,-0.0027949346123321865,22746.454999999998,22552.039000000004,0.02105361033180775,0.029855881324078792,0.0017474630148237764,64.45749440715878,0,127.24265125440797,67.78485953853095,59.45779171587702,0.9900893391639445,0.042958719256614084,1,1,94.53391898486208,89.6257313062992,0.009035847222354636,0.09639121640853267,76.66666666666667,0.6631381610732793,0.8964761473309015,0.006691508649832922,0.01639042527455341,0.001249077550362695,0.9701421626523131,1.1360430265585815,1.1876963459339682,-0.08245682330745452,-0.009702760130633061,0.16884732635571795,0.08239035942182156,1,0.06255071367608932,0.0993578261231224,0.6295499413968924,0,0,0.008741825247896271,0.023889664050221526,0.04004737797819624,13.722957872986413,-0.011694495714971831,0.09255732234870284,-0.17654639057595523,-0.0008073075325022439,0.0,NIFTY
NIFTY,2024-05-27,23257.0,23374.0,23150.0,23206.6,1239000,492075,54050,156226575,159141225,21323850,5885925,315859875,1.0186565569910242,0.9519633610714244,68406800,33080250,0.48358131062993737,66621000,122902200,23000.0,-0.008902639766273326,-0.0008073075325022439,0.021286895598713107,0.03642997825009253,0.027586390123806703,0.00965242646488499,0.2526785714284521,0.0013627351148637785,22777.605,22562.319,0.018834069692577282,0.028555619659486275,-0.0008076335807208605,64.34278935064026,0,148.17880539546604,83.86364871631505,64.31515667915099,0.9100637933572382,0.045929608996631344,1,1,86.21087314661551,93.06286538868342,0.009213819713849878,0.0934484385536737,55.00000000000001,0.6085831661601078,0.8668764362864783,0.006179924236031931,-0.09604090717294031,0.0006358125230923667,0.9598240028720525,1.0186565569910242,1.1445935442461432,-0.11738646956755727,-0.008902639766273326,0.15806834146604526,0.03840601271212154,1,0.06682348308382399,0.09735997243043344,0.6863547857199308,0,0,0.00897038468826085,0.021286895598713107,0.03642997825009253,14.771098111154709,-0.0025562982505588083,0.6370699223085459,-0.12549252321559956,-0.00176889333206931,0.0,NIFTY
NIFTY,2024-05-28,23202.35,23262.0,23141.45,23165.55,1024100,567725,75650,174442100,164498225,18215525,5357000,339508050,0.9429961288014762,1.0572600462666377,80062725,34208425,0.4272703058757993,73961325,126930975,23000.0,-0.007146387631634011,-0.00176889333206931,0.01478444282363145,0.03207073069674804,0.01622678010936296,0.005203847955261121,0.19991704686834258,-0.00018313755569536255,22796.1,22574.132999999998,0.016206719570452943,0.026198879930405372,-0.0017704596712766205,70.32799389778795,1,159.6198559060067,99.01489015907582,60.60496574693089,0.8351488170141964,0.048356785844667675,1,1,82.82948929159113,87.8580938076896,0.008854435018501913,0.09199788289477627,43.333333333333336,0.6170249378065507,0.8310902962721414,0.00579457401724841,-0.07102992098563657,0.00022663644266051816,0.9876346340188901,0.9429961288014762,1.1024230175212626,-0.07566042818954799,-0.007146387631634011,0.11659684019828252,0.033661925123424176,1,0.07199822072322977,0.09314971308939861,0.7729301385699158,0,0,0.00811188622329609,0.01478444282363145,0.03207073069674804,16.685577302016448,-0.0009615857995670662,0.30760096528300895,-0.07274740042226002,-0.007701090628109308,0.0,NIFTY
NIFTY,2024-05-29,23141.0,23141.05,22972.0,22987.15,1377500,567000,-725,221172075,174298075,46729975,9799850,396037150,0.7880654689340867,0.918843415826486,103371275,45626400,0.4413837403089011,101095100,124093875,23000.0,0.0005590079674948196,-0.007701090628109308,0.004803899070036977,0.019421975058982133,0.001114907312441904,0.007354108708561055,0.0896184560780394,-0.0010597633123322896,22797.379999999997,22581.846999999998,0.008324202167091288,0.017948177578211544,-0.007730897153656091,61.71002463137305,0,152.5395742848268,109.71982698695182,42.819747297875,0.6716111267464749,0.04850619143935753,1,1,68.1342668863207,79.05820977484247,0.00895282799303088,0.0917806179735293,41.66666666666667,0.6086120250476007,0.7265898819706448,0.006486564054730892,-0.08241402075455642,0.001823123637968045,0.970769205530523,0.7880654689340867,1.020852206230241,-0.15493065986738952,0.0005590079674948196,0.267882437783081,0.059574199052907714,1,0.08950318413602946,0.09454422055579574,0.9466806486446272,0,0,0.008058355579597349,0.004803899070036977,0.019421975058982133,16.698262507229444,-0.005932197296039998,0.5874936615498085,0.05466345876659351,-0.009187741847075492,0.0,NIFTY
NIFTY,2024-05-30,22925.0,22950.0,22712.4,22775.95,1919500,669550,102550,320272550,213828150,99100475,39530075,534770250,0.6676443235612918,0.8561474011925159,187533025,79337550,0.42305908519312796,120072575,128873125,22500.0,-0.012115850271887703,-0.009187741847075492,-0.01763439839895098,0.01095918380934835,-0.007066860522145446,0.010432056621128801,0.267466329966216,-0.0027036844497904896,22789.275,22592.171000000002,-0.0005847048666532961,0.008134632125438523,-0.009230209468369428,66.07297687861276,0,128.41316362165162,113.45849431465334,14.954669306998284,0.48786348084244585,0.04817731172051233,1,1,50.737232289946455,67.23366282261945,0.008855362156761212,0.09355593406078808,58.333333333333336,0.6773556550636515,0.656193058254409,0.0045262456560207776,-0.044603555582370814,0.0016195925799518977,0.9348193938329543,0.6676443235612918,0.9106811009692921,-0.12042114537279491,-0.012115850271887703,0.44806956303140894,0.2267958208947517,1,0.10516833758475198,0.10007915388202133,1.0508515849728794,0,0,0.008448848410942846,-0.01763439839895098,0.01095918380934835,18.042647052077353,-0.001486651218966184,0.8757206793441084,0.4262279047225159,0.0028868170153166783,1.0,NIFTY
BANKNIFTY,2024-01-01,48580.0,48869.0,48389.4,48535.7,12042200,2052195,-25530,53724930,46532235,13520115,12961905,102309360,0.8661199744699528,0.7753704890466839,26341575,16178970,0.6141990370735235,25028775,30090915,48500.0,-0.000735541055346829,0.0,0.0,0.0,0.0,0.009881386278553695,0.30504587155956125,0.0,48535.7,48535.7,0.0,0.0,0.0,50.0,0,0.0,0.0,0.0,0.0,0.0,0,0,30.504587155956127,30.504587155956127,0.009881386278553695,0.09402495058009101,100.0,0.0,0.5,0.0,0.0,0.0,0.0,0.8661199744699528,0.8661199744699528,0.0,-0.000735541055346829,0.0,0.0,0,0.0,0.0,0.0,0,0,0.009881386278553695,0.0,0.0,0.0,0.0,0.0,0.0,-0.012136427413223627,0.0,BANKNIFTY
BANKNIFTY,2024-01-02,48375.0,48489.95,47877.45,47946.65,17804600,2283615,231420,90830475,50634735,37105545,4102500,143748825,0.5574641660742168,0.9253704750458563,44140815,25574715,0.5793892795137562,45181425,24198150,48000.0,0.0011126950475163237,-0.012136427413223627,0.0,0.0,0.0,0.012774615119095912,0.11297959183672336,-0.0033109649186062445,48241.175,48241.175,-0.006105261739582479,-0.006105261739582479,-0.012210675195141064,0.0,-1,-13.215865384619974,-7.342147435899985,-5.873717948719989,0.3232233047033427,0.03453657581582003,0,-1,6.9789723160705135,18.74177973601332,0.011865792500623073,0.10846169868082862,100.0,0.9999999930732324,0.0,0.0,-0.40504079978606056,0.0,0.0,0.5574641660742168,0.7117920702720848,-0.30865580839573603,0.0011126950475163237,0.6906578566040011,0.08816468841438628,1,0.0,0.0,0.0,0,0,0.011328000698824803,0.0,0.0,49.999999999888864,0.0,0.19306592331506223,0.16841327590870425,-0.00030659076285843856,0.0,BANKNIFTY
BANKNIFTY,2024-01-03,47849.85,48086.85,47763.75,47931.95,17234500,1998315,-285300,89801535,81658545,-1028940,31023810,173458395,0.9093223740551873,0.9543344062458491,53115720,46943070,0.8837886411028599,35544015,33404595,47700.0,-0.004839152173028577,-0.00030659076285843856,0.0,0.0,0.0,0.006740806497544927,0.5205818632000798,-0.0020189106016792187,48138.1,48138.1,-0.004282470641757796,-0.004282470641757796,-0.0003066377714148786,0.0,-1,-17.29548179572157,-11.421382829269486,-5.874098966452085,0.3503600955475497,0.028618506924530523,0,-1,15.218276408050835,17.56727862669249,0.010159889871647875,0.09601900980573722,66.66666666666666,0.1381238488002666,0.355593424145704,0.011829836650365189,-0.30585887935538414,0.0,0.7230914099383037,0.9093223740551873,0.7776355048664523,0.35185820798097056,-0.004839152173028577,-0.011328136289059371,0.6126981804091598,0,0.132789587061504,0.132789587061504,0.9999999992469288,0,0,0.009798935965064844,0.0,0.0,66.66666666651474,0.011829836650365189,0.09817485923285885,0.24041625482358775,0.011887686605698278,1.0,BANKNIFTY
BANKNIFTY,2024-01-04,48062.3,48581.3,47995.65,48501.75,15462300,2046465,48150,37491045,43931910,13446915,21070965,83469420,1.1717974252251437,0.7268868805050264,17804250,13320990,0.7481915834702388,17651370,30304065,48000.0,-0.010344987551995546,0.011887686605698278,0.0,0.0,0.0,0.01207482204250365,0.8641680184408962,0.002719480430068166,48229.0125,48229.0125,0.00565505047402759,0.00565505047402759,0.011817583091436037,48.55353414852384,0,1.8453090076291119,-6.927246028152076,8.772555035781188,0.7036132741800715,0.0277734862660517,0,1,66.7722234788449,29.65649073432208,0.010877442566505347,0.10127740022669132,75.0,0.5023603339032928,0.7184900048048918,0.012012057009460952,-0.030974969759496023,0.0,0.5311023622031927,1.1717974252251437,0.8761759849561251,0.2624750511699564,-0.010344987551995546,0.1497403691373427,0.25803747789040327,1,0.19069280685073225,0.19069280685073225,0.9999999994755964,0,0,0.010367907484424546,0.0,0.0,52.92830997220436,0.012194277368556716,-0.011102654788019861,-0.336208801040188,-0.0023359981856325707,0.0,BANKNIFTY
BANKNIFTY,2024-01-05,48502.05,48625.0,47982.0,48388.45,17664600,1900095,-146370,54289470,41901735,16798425,-2030175,98091300,0.7718206679858912,0.9112213467348572,25724190,14723910,0.5723760398286594,27033330,26846760,48000.0,-0.008027742157477603,-0.0023359981856325707,0.0,0.0,0.0,0.01328829503734879,0.6321150855364446,6.185343827860034e-06,48260.9,48260.9,0.0026429262612175375,0.0026429262612175375,-0.0023387308859456725,44.27866495706572,0,7.698812277405523,-2.576324352296056,10.275136629701578,0.6067741405270546,0.024752493891970564,0,1,56.52114906129297,46.170549649396236,0.011379988406324247,0.10689680194943049,80.0,0.8916032329691684,0.6861632055704902,0.01274926627008425,-0.06702534976590235,0.0,0.6824658484151044,0.7718206679858912,0.8553049215620783,-0.3999767572392525,-0.008027742157477603,0.44806499792150367,-0.04621185375277333,0,0.15663318850229818,0.15663318850229818,0.9999999993615657,0,0,0.010951984995009396,0.0,0.0,43.84634277067967,-0.014223684791330848,0.10117170064906089,-0.18403756056001452,-0.015842623601293293,0.0,BANKNIFTY
BANKNIFTY,2024-01-08,48490.0,48490.0,47567.0,47621.85,19224200,2363010,462915,78186000,44766345,23896530,2864610,125315355,0.5725621594658891,1.0034490381763752,33397170,21270390,0.6368919881534872,43743270,21966120,48000.0,0.007940682690823675,-0.015842623601293293,-0.01882840877951686,0.0,0.0,0.019381859377575632,0.059425785482115495,0.0020986413079981466,48154.39166666666,48154.39166666666,-0.011059046708616127,-0.011059046708616127,-0.01596945935364119,27.748423385035025,-1,-21.707415362739994,-7.761913684210125,-13.945501678529869,0.1434348044281384,0.03101549687394448,-1,-1,4.212749615974987,42.502040718704286,0.012866292818667632,0.12295277514315044,100.0,0.9999999965431206,0.5043686983200321,0.012938606056478369,-0.10912786305404909,0.0,0.7107890771154318,0.5725621594658891,0.7965933585612656,-0.19925850852000215,0.007940682690823675,0.4401687841122781,0.06836494956593087,1,0.1729806760270516,0.1729806760270516,0.9999999994219007,0,0,0.012356964058770436,-0.01882840877951686,0.0,41.84328074398575,-0.013506625415660722,0.160036366415776,0.003995428206422291,-0.00483706533870476,0.0,BANKNIFTY
BANKNIFTY,2024-01-09,47811.1,48146.9,47341.05,47391.5,19604900,2262480,-100530,89789070,49637145,11603070,4870800,141688695,0.5528194578694267,0.9535987968369641,39480810,25777650,0.6529159356153027,49482735,21545910,48000.0,0.01283985524830402,-0.00483706533870476,-0.011578494013658958,0.0,0.0,0.017004104111496755,0.06260470310850769,0.0039740161291508,48045.40714285714,48045.40714285714,-0.013610190479036333,-0.013610190479036333,-0.004848801801236004,24.94964532796226,-1,-50.627256116662466,-18.609988310585912,-32.01726780607655,0.13383407354306046,0.03716946197241864,-1,-1,3.301809614188546,21.345236097152167,0.013511012372622581,0.129061877105489,100.0,0.9999999971458683,0.4934444983883216,0.012551996497700401,-0.05425112170870623,0.00018209536851546831,0.8333030619841626,0.5528194578694267,0.7956644169203075,-0.01974270159646241,0.01283985524830402,0.14840342260762796,0.10880495157690448,1,0.15487987853404958,0.15487987853404958,0.9999999993543383,0,0,0.013020841209159908,-0.011578494013658958,0.0,41.63180223110193,0.011005558262588533,0.15286805060262632,0.13893423084974654,0.004544063808910925,1.0,BANKNIFTY
BANKNIFTY,2024-01-10,47280.0,47666.0,47201.0,47606.85,15210000,2185575,-76905,94048005,90005805,4258935,40368660,186239385,0.9570198219515661,1.021479136590189,59391075,44978115,0.7573211126419247,33486135,43549995,47300.0,-0.006445501015084984,0.004544063808910925,-0.00678253231925674,0.0,0.0,0.009767501945623371,0.8727956989245403,-0.0023527425804205394,47990.5875,47990.5875,-0.007996099235084486,-0.007996099235084486,0.004533770720814853,31.416681671768444,0,-58.9628733834179,-28.307545429759426,-30.655327953658475,0.2826897862110999,0.036795781917791565,-1,-1,24.331534772180706,10.615364667448079,0.012989596035024375,0.12516672392406522,87.5,0.8888271987132509,0.5662093984137541,0.0120622549971505,-0.07580104339213985,0.0009413446530039445,0.8330750428977335,0.9570198219515661,0.8052039064995833,0.40420036408213944,-0.006445501015084984,0.047432666359056845,0.8132752195961311,1,0.15024663733219398,0.15024663733219398,0.9999999993344276,0,1,0.012614173801217841,-0.00678253231925674,0.0,42.010020493952354,0.009381129147615686,-0.09361305590503499,0.4669042690812255,-0.0006963283645106122,0.0,BANKNIFTY
BANKNIFTY,2024-01-11,47767.4,47822.65,47340.55,47573.7,11240900,2275950,90375,40026405,33751140,15986670,10560555,76053495,0.843221868164278,1.0167156634943977,17251905,11660580,0.6759010091928979,21776610,20796675,47500.0,-0.00154917527961872,-0.0006963283645106122,-0.019134361131299404,0.0,0.0,0.010133750370477776,0.48361335822432383,0.003372413843806152,47944.26666666666,47944.26666666666,-0.007729113248160391,-0.007729113248160391,-0.0006965709137086836,31.005410101488792,0,-65.48267849371769,-36.89518559431993,-28.587492899397752,0.28737522548900785,0.036350953297595946,-1,-1,22.344124700238293,16.659156362202513,0.012680325473948843,0.1223221912786694,66.66666666666666,0.8076404931608913,0.5814027960061787,0.010671477958123465,-0.061232450632520787,0.001250215341544069,0.8764630786729007,0.843221868164278,0.7394887950874102,-0.11379795378728808,-0.00154917527961872,0.16998414798910408,0.11733193209038018,1,0.13956342733368485,0.13956342733368485,0.9999999992834798,0,-1,0.01233857119780228,-0.019134361131299404,0.0,41.10604373889696,-0.0052403921734215375,-0.3046302036866221,-0.3938880954142222,0.005600783626247274,1.0,BANKNIFTY
BANKNIFTY,2024-01-12,47656.8,48047.0,47568.6,47840.15,15558300,2013795,-262155,41083200,43854915,1056795,10103775,86951910,1.0674658984694474,0.8591777494087556,17668320,15866175,0.8980013379879921,22353810,26736375,47500.0,-0.007110136569387877,0.005600783626247274,-0.011331216436980207,0.0,0.0,0.00999996864558329,0.5676212374580797,0.0017467634428267262,47933.854999999996,47933.854999999996,-0.001954881367250638,-0.001954881367250638,0.005585157555974948,37.573916927199754,0,-55.43028994863562,-41.0481249310178,-14.382165017617815,0.4431545065264143,0.03438938159908751,-1,-1,38.3183453237388,28.331334932052595,0.012348728003570226,0.11990239551092231,60.0,0.7385763371172216,0.6352832348525418,0.009086163398008874,-0.05485701899722175,3.195676848520915e-05,0.8729706408166847,1.0674658984694474,0.7986178411841214,0.22424403030516937,-0.007110136569387877,0.026402446085277954,0.29936099936179933,1,0.13734986014129147,0.13734986014129147,0.9999999992719322,0,-1,0.01210471094258038,-0.011331216436980207,0.0,39.091492336022654,0.0062971119907578865,-0.03392498439891589,-0.2945065016268428,0.009742862428316013,1.0,BANKNIFTY
BANKNIFTY,2024-01-15,48002.25,48380.0,47933.2,48306.25,13190300,2027040,13245,46582770,58226010,5499570,14371095,106835820,1.2499473517783506,0.8169700887792808,24065535,19646760,0.816385756643266,20647380,38223540,48000.0,-0.006339759347910467,0.009742862428316013,0.014371554234033468,-0.004727448043398974,0.0,0.009249320740069927,0.8349373321394741,0.0033883673023600166,47967.7090909091,47967.7090909091,0.0070576835022346796,0.0070576835022346796,0.009695706784078325,46.48605602095048,0,-22.557166301383404,-37.002408839009384,14.44524253762598,0.7080716167385248,0.03391949182142564,-1,-1,66.26199040766988,42.308153477215654,0.01213375833637187,0.11739210663944087,54.54545454545454,0.6669293887898031,0.7032889607810506,0.007213254075290476,-0.04508485433381881,0.003214868801311931,0.8302221116353248,1.2499473517783506,0.9340948796466136,0.1824814533089032,-0.006339759347910467,0.1338642072672041,0.32769633688721095,1,0.1413984341192579,0.1413984341192579,0.9999999992927785,0,-1,0.012041504388732003,0.014371554234033468,-0.004727448043398974,36.06598322654557,0.004142078802068738,-0.18676084160631734,-0.1063791741531459,-0.0016830120326045694,0.0,BANKNIFTY
BANKNIFTY,2024-01-16,48255.35,48440.0,48078.85,48224.95,13284100,2017230,-9810,65163075,59735385,18580305,1509375,126915690,0.9167060486326036,0.861779477872551,33858600,23639985,0.6981973560631568,29790750,35670855,48000.0,-0.004664597889681526,-0.0016830120326045694,0.017586487028264486,0.005804367979827418,0.0,0.007488862093169645,0.4045410494253288,-0.0010536938801915168,47989.145833333336,47989.145833333336,0.004913697932561911,0.004913697932561911,-0.001684429888424437,45.35660385816537,0,-2.6152404773965827,-29.61748721709231,27.002246739695728,0.649290074979434,0.03291376156946431,-1,1,61.387889688245544,55.3227418065514,0.01176543469718476,0.11426581510296682,50.0,0.577700913647014,0.7661328677439916,0.007297317314956886,-0.05654358104961214,0.0037428558355280493,0.8509858482497469,0.9167060486326036,1.0068721977992492,-0.33324130314574696,-0.004664597889681526,0.3988664692975536,0.025922693311803437,1,0.12609139883831683,0.13427463600350445,0.9390559713833099,0,-1,0.011512929086139377,0.017586487028264486,0.005804367979827418,33.3501344698528,-0.011425874460920582,-0.15749638019180068,0.08847766272273083,-0.04283467375290173,0.0,BANKNIFTY
BANKNIFTY,2024-01-17,47015.2,47600.0,46050.7,46159.25,39643500,2415600,398370,105483180,67263150,40320105,7527765,175161930,0.637667066920053,1.0453481082855554,34554660,37594455,1.0879706239332119,70406310,20093640,46000.0,-0.003450012727676468,-0.04283467375290173,-0.030407388852654593,-0.03698368207427394,0.0,0.03356423685393508,0.07006389982572497,-0.02508556255631162,47848.38461538462,47848.38461538462,-0.03530181068728311,-0.03530181068728311,-0.043779147750395236,28.044014523684197,-1,-104.47868839101284,-45.460718291255645,-59.01797009975719,-0.16726269237777708,0.05290541654814458,-1,-1,3.851612674307169,43.833830923407525,0.014969747292087887,0.14038367806735755,100.0,0.9999999978429088,0.5104622765137176,0.013651423829493182,-0.06968707063939317,0.006500491746831974,0.6044710083659445,0.637667066920053,0.9430016467929466,-0.2790389817125506,-0.003450012727676468,0.6187569417189106,0.1260185231919071,1,0.2522962486312655,0.23224220196499926,1.0863497090018701,1,1,0.014195272121778393,-0.030407388852654593,-0.03698368207427394,34.224438037697254,-0.04115166172029716,1.201400353503466,0.5313530191508202,-0.006282597745847274,0.0,BANKNIFTY
BANKNIFTY,2024-01-18,45699.95,46358.4,45600.0,45869.25,26691600,2209785,-205815,54622950,36852660,17963595,12698535,93685395,0.6746735575431206,1.0199308953628063,10896510,12121725,1.1124410476381887,43314345,19595025,47000.0,0.024651591207617302,-0.006282597745847274,-0.03582756859357161,-0.05427639208894519,0.0,0.016533952484507626,0.35502373417716765,-0.009950334981612633,47707.017857142855,47707.017857142855,-0.03852196049323375,-0.03852196049323375,-0.006302416314734549,26.617676718959686,-1,-196.17516574420006,-76.99029314883417,-119.18487259536589,-0.07009278555215372,0.06757138744691152,-1,-1,8.236463750382129,24.49198870431161,0.015169359491536118,0.14165542167786174,100.0,0.9999999979005036,0.401226049146745,0.019913760596219764,-0.0949842752346521,0.006907847079745753,0.6364609160504959,0.6746735575431206,0.9092919846687151,0.0370064906230676,0.024651591207617302,0.17029819351293732,0.1887888836606671,1,0.23699769010120517,0.22256735337850173,1.0648358188978388,1,1,0.01464118516597879,-0.03582756859357161,-0.05427639208894519,35.31625493891883,0.03655207600705446,0.3951840027097042,-0.20545096588759293,-0.0015707690882236225,0.0,BANKNIFTY
BANKNIFTY,2024-01-19,46155.55,46337.85,45584.35,45797.2,21024500,2174565,-35220,70894545,42155415,16271595,5302755,115224525,0.5946214197439309,1.0403514177631517,17049360,14355180,0.8419776460817298,53436660,22921635,46000.0,0.004428218319023934,-0.0015707690882236225,-0.04270367045253842,-0.053551002356967414,0.0,0.01645297092398662,0.2824817518247781,0.006241654267292422,47579.69666666666,47579.69666666666,-0.037463388620454285,-0.037463388620454285,-0.001572004039372696,26.28552624742379,-1,-267.10064003252046,-116.39893069241882,-150.70170934010164,0.015584419422923684,0.07733729079445543,-1,-1,7.00014799467191,6.362741473120398,0.015620418466007287,0.14267852832756214,100.0,0.9999999979446527,0.4058264581472391,0.019596703929592917,-0.11230623991230515,0.006579743403918977,0.6662971203085895,0.5946214197439309,0.8147230889236118,-0.08005213779918974,0.004428218319023934,0.29788934870782335,0.14389069879894695,1,0.23731127092107662,0.2141364924327636,1.1082243297917436,1,1,0.014957652754642572,-0.04270367045253842,-0.053551002356967414,38.86350085663344,0.004711828657623651,0.0799944316679877,-0.0674962095962186,-0.01930576541797302,0.0,BANKNIFTY
BANKNIFTY,2024-01-23,46506.05,46525.5,44835.25,44913.05,24735000,1917900,-22575,94610730,48600765,31802535,5032170,145129395,0.5136918930865453,1.017023992426092,14792505,15506595,1.0482737710752843,79427430,22265745,46000.0,0.024201206553551742,-0.01930576541797302,-0.07024349851209721,-0.05688145252651877,0.0,0.037633828029937845,0.04602869398017945,0.015478020490335781,47413.03125,47413.03125,-0.052727724511391516,-0.052727724511391516,-0.019494555481507157,25.00741473059817,-1,-371.1846930870015,-168.83194121284603,-202.35275187415547,-0.06256233528829874,0.09372779015568077,-1,-1,2.052905864502958,5.763172536518994,0.017569185666208697,0.1639026325804877,100.0,0.999999998568928,0.38500672084584026,0.02231528743512905,-0.11847794787710257,0.0039163302996455245,0.7601843249323365,0.5136918930865453,0.6674719971852507,-0.08092952665738562,0.024201206553551742,0.44858930965704064,0.11937185293988922,1,0.24217101253801263,0.21560906628673004,1.123194940715709,1,1,0.016782849619878793,-0.07024349851209721,-0.05688145252651877,35.42433528315705,-0.017734996329749397,0.23561879099684235,0.10597202463612687,0.005339205420250792,1.0,BANKNIFTY
BANKNIFTY,2024-01-24,44500.0,45550.0,44499.85,45152.85,30576300,1584030,-333870,97840065,58804590,3229335,10203825,158228685,0.6010277078209219,0.9729003475748881,26578050,20688015,0.7783872405989153,70682550,30213300,47000.0,0.040908824138454196,0.005339205420250792,-0.06370353935048145,-0.04723737379065873,0.0,0.023257668120617005,0.6218159310574078,-0.009196658877542337,47280.0794117647,47280.0794117647,-0.044992086270383536,-0.044992086270383536,0.0053250023958044766,27.92297548497801,-1,-431.117005618049,-222.49739262888636,-208.61961298916265,0.059515263172031894,0.10214221403988263,-1,-1,15.829727403851592,8.294260421008815,0.018626019335276904,0.16790638887727238,100.0,0.9999999986464801,0.4461844880654594,0.024959106710589696,-0.09893967963471276,0.005609206258063184,0.7906859222336271,0.6010277078209219,0.6043363290229143,0.08733581473437657,0.040908824138454196,0.03413286209714268,0.20995194211449142,1,0.24852879673300396,0.21235535384755697,1.1703439169910468,1,1,0.017408206020790816,-0.06370353935048145,-0.04723737379065873,32.11959193187921,0.024644970838223812,0.4480534395430833,0.15087136953725588,-0.008401463030572764,0.0,BANKNIFTY
BANKNIFTY,2024-01-25,45096.9,45138.8,44404.0,44773.5,18740500,1098090,-485940,100627545,72613290,2787480,13808700,174338925,0.7216045069965684,0.8658504302320449,37581465,36625050,0.9745508856560009,62599140,25114065,44500.0,-0.006108524015321563,-0.008401463030572764,-0.030021068366578696,-0.05951559491963865,0.0,0.01641149340569763,0.5028579205225208,-0.0012391244406498613,47140.825,47140.825,-0.05021814955508308,-0.05021814955508308,-0.008436954246325555,19.45884839399372,-1,-495.64094749549986,-278.1282602204314,-217.51268727506846,0.04885592616305044,0.11131288753940888,-1,-1,8.75384979862571,8.878827688993416,0.01894256647347203,0.1672916334425719,94.44444444444444,0.9916791612611059,0.3683584900863578,0.019476908056694976,-0.04327411223133053,0.0038905509149493745,0.811375042203851,0.7216045069965684,0.6211238170382174,0.12057679917564657,-0.006108524015321563,0.028490169134699574,0.23482350612426683,1,0.2434700521330108,0.20618286816789194,1.180845208810811,0,-1,0.018072605166798244,-0.030021068366578696,-0.05951559491963865,36.21069136450733,-0.013740668450823557,-0.1270698930991918,0.2695686473013654,0.036622109060046704,1.0,BANKNIFTY
BANKNIFTY,2024-01-29,46194.65,46650.0,46135.0,46413.2,160800,9615,9615,51927030,44197470,21247815,22381365,96134115,0.851145732771545,0.9131391764340696,24095850,6766425,0.2808128785662261,22637700,35573865,45500.0,-0.01967543716011818,0.036622109060046704,0.011858707085901754,-0.024393730149221082,0.0,0.0110959813156602,0.5401941747571709,0.0317408735077669,47102.52894736842,47102.52894736842,-0.01463464834634809,-0.01463464834634809,0.03596745498519417,37.056113655873794,0,-434.0148180037577,-309.7614541463034,-124.2533638574543,0.3659692664738,0.10918875067924744,-1,-1,49.172785119920405,24.585454107465896,0.020171678377210425,0.16462996355222173,89.47368421052632,0.9556529285821858,0.5927097020222533,0.021171207273407978,-0.0465882365978447,0.005195143332512888,0.6514557490511114,0.851145732771545,0.6564182520839024,0.12954122577497662,-0.01967543716011818,0.21115306947019327,0.30822684111958015,1,0.3247703880316751,0.252710892070368,1.2851459833900918,1,1,0.018168828261316487,0.011858707085901754,-0.024393730149221082,37.97369131132189,0.04502357209061947,-0.9921023511713126,-0.30242125075399384,-0.0017893616471175156,0.0,BANKNIFTY
BANKNIFTY,2024-01-30,46500.0,46597.3,46100.0,46330.15,132600,12105,2490,73726620,53381460,21799590,9183990,127120185,0.7240459416151181,0.9288584027269988,41758245,5959335,0.14271037971064157,24064110,45530445,47000.0,0.01445818759490307,-0.0017893616471175156,0.011637174325068056,-0.031563446184846855,0.0,0.010733830993424431,0.46279911522210704,0.0018701576275715296,47063.909999999996,47063.909999999996,-0.015590714838609743,-0.015590714838609743,-0.0017909644669712318,40.70251205643129,0,-386.69284194088686,-325.32719244946804,-61.36564949141882,0.3547969579874396,0.10737181964315796,-1,-1,47.724231912783786,35.2169556104433,0.019551523144216026,0.1620834961281303,80.0,0.9211859842544129,0.5482815811553629,0.02791113568331609,-0.06507065952122837,0.005653962945280429,0.6599499922044966,0.7240459416151181,0.6823031564581398,-0.1270997911564269,0.01445818759490307,0.41981199386908896,0.2077944733035624,1,0.32185670800369753,0.24559966357558652,1.31049327668803,1,1,0.0182422144961006,0.011637174325068056,-0.031563446184846855,37.710995322762265,-0.03841147070716422,-0.9929535251504948,-0.09323098414090258,0.014020027994729123,1.0,BANKNIFTY
BANKNIFTY,2024-01-31,46183.1,47092.85,46100.0,46979.7,241200,23640,11535,95812485,92883210,22085865,39501750,188719335,0.969427001084462,0.9388149770880494,50815230,6844380,0.1346915088252085,19229550,84549615,46000.0,-0.02085368786944142,0.014020027994729123,0.04601446572878021,-0.027461249838271473,-0.03205887624985315,0.021133595999974428,0.8860351513319331,-0.003173959074166669,46986.11,47059.9,-0.00013642329616148086,-0.0017042110161731294,0.013922656448025462,47.20461055975668,0,-302.52215488723596,-320.7237254482096,18.201570560973664,0.4986809725319682,0.10342718364012414,-1,-1,63.81813676907664,53.57171793392694,0.019565517507713823,0.1670102064786245,90.47619047619048,0.9878699911900731,0.5739950714486035,0.02752601434573554,-0.1100783541770441,0.0019729354941230657,0.6789194247416233,0.969427001084462,0.7734501780577231,0.24538105946934385,-0.02085368786944142,0.2995643228999241,0.7399900639660286,1,0.32727489197318127,0.24599414941514117,1.330417380324881,1,1,0.019430642022091053,0.04601446572878021,-0.027461249838271473,35.97966894498693,0.01580938964184664,-0.986235241548113,0.267353126958064,0.0027181953056321095,1.0,BANKNIFTY
BANKNIFTY,2024-02-01,47002.0,47220.0,46570.0,47107.4,227800,29040,5400,45378105,35650440,24568305,19271415,81057585,0.78563086757369,0.8171763468437964,17103045,3275865,0.19153694561407048,21574950,31249530,46000.0,-0.023507983883636147,0.0027181953056321095,0.04328741153659199,-0.023173689138091258,-0.017503829777471447,0.013798256749470359,0.8267692307691058,0.0004746731034894414,46944.1475,47062.05909090909,0.0034775900446377683,0.0009634280770276504,0.002714507693693813,46.56879246501468,0,-225.18600785270246,-301.47414509619625,76.2881372434938,0.5341730766720337,0.10176403131657412,-1,-1,66.98216055500332,59.5081764122879,0.01979299279033504,0.16742510864323693,95.45454545454545,0.9934857747158613,0.6004542768296087,0.02485738671591018,0.022070735046031076,0.00233559115101201,0.6886510965615781,0.78563086757369,0.8103708100082768,-0.18379613351077195,-0.023507983883636147,0.25642070550617696,0.2074800709407007,1,0.3283598638611119,0.24312036880551302,1.3506061435301893,1,1,0.020061581487721122,0.04328741153659199,-0.023173689138091258,33.65542742475877,-0.011301832689097013,-0.9859533414151977,-0.3927089366576325,-0.004349635089179182,0.0,BANKNIFTY
BANKNIFTY,2024-02-02,47255.1,47787.95,46840.0,46902.5,336400,34605,5565,53897745,39641415,8519640,3990975,93573765,0.7354930155241188,0.9985766586100466,22715310,7931790,0.34918255573003404,27901485,30222495,49000.0,0.04472043068066734,-0.004349635089179182,0.047550448367896125,0.016101864740003302,-0.021477323580617824,0.020211076168647663,0.06593174745502779,0.0031353884952257413,46892.674999999996,47055.12173913044,0.00020952099661619705,-0.003243467097515107,-0.0043591222724019794,45.49518107868669,0,-176.4590436477156,-276.32265662380473,99.86361297608914,0.502096745376035,0.09992677175301394,-1,-1,61.90535183349698,64.23521638585898,0.02058891164802364,0.1721887190893908,100.0,0.9999999987206349,0.8318188692796735,0.023522819104707725,0.011551777504449644,0.0014073843939463315,0.7073107447114022,0.7354930155241188,0.8131485117137869,-0.05013785204957122,0.04472043068066734,0.18774781362068776,0.11194742617482421,1,0.23970522014120113,0.2434414015425658,0.9846526454573641,1,1,0.01872626541919238,0.047550448367896125,0.016101864740003302,31.632814591872485,-0.007067830394811292,-0.9726207345033275,-0.20241246330356366,-0.0038537391397046594,0.0,BANKNIFTY
BANKNIFTY,2024-02-05,46870.8,46994.55,46568.8,46721.75,198800,33870,-735,68019090,45625545,14121345,5984130,113678505,0.6707755866772107,0.9180934977199448,33760725,9373155,0.27763488491434946,31143390,34747530,46000.0,-0.01544783746327995,-0.0038537391397046594,0.006647893271741756,0.01858543577669125,-0.03669970671161349,0.009112458330434968,0.35924838520249247,-0.0006758701561749819,46803.674999999996,47041.231250000004,-0.0017503967370082751,-0.0067915154750547435,-0.0038611839253795445,42.406404041227006,0,-148.95710667943786,-250.7286825094101,101.77157582997225,0.48152700806279075,0.09475437129832573,1,-1,57.426907829532766,62.10480673934435,0.020588071172113937,0.17133849395293385,95.83333333333334,0.9891225147970184,0.846420696406295,0.014617283876478737,-0.12113494657845929,0.0074288763730140685,0.7175580011421813,0.6707755866772107,0.77707448249492,-0.06471742884690812,-0.01544783746327995,0.26200251977146727,0.15095651858037862,1,0.23774249800064293,0.23877999215178147,0.9956550201658245,0,-1,0.017984116003785116,0.006647893271741756,0.01858543577669125,31.030219746025047,0.000495895949474523,-0.9793720083964642,-0.05918544565241002,-0.0014714774168347322,0.0,BANKNIFTY
BANKNIFTY,2024-02-06,46664.15,46819.65,46444.05,46653.0,165000,35640,1770,83419710,56166990,15400620,10541445,139622340,0.6733059848805516,0.8631162744719587,44529135,8649405,0.19424147807946415,33070320,46001160,46000.0,-0.013996956251473645,-0.0014714774168347322,0.006968464380106676,0.018686731939943968,-0.03586496364318337,0.008050929200694458,0.5563099041532009,-0.0012328305339589921,46716.9025,47025.702000000005,-0.001367866801528561,-0.007925495721467501,-0.0014725611029390731,38.13471130728099,0,-130.59764383466245,-226.6113621140673,96.01371827940486,0.4847004371127756,0.0894056131938127,1,-1,55.72348860257543,58.351916088535056,0.02036693398985213,0.16984228864812603,92.0,0.9699805858518242,0.8470176186878421,0.007411442079619879,-0.10231491536956923,0.007459875938099411,0.7113156438260579,0.6733059848805516,0.7669264911480067,0.002530398203340889,-0.013996956251473645,0.22641614287988857,0.2310426100115626,1,0.2377019283362008,0.2387720417105391,0.9955182630838019,0,0,0.0171439118314559,0.006968464380106676,0.018686731939943968,32.012962092398034,0.002382261722869927,-0.9781498628076234,0.1321008155124499,0.0031509227702397613,1.0,BANKNIFTY
BANKNIFTY,2024-02-07,46873.2,46951.0,46600.0,46800.0,157400,42435,6795,107867370,75953475,24447660,19786485,183863280,0.7041376368034189,0.9154312879027613,59776740,8378145,0.1401572752210977,31930740,66063615,45800.0,-0.021367521367521368,0.0031509227702397613,-0.003825056354127332,0.04201340145013521,-0.0172578343764469,0.0075,0.5698005698004075,0.004719953700726579,46675.81,47017.02115384616,0.0026606929799397605,-0.004615799736355841,0.0031459690162907233,39.86875128866895,0,-104.45340188837872,-202.10570626873454,97.65230438035582,0.5303598402698547,0.08763856977800091,1,-1,70.8048286765446,61.31840836955092,0.020287469474969472,0.1656013794900435,73.07692307692307,0.9157238728818976,0.9820228750380632,0.00517404418866545,-0.06877238831822918,0.011149983519183743,0.7097460239118963,0.7041376368034189,0.713868618291798,0.030831651922867298,-0.021367521367521368,0.29306814900219624,0.35227960408773906,1,0.2060980245902597,0.23332484274631973,0.8833093899307024,0,-1,0.014130529028462116,-0.003825056354127332,0.04201340145013521,33.07467782606747,0.0046224001870744935,-0.969098961850764,0.5026531538174583,-0.018797008547008498,0.0,BANKNIFTY
BANKNIFTY,2024-02-08,46885.1,47130.0,45753.95,45920.3,442100,38490,-3945,56428005,34564080,33096240,14524725,91030575,0.6125341486022765,1.0450552605487677,22904400,7649685,0.33398320846649554,31428195,24766305,46000.0,0.0017356158387466347,-0.018797008547008498,-0.025199862441994236,0.0169967122784056,-0.03104354156336042,0.029966049873367612,0.12088950256167535,0.0018183760683760373,46602.25,46976.40185185186,-0.014633413622732738,-0.02248153988426893,-0.01897591783258534,47.95645220603958,0,-145.21776099164708,-190.7005412162993,45.48278022465223,0.3330799439082635,0.0876671980908704,-1,-1,44.80858168708046,57.11229965540016,0.019434526466819375,0.17354913756413734,100.0,0.999999998742521,0.8369206352659503,0.007303263914295699,-0.08188945368610559,0.006993163833805386,0.7181318784697591,0.6125341486022765,0.6792492744975153,-0.09160348820114239,0.0017356158387466347,0.3068234629248864,0.19123186924627214,1,0.23582830447581718,0.24166750243998866,0.9758378846853631,0,0,0.014801367203737176,-0.025199862441994236,0.0169967122784056,29.99295966604678,-0.02194793131724826,-0.7874784882658898,-0.26797047354275194,0.01431175318976563,1.0,BANKNIFTY
BANKNIFTY,2024-02-09,45818.8,46633.25,45800.0,46577.5,236800,38175,-315,48907515,42896145,-7520490,8332065,91841835,0.877086987551913,0.8788079442090347,23594940,5277315,0.22366299723584804,20063565,36205950,46000.0,-0.012398690354785035,0.01431175318976563,-0.006929268162677915,0.04029169039722147,-0.021621888446725634,0.01788953894047555,0.933093309330821,-0.0022103514132094083,46550.7825,46962.15535714286,0.0005739430910747245,-0.008190751770603133,0.01421030682135606,55.699146234499864,0,-128.31752296003106,-178.199757532789,49.88223457275794,0.5067221015927096,0.08538149612260171,-1,-1,64.2296724242361,59.94769426262038,0.01927509450455079,0.17652149573470294,100.0,0.9999999987878281,0.9734680884195411,0.012511450182688266,-0.052789650637236375,0.0035766838081999243,0.7137660687605983,0.877086987551913,0.7075680689030742,0.26455283894963655,-0.012398690354785035,-0.13327584414866342,0.24106138511425734,0,0.2359216670223138,0.247310012886775,0.9539511327223528,1,0,0.014949171757214965,-0.006929268162677915,0.04029169039722147,26.94141757655871,0.03310876173677413,0.030057853756143782,-0.25938368293087766,-0.017305565992163707,0.0,BANKNIFTY
BANKNIFTY,2024-02-12,46605.85,46605.85,45510.0,45771.45,380200,49065,10890,76350765,44591790,27443250,1695645,120991620,0.5840385489261306,1.045282511287507,36507675,10003095,0.2739997822375706,37559370,32387460,46000.0,0.0049932873002713025,-0.017305565992163707,-0.020339563479535805,-0.013826885454999882,-0.037883326291627495,0.023941780301913063,0.23858192270837575,0.0006086629810530523,46460.67,46921.09655172414,-0.014834482584947684,-0.02450169830231519,-0.01745705760879668,49.814685541154205,0,-171.7445300572217,-176.9067111453059,5.162181088084196,0.32374447876124285,0.0841646405212661,-1,-1,40.40987603244604,49.8160433812542,0.02014878894407509,0.18239018288840048,100.0,0.9999999988683332,0.6492653594251323,0.01873573482917923,-0.07329698886940536,0.0019572214331177364,0.7180786763616138,0.5840385489261306,0.6902206613528581,-0.29304843862578245,0.0049932873002713025,0.561125422136046,0.03952907656387305,1,0.17492298328577774,0.25399749194716875,0.6886799624513361,1,1,0.016233751655840255,-0.020339563479535805,-0.013826885454999882,23.5040558612458,-0.03161731918192934,0.5097486399555251,-0.03569229695114995,0.012930549501927624,1.0,BANKNIFTY
BANKNIFTY,2024-02-13,45771.45,46660.9,45700.0,46363.3,408300,50925,1860,66458775,64148055,-9891990,19556265,130657755,0.9652307765227391,0.8952595644785378,38236545,8400555,0.21969963551884722,23097000,54087885,47000.0,0.0137328447284813,0.012930549501927624,-0.006209675690737937,0.0007155167855057432,-0.030870513574894676,0.020725444478714876,0.6902903527941855,0.0,46386.8275,46902.503333333334,-0.0005072021793255388,-0.01149625915489505,0.01284766368814804,60.89536989038895,0,-160.66693620009755,-173.6547303990915,12.987794198993953,0.49362125535809914,0.079514419811518,-1,-1,57.89979166358683,54.179780040089646,0.0187679232742893,0.18649074799436974,100.0,0.9999999989185191,0.7377586119240652,0.02430650558342351,-0.04363095538880435,0.00022764175057194552,0.7224636049160879,0.9652307765227391,0.7486056196812957,0.38119222759660853,0.0137328447284813,-0.12955980205306392,0.4385620088361557,0,0.18890487667332567,0.25813168532383546,0.7318159193171351,1,1,0.0172329130043693,-0.006209675690737937,0.0007155167855057432,21.101324663747693,0.03023611549409133,0.46134574087329927,0.05644332629540472,0.008542316875632228,1.0,BANKNIFTY
BANKNIFTY,2024-02-14,46000.0,46976.5,45715.0,46759.35,499200,55815,4890,72804390,94262715,6345615,30114660,167122920,1.294739438102565,0.9532555368979746,45618810,12855270,0.281797574290079,16340310,80030625,46000.0,-0.016239532842094652,0.008542316875632228,-0.0008685897435897205,-0.004690323692999265,-0.032022771380515014,0.02697856150694995,0.8278636543796399,-0.00783593920191192,46309.4825,46897.88548387097,0.009714371133385136,-0.0029539814522898666,0.008506037745639065,61.79238358095016,0,-121.18750084372004,-163.15088198039794,41.963381136677896,0.6387126677643999,0.07003232862540926,-1,-1,69.60356979269584,55.97107916290957,0.01893181333175687,0.19430641401445914,100.0,0.9999999990028068,0.7048276744835972,0.02425967207126769,-0.03607649616460869,0.0003469559335994264,0.7546578295650007,1.294739438102565,0.8667259799411248,0.32950866157982583,-0.016239532842094652,0.0954819735994231,0.46945554311818183,1,0.17939356794625624,0.25747617837741815,0.6967385060905348,1,1,0.01781740955506685,-0.0008685897435897205,-0.004690323692999265,19.52493706387858,-0.004388232626295396,0.6356487549148093,0.3888838263772303,0.005990245801107186,1.0,BANKNIFTY
BANKNIFTY,2024-02-15,46859.9,47098.95,46360.0,47039.45,302500,59175,3360,35498340,40269315,13295445,16500600,75826830,1.1343999465890517,0.7692543674673467,13751850,3859725,0.28066950992048345,15804060,35083380,46000.0,-0.022097409727367075,0.005990245801107186,0.02437157422752012,-0.0014424485325024161,-0.024582710816703823,0.01570915476265129,0.9194803437308449,0.0021503720646245707,46250.207500000004,46902.309375,0.01706462614248805,0.0029239631657262954,0.005972375607784455,66.87896191348783,0,-68.32029993792821,-144.16972715170922,75.84942721378101,0.7822697608248231,0.0604550274624585,1,-1,67.14150881274531,64.88162342300932,0.018804049427813094,0.19656278477197237,100.0,0.9999999990247502,0.7244986078033351,0.02038050002272305,-0.027800426013480428,0.003454260192857937,0.7593956146574634,1.1343999465890517,0.9710991395384798,-0.16033949151351323,-0.022097409727367075,0.18261872670040913,0.17504906367273634,1,0.1817291383600093,0.25884108480754836,0.7020876860600336,1,1,0.01800849935638494,0.02437157422752012,-0.0014424485325024161,17.165266366888595,-0.002552071074525042,-0.03252630568970516,-0.35349988172722446,0.002257679458412154,1.0,BANKNIFTY
BANKNIFTY,2024-02-16,47290.0,47477.0,47002.05,47145.65,266600,62385,3210,42158055,47409810,6659715,7140495,89630250,1.1245729908554842,0.8257193144083183,19547130,5382900,0.2753805801670117,16108635,40972200,46000.0,-0.024300227062305883,0.002257679458412154,0.012197949653802942,0.005184158626938995,0.021369497987943964,0.01007410015558163,0.3023476155384129,0.005326380304191544,46299.5275,46909.683333333334,0.01827497051670779,0.005030233629801373,0.0022551347295453467,57.07155063382802,0,-18.345016242288693,-118.98882467675679,100.6438084344681,0.7911573911450888,0.06276663781342724,1,1,71.80359533791048,69.51622464778387,0.016638256733578348,0.1847170661380843,90.9090909090909,0.8844746544951558,0.7642205020919295,0.014505260943907227,-0.06242578230613953,0.0012959242865129682,0.8937157938233777,1.1245729908554842,1.020596340199194,-0.00982695573356751,-0.024300227062305883,0.18760637821374182,0.17731851162603585,1,0.18040989665674764,0.20668434789373072,0.8728764340791783,0,-1,0.01699480175507834,0.012197949653802942,0.005184158626938995,16.05467979495645,-0.0037325663426950317,-0.12787464424744055,-0.23291900548478928,0.0024307650864925368,1.0,BANKNIFTY
BANKNIFTY,2024-02-19,47220.0,47494.95,47070.0,47260.25,185300,65205,2820,48460680,55217160,6302625,7807350,103743045,1.1394218983307705,0.8205796260399899,24701565,7218465,0.2922270309593744,17724225,46977645,46500.0,-0.01608645743515957,0.0024307650864925368,0.03252682622027492,0.011525681294044077,0.030325326880208392,0.008991700213181205,0.4476997293798248,0.00157702778517209,46369.0775,46919.99411764706,0.019219112133511906,0.0072518313088398845,0.002427815555816857,58.925418393981246,0,29.47303897216625,-89.28138848724545,118.7544274594117,0.7973037770091616,0.06464469549244195,1,1,76.8344344695856,71.92651287341378,0.016488562193991158,0.18234863121337364,85.29411764705883,0.8613764981798122,0.8020017233023277,0.008216414233137436,-0.030438696453610904,0.008422868225844959,0.8901947657934768,1.1394218983307705,1.131673010080122,0.014848907475286222,-0.01608645743515957,0.14949989984120474,0.16467794323579868,1,0.17884123908977437,0.20484127533800692,0.8730722785598882,0,-1,0.016982725943352962,0.03252682622027492,0.011525681294044077,15.339857592092965,0.00017308562808038275,-0.3911414864953673,-0.08512735351884937,0.011820716140942933,1.0,BANKNIFTY
BANKNIFTY,2024-02-20,47142.5,47869.95,47128.75,47818.9,339400,71220,6015,54625695,79784640,6165015,24567480,134481555,1.460569792292803,0.7717730307618756,32904435,8505930,0.25850405879936855,14065500,70297650,47000.0,-0.017125027970112266,0.011820716140942933,0.031395521889080236,0.0249908901892697,0.04414462019512122,0.015500147431245743,0.9311252023744078,-0.0024915230029464506,46470.1625,46945.677142857145,0.029023731087663096,0.018600708527126253,0.011751397207453051,58.19611290165059,0,108.34118449427478,-49.74083433663665,158.08201883091144,0.920094322732262,0.069088605860924,1,1,97.83681857666079,82.15828279471896,0.015920035204251257,0.18203338053223994,82.85714285714286,0.8583020166159018,0.8819118143934285,0.00404718134520925,-0.07371943874678595,0.008989556034814805,0.8767972991517294,1.460569792292803,1.2307408132341349,0.32114789396203247,-0.017125027970112266,0.12721684879370243,0.44492472992091586,1,0.1855937663326076,0.20761170297932155,0.8939465530115052,0,-1,0.017727647766408092,0.031395521889080236,0.0249908901892697,15.289452942763091,0.009389951054450396,0.054757909130461524,0.1779999232662106,-0.0024530049833852985,0.0,BANKNIFTY
BANKNIFTY,2024-02-21,47918.25,48031.6,47590.05,47701.6,377500,74715,3495,82057500,85784580,27431805,5999940,167916795,1.0454203454894433,1.0306114011905294,55625685,27807510,0.49990413601198797,21067590,56835165,47000.0,-0.014708102034313284,-0.0024530049833852985,0.020151050003903048,0.01926495726495725,0.062087745098584834,0.009256502926526482,0.25263277092055597,0.002077630393003573,46609.59,46966.675,0.02342886946656253,0.01564779708165398,-0.0024560185292803413,55.8151142079818,0,159.96503364355885,-7.786045633248494,167.75107927680736,0.8597219553449598,0.06513049625812627,1,1,86.91307106598639,87.19477470407759,0.015647049275376183,0.1652282611979445,52.77777777777778,0.6944101278282134,0.8482220870121943,0.006024279044815816,-0.06762625193630793,0.006827283369587457,0.8584240889240028,1.0454203454894433,1.1808769947115105,-0.41514944680335963,-0.014708102034313284,0.5021776839635633,0.07520169295744143,1,0.18719664813726403,0.19247859332466838,0.9725582715800987,0,-1,0.01790329805906074,0.020151050003903048,0.01926495726495725,15.582199773972237,-0.014273721124328231,0.09805404462026202,0.4688352256363175,-0.0010796283562815034,0.0,BANKNIFTY
BANKNIFTY,2024-02-22,47675.6,47750.0,47215.0,47650.1,348400,74835,120,37374120,34058445,15899265,12291345,71507400,0.9112841987985268,0.9996042377386714,17004255,6555780,0.38553761984867907,17106900,26357460,47000.0,-0.013643203267149462,-0.0010796283562815034,0.012981656885869164,0.037669614527779505,0.05530658640595232,0.011227678430895213,0.8132710280372284,-0.0005450550924916565,46734.4525,46985.145945945944,0.019592558616151612,0.014152431383719577,-0.0010802115747859588,57.542829469096176,0,194.6239127886147,32.706458506226014,161.9174542823887,0.8221711141446655,0.060814138065003735,1,1,84.87071700507276,89.87353554923997,0.015044939195150821,0.159389177580033,43.24324324324324,0.6374644778811885,0.9547355423559313,0.005788540155331567,-0.06205250798298987,0.006574006954679429,0.8265783846580027,0.9112841987985268,1.1362538451534054,-0.13413614669091645,-0.013643203267149462,0.19375760899369346,0.14328151982559104,1,0.14948482066745658,0.19283008176329522,0.7752152528433411,0,-1,0.016029460914813498,0.012981656885869164,0.037669614527779505,15.90679943087844,0.001373376627103795,0.04180371987321285,-0.36973346159825105,-0.0024942235168445848,0.0,BANKNIFTY
BANKNIFTY,2024-02-23,47675.45,48026.75,47469.0,47531.25,338600,76260,1425,49132530,39966570,11758410,5908125,89175360,0.8134441682526831,0.9364996662706783,21910740,9717975,0.44352564085010365,24553365,29007510,47000.0,-0.011176857330703484,-0.0024942235168445848,0.008178909400973433,0.020476624979872238,0.06159335321116277,0.011734385272846811,0.11160914388164739,0.0005320030807909856,46872.340000000004,46999.517105263156,0.014057544385452037,0.011313582085235918,-0.0024973392743292706,58.27066900976745,0,210.4938575086053,68.27132484045151,142.22253266815378,0.7930989226177042,0.04796177433850846,1,1,80.15743972080905,83.98040926395606,0.015280924204001105,0.15748284548690458,42.10526315789473,0.618872978399135,0.8537012680909187,0.005324945918905177,-0.07506051431808183,0.005899814270740485,0.8314706157797292,0.8134441682526831,1.0740280806328453,-0.09784003054584378,-0.011176857330703484,0.31461369525222266,0.1734701921946231,1,0.13970715908330364,0.1894027791422005,0.7376193720190972,0,-1,0.015413945548050626,0.008178909400973433,0.020476624979872238,15.419823957032124,-0.0014145951605630813,-0.017411491584446104,-0.21337720690467044,-0.0048031558185405165,0.0,BANKNIFTY
BANKNIFTY,2024-02-26,47460.55,47607.65,47247.5,47302.95,267000,83730,7470,62148720,46238580,13016190,6272010,108471030,0.7439989109992933,0.95526152360363,29418285,12821355,0.43582945096901465,30779850,32163885,47000.0,-0.006404463146590162,-0.0048031558185405165,0.0009035077046777307,0.033459722163051486,0.0191701929623469,0.007613690055271426,0.1539636262667818,-0.0014874424720577955,46916.8275,47007.29743589744,0.008229936263273396,0.00628950355007607,-0.004814728041780073,56.43088248389679,0,203.11668625568564,95.24487887389422,107.87180738179141,0.6726937896486089,0.04765623755213229,1,1,71.10366434009863,78.71060702199348,0.015331345236245443,0.15653392802121746,41.02564102564102,0.6096186629336263,0.9288633345692502,0.005752115253628287,-0.08684515982933513,0.002411412233252891,1.0902077308086588,0.7439989109992933,0.9949434831665499,-0.06944525725338979,-0.006404463146590162,0.2649200031018146,0.1569314054220815,1,0.09947768019179812,0.14358174455072706,0.6928295824360174,-1,-1,0.013781136523386462,0.0009035077046777307,0.033459722163051486,14.224800566014958,-0.0023089323016959318,-0.19887181949111887,-0.05108368590834078,-0.0004936267188410115,0.0,BANKNIFTY
BANKNIFTY,2024-02-27,47250.0,47415.0,47028.55,47279.6,296600,90945,7215,68842845,54782055,6694125,8543475,123715845,0.7957552451529276,0.9311152342105471,35464185,13938150,0.3930204514780193,31019700,39592740,47000.0,-0.005913755615529712,-0.0004936267188410115,-0.011277967498206865,0.019763476715419115,0.020493134600254814,0.008173715513667567,0.649631258894896,-0.0011193805037528757,46964.3,47014.104999999996,0.0067136101251374924,0.00564713504596126,-0.0004937485926182071,54.86439337079334,0,193.22722593592334,114.84395345016186,78.38327248576148,0.6441819777470106,0.04656344870588611,1,1,70.17766497461649,73.81292301184139,0.015392473709591431,0.1558333970100188,40.0,0.6027867358109553,0.8481597892919603,0.004736030862678109,-0.05569477488901457,0.007364673134848674,1.0872907648752281,0.7957552451529276,0.8619805737385748,0.05175633415363434,-0.005913755615529712,0.10771138971164651,0.18476940684597148,1,0.08489967526544233,0.14332265290524412,0.5923674554247602,-1,-1,0.012525963626881732,-0.011277967498206865,0.019763476715419115,13.40165103743089,0.004309529099699505,-0.07919654776318685,0.1030566930801089,-0.015306813086405024,0.0,BANKNIFTY
BANKNIFTY,2024-02-28,47280.05,47422.05,46480.0,46555.9,673400,106950,16005,93281730,56445030,24438885,1662975,149833710,0.6051027355517528,1.1209291899411877,43788120,14916480,0.340651299941628,48086790,38531190,47000.0,0.009539070235995836,-0.015306813086405024,-0.02401806228721881,-0.004351001457462478,-0.009020917545237483,0.020234814491826018,0.08056897192292677,9.51784702079471e-06,46943.11,47002.92926829268,-0.008248494827036379,-0.009510668276460743,-0.01542517169859984,56.65730984351759,0,127.80638977885974,117.43671642575214,10.3696733531076,0.3253412380173167,0.047226344292162464,1,1,41.4776332487294,60.919654187814835,0.014965879727381469,0.15508168949034778,39.02439024390244,0.5954557099036669,0.7047834429104584,0.004843923911325265,-0.04819247105260198,0.003107177963289569,1.0628224086084177,0.6051027355517528,0.7739170517510366,-0.19065250960117486,0.009539070235995836,0.3549952794658617,0.030356199671589538,1,0.11298665878645216,0.1459149601363018,0.7743322453261546,-1,-1,0.011851588925369338,-0.02401806228721881,-0.004351001457462478,13.392466736309993,-0.014813186367564013,0.9833298972108495,0.3804384235000431,0.006723100616677913,1.0,BANKNIFTY
BANKNIFTY,2024-02-29,46450.05,46999.5,46364.7,46868.9,823900,129960,23010,83887965,67201380,-9393765,10756350,151219305,0.801084875524159,0.8743682343462059,50083455,22222830,0.4437159936350238,30165525,43245705,46100.0,-0.016405334880912534,0.006723100616677913,-0.016394509140589375,-0.0036256801471955535,-0.005062898822690287,0.013544162547019513,0.7942659105228774,-0.0022736108634995467,46931.185000000005,46999.73809523809,-0.0013271559198857474,-0.002783804772974796,0.006700601362596397,53.28931030590362,0,99.18436680150626,113.78593592684562,-14.601569125339367,0.4718463752188126,0.04713978857790215,1,1,53.89038705583551,55.18189509306046,0.014563495196174843,0.15497607873736954,38.095238095238095,0.594425741271039,0.7091892240040192,0.008975231326521093,-0.1648719422941674,0.0013157487255996015,1.049007819087914,0.801084875524159,0.7518771870961631,0.1959821399724062,-0.016405334880912534,-0.10070316020082389,0.19056327899905448,0,0.11420294238494012,0.1477358660369344,0.7730211042935704,-1,-1,0.011635089703806162,-0.016394509140589375,-0.0036256801471955535,13.045123951322273,0.022029913703082937,1.1035565654760378,0.21477827704253705,0.021454525282223358,1.0,BANKNIFTY
BANKNIFTY,2024-03-01,46868.9,47938.15,46868.9,47874.45,4783600,695550,695550,37756200,49357740,19864695,34842255,87809490,1.3072750965404358,0.740510186580453,17970585,7721160,0.42965546196743176,13841745,40748670,47000.0,-0.018265483989894343,0.021454525282223358,0.007220512820512726,0.01545847814167356,0.02072277597143013,0.022334460239229904,0.9404255319148015,0.0,46979.7825,47020.08023255814,0.019043670540620283,0.01817031709040484,0.021227616695002158,72.71548930654569,1,153.14589592328412,121.65846370261038,31.48743222067374,0.8779587258529452,0.0503855824406282,1,1,93.25999313775542,62.87600448077344,0.014217917908195276,0.15654272024759447,46.51162790697674,0.6097044091017381,0.8245969399520743,0.011638597227517566,-0.03159148057849428,0.003283693685799994,0.9459884268942318,1.3072750965404358,0.8506433727537137,0.5061902210162769,-0.018265483989894343,0.2368002966814131,0.5184752902395754,1,0.15849719155169895,0.1654805869739231,0.9577993065790579,0,-1,0.01286112571217099,0.007220512820512726,0.01545847814167356,14.949211701002161,0.014731424665545445,4.672006355454901,-0.2930554894040792,0.0027248354811388875,1.0,BANKNIFTY
BANKNIFTY,2024-03-04,47963.1,48083.75,47735.55,48004.9,2768600,1023630,326355,48458040,57217200,9673950,5927985,106698870,1.1807576204072636,0.8691749327909513,23183445,9390015,0.4050310469388825,19029375,46924545,47500.0,-0.010517676320542308,0.0027248354811388875,0.014839455044558525,0.015756370311202472,0.02746365450780419,0.007253426212740722,0.7735496840893838,0.0018517184009424956,47043.94,47042.4625,0.0204268605053064,0.020458909862552277,0.002721129846908704,69.69478836740569,0,203.72373444894038,138.07241151219816,65.65132293674222,0.8809637788206474,0.05361890458074523,1,1,96.67124010553688,81.2738734330426,0.013267618811532014,0.1561066084975735,43.18181818181818,0.6054512302333455,0.8263648341616523,0.014922748727395274,-0.031339242477020045,0.0028821041613142345,0.9488307069299827,1.1807576204072636,0.9379951146353079,-0.1265174761331722,-0.010517676320542308,0.2562214947478825,0.12010243986049604,1,0.1585482624499142,0.16452524909083704,0.9636713102072862,0,1,0.01268729831212694,0.014839455044558525,0.015756370311202472,15.772509445956171,-0.01872968980108447,1.5130253244985021,-0.13852095189291802,0.00498386623032232,1.0,BANKNIFTY
BANKNIFTY,2024-03-05,47880.0,48357.0,47810.0,48244.15,2245900,1242900,219270,59140410,71580495,10682370,14363295,131963805,1.21034830499146,0.8267910366740825,40196280,16364835,0.4071231218411256,12645090,55016130,49000.0,0.01566718451874473,0.00498386623032232,0.020400976319596698,0.008892927273525641,0.034106059631749286,0.011338162243505171,0.7936928702009544,-0.0026018177311066463,47123.497500000005,47069.166666666664,0.023781182625504327,0.02496290919391675,0.0049714878800133835,68.51002293806724,0,259.52782799085253,162.3645528799114,97.16327511094113,0.9136268695238031,0.05749428863961614,1,1,94.3490235352983,94.76008559286352,0.012143959423059562,0.15704322789801547,48.888888888888886,0.6145856088450082,0.7852630177639968,0.014512649057292059,-0.05058815150406095,0.002738450936367513,0.9539559706803835,1.21034830499146,1.0209137266030142,0.029590684584196447,0.01566718451874473,0.22044577122805628,0.25103107107652944,1,0.14968591425326472,0.1646231405109955,0.9092641149823071,0,1,0.012271099793352882,0.020400976319596698,0.008892927273525641,15.584057210853464,0.0022590307491834327,0.7378419158896583,0.05146222977060466,0.004546665243350789,1.0,BANKNIFTY
BANKNIFTY,2024-03-06,48100.0,48688.05,48060.05,48463.5,3465000,1336230,93330,87322800,99737685,28182390,28157190,188396715,1.1421723192568265,0.935932001014179,62767125,41879295,0.6672170343949958,18624600,57614430,48000.0,-0.00956389860410412,0.004546665243350789,0.04097439851876983,0.015972210575745827,0.03554487179487187,0.012958205659929637,0.6424363057323771,-0.0029879270336403783,47206.6725,47099.47826086957,0.026623937537643583,0.0289604426523693,0.004536360384290223,68.02572119340263,0,317.28467968186305,193.34965791363345,123.9350217682296,0.9273853688789354,0.062294920407496165,1,1,90.33507650590343,93.7851133822462,0.011925469683369942,0.15865879185204873,52.17391304347826,0.6303413926997212,0.8273436783408101,0.011637451981173563,-0.09389366844716826,0.002778015925011032,0.9624003246047284,1.1421723192568265,1.128327643344029,-0.06817598573463357,-0.00956389860410412,0.47653355801895864,0.39336400230258256,1,0.14938611287356585,0.16485737556351318,0.9061536511322041,0,1,0.012641270066693197,0.04097439851876983,0.015972210575745827,15.330833158343896,-0.000437200986971531,1.1641371557054523,0.41420249782692053,-0.0030507495331537626,0.0,BANKNIFTY
BANKNIFTY,2024-03-07,48463.5,48553.0,48245.0,48315.65,1352100,1435590,99360,43695705,39713340,18040890,12777915,84844635,0.9088614086899387,0.8673559627425196,23429220,13895685,0.5930920875726977,17850090,25521795,48000.0,-0.0065330798612872115,-0.0030507495331537626,0.03086801695794006,0.013967441831181926,0.05216320450868128,0.006374746070890074,0.22938311688304713,0.0,47326.44,47125.354255319144,0.02090184683234142,0.02525807526521695,-0.0030554125557350816,64.6554099756996,0,347.3840672563165,224.15739857663837,123.22666867967811,0.8486829787859109,0.05994513097576032,1,1,83.97142057804099,89.55184020641423,0.011715148197323215,0.14617265302271704,34.04255319148936,0.5085703516438997,0.8154936799104687,0.008750952195857887,0.01788565677905778,0.00013418345441405972,0.9923024122528918,0.9088614086899387,1.149882949977185,-0.2333109105668878,-0.0065330798612872115,0.2065999945031538,0.12811521542734824,1,0.15070741977274127,0.14730655808003232,1.0230869666274636,-1,0,0.012155976830692684,0.03086801695794006,0.013967441831181926,15.999859392619319,-0.007597414776504552,-0.2053342110057773,-0.2926236204631807,-0.009692511639603385,0.0,BANKNIFTY
BANKNIFTY,2024-03-11,48310.0,48310.05,47766.05,47847.35,2332000,1597485,161895,70773930,50878215,27078225,11164875,123249630,0.718883563481638,1.0116655576373663,37920135,19369980,0.5108098903128905,31385565,30260805,48000.0,0.003190354324743198,-0.009692511639603385,-0.0005660639443376692,0.006650361604207733,0.027263163544629876,0.01136949068234709,0.1494485294117292,-0.00011693933539135777,47389.9325,47140.395833333336,0.009652208303947196,0.014996780450595493,-0.009739789774495949,56.75541952409443,0,330.4866723650339,245.42372758930208,85.06294477573181,0.664449627024784,0.0586940115254326,1,1,63.815180665846036,79.37389258326348,0.0120158916100593,0.1430802818520925,33.33333333333333,0.478412008706581,0.7722189670431505,0.0071330196840387215,-0.15650921944891488,0.002987530003798592,0.9759488515075867,0.718883563481638,1.0322046433654255,-0.18997784520830074,0.003190354324743198,0.6196999224523325,0.28113664073583333,1,0.1599991128114698,0.14660633242559368,1.0913519904301412,-1,-1,0.012119487371642711,-0.0005660639443376692,0.006650361604207733,15.574578158711486,-0.006641762106449622,0.22684539748843924,-0.029765246332401296,0.0002163129201513403,1.0,BANKNIFTY
BANKNIFTY,2024-03-12,47800.25,48361.9,47501.05,47857.7,2645100,1709475,111990,72817335,51951405,2043405,1073190,126478215,0.7134483155693627,0.8353347254276636,41790270,18356340,0.43924913622237904,29291655,32336520,48000.0,0.0029733982201401847,0.0002163129201513403,-0.0030663536430657334,0.011727598384456028,0.04557972273109101,0.017987701038704295,0.4142998199453486,-0.0009843805351811238,47494.245,47155.034693877555,0.00765261138481077,0.014901172497995718,0.0002162895278849336,50.51091622554049,0,314.28152808930463,259.19553338652827,55.08599470277636,0.6545304347267112,0.04952171006535489,1,1,64.26065810144542,70.68241978177748,0.01219187299013533,0.13915834823561196,26.53061224489796,0.4401633598681778,0.8023950401189974,0.005368846635772773,-0.11872476815311239,0.002071825501849425,1.0776784600257994,0.7134483155693627,0.9387427823978453,-0.005435247912275232,0.0029733982201401847,0.028872283904539425,0.02109331076178675,1,0.15711564890962412,0.12912789230705482,1.2167444692301057,-1,-1,0.013156888469986,-0.0030663536430657334,0.011727598384456028,14.631443763438131,0.009908824559754725,0.23682561651906364,-0.0344186733604811,-0.007559911989084234,0.0,BANKNIFTY
BANKNIFTY,2024-03-13,47859.45,48024.45,47322.1,47495.9,3552000,1772400,62925,96875265,70560675,24057930,18609270,169208340,0.7283662656303443,0.9904019070036917,58844520,33948285,0.5769149786590153,36615060,35100075,47000.0,-0.010440901214631189,-0.007559911989084234,-0.015509652465635737,0.0045749118012843315,0.02442880467956332,0.014787592192168134,0.24745497259198193,3.656673847677594e-05,47550.875,47161.852,-0.0011561301448185235,0.0070830127705756585,-0.007588632967333001,47.45521575613622,0,269.70554689386336,261.2975660892085,8.40798080465487,0.47379405914881434,0.04411710120940899,1,1,48.68831643962179,58.92138506897107,0.012676958883368273,0.13558675421193972,26.0,0.4053313971264502,0.7599139028133767,0.0064722854677832006,-0.13893645873638796,0.002246890868729966,1.0663995384772669,0.7283662656303443,0.8423463745256219,0.014917950060981622,-0.010440901214631189,0.3303874001980435,0.35820532668943217,1,0.1631502086425108,0.12714442309203058,1.283188082863056,-1,-1,0.013818276137836056,-0.015509652465635737,0.0045749118012843315,14.187718196154062,-0.007776224909235574,0.44146483994545815,0.22229002997041802,-0.0023717836697483285,0.0,BANKNIFTY
BANKNIFTY,2024-03-14,47377.0,47804.95,47163.4,47383.25,2070500,1797330,24930,44220615,36053700,15159990,10927740,82071645,0.8153143053302175,0.9830787163474803,22344945,14829600,0.6636668830467025,20842695,19649850,47000.0,-0.008088301245693362,-0.0023717836697483285,-0.022289970802769066,0.017771109569356458,0.013342785988256889,0.013539594687996193,0.34268568311116165,-0.0025033739754379103,47582.07,47138.803,-0.004178464703195939,0.005185685347165014,-0.0023746008039398107,46.747912985192876,0,222.88742356275907,253.61544986965743,-30.728026306898357,0.3990706335674148,0.04139989034794716,1,1,43.83971420577858,52.262896248948586,0.012867717721226071,0.12588075404646326,23.52941176470588,0.31067365218278753,0.8376767923212782,0.007422470934256076,0.04958478330554879,0.003818542885030453,1.009411011445153,0.8153143053302175,0.7769747717403003,0.08694803969987319,-0.008088301245693362,0.1564897912795387,0.15487011710134577,1,0.1392179259490551,0.1247071336831379,1.1163589581904036,-1,-1,0.013148754157453073,-0.022289970802769066,0.017771109569356458,13.845723967661309,0.005188128319335905,-0.20483741507832576,-0.299553642741778,-0.006284921359341222,0.0,BANKNIFTY
BANKNIFTY,2024-03-15,47250.0,47374.85,46850.05,47085.45,5441100,1842930,45600,56635245,43309740,12414630,7256040,101787915,0.7647135630824939,1.010430250874482,27317655,15503190,0.5675154035000443,28240920,24669330,47000.0,-0.0018147856715821362,-0.006284921359341222,-0.02546172927405521,0.0046203345928750306,0.000977902590272528,0.011145693627224455,0.4485518292681998,-0.0028121751884896034,47584.369999999995,47121.579,-0.010484955459113987,-0.0007667187892833605,-0.006304754621586517,44.79412382932009,0,160.3164506777248,234.9554795839139,-74.63902890618911,0.24540027698120714,0.041182116519194095,-1,1,31.022015623989805,41.18334875646339,0.012911859487075385,0.1235856865123766,21.153846153846153,0.28829101118070055,0.7594750856954743,0.006685615516873744,-0.10839151581732462,0.003891834823297022,0.9855274197259235,0.7647135630824939,0.7481452026188113,-0.050600742247723596,-0.0018147856715821362,0.2807430425831934,0.20125645911515322,1,0.14162482522469114,0.1254005560273434,1.1293795625664698,-1,-1,0.012908907265473567,-0.02546172927405521,0.0046203345928750306,14.82087167336156,-0.003913137689592894,0.774894881572552,-0.15570144742810021,0.0009886281218509652,1.0,BANKNIFTY
BANKNIFTY,2024-03-18,47040.0,47285.9,46630.2,47132.0,4328600,1866090,23160,59234820,47722155,2599575,4412415,108823065,0.8056436231257224,0.9078873481757994,30440565,16314915,0.5359596643491998,27477615,28260030,48000.0,0.01841636255622507,0.0009886281218509652,-0.014950671249295944,-0.01550827215769579,-0.000289528302186981,0.013911991852669192,0.7652890041176194,-0.0009652663402388019,47583.6875,47105.58,-0.009492486264331634,0.0005608677358392988,0.0009881397509209605,47.91521847827416,0,113.12921061171073,210.59004773888057,-97.46083712716984,0.2698096579611812,0.04123755228067489,-1,1,33.02558805173426,35.962439293834215,0.013347013251536708,0.12530024054931438,24.528301886792452,0.3050121955979292,0.6364380791067823,0.0068119729918222575,-0.031684502290231766,0.004070658447654154,1.0008903520751011,0.8056436231257224,0.7654972145476282,0.04093006004322841,0.01841636255622507,0.045900304660110504,0.10188043151494329,1,0.0811975936209624,0.12518877836063258,0.6486012134585701,-1,-1,0.012066660426817496,-0.014950671249295944,-0.01550827215769579,15.998576690977862,0.0072735494811921875,0.4332685449771365,-0.07521443424347962,-0.006454213697700051,0.0,BANKNIFTY
BANKNIFTY,2024-03-19,47675.0,47675.0,46777.05,46827.8,5630700,1905585,39495,75689985,54163560,16455165,6441405,131759130,0.7155974466106712,0.9315099759728597,38535915,18866160,0.4895734278010526,36395235,29704260,47000.0,0.003677302798764774,-0.006454213697700051,-0.02152004797556073,-0.02452041354111767,-0.009150395945852985,0.019175575192513786,0.056517623475688526,0.011520835101417297,47562.065,47072.101,-0.015438038697436651,-0.005189931930168146,-0.00647513219179365,44.84340759678602,0,50.961688217372284,178.6641891958008,-127.7025009784285,0.14322200449654726,0.04327071425930356,-1,-1,19.932425161942227,27.99334294588876,0.014213931529073376,0.13029245273825718,29.629629629629626,0.3536987338247081,0.581255414723933,0.006318776443781515,-0.06859835139666974,0.004425631087862342,1.0269269020991818,0.7155974466106712,0.7659270407558898,-0.0900461765150512,0.003677302798764774,0.2777954757016228,0.1349772448457116,1,0.08073980481239397,0.12687607303813792,0.6363674632685667,-1,0,0.013258875324794802,-0.02152004797556073,-0.02452041354111767,15.841311139716115,-0.007442841819551016,0.7030215044006896,0.10973729398628329,0.0007207257227543895,1.0,BANKNIFTY
BANKNIFTY,2024-03-20,46837.8,47170.0,46415.15,46861.55,5539800,1964295,58710,93573405,78071295,17883420,23907735,173608995,0.834332094680107,0.9304397908817156,56780235,34120020,0.6009136806143899,34874700,38472405,46300.0,-0.01198317170473454,0.0007207257227543895,-0.013355889666265885,-0.028658396924808427,-0.020020326690910917,0.016108088614226343,0.5913757700204586,0.00021354836229760954,47514.1975,47041.562999999995,-0.013735841797601678,-0.003826679823542234,0.0007204661246958465,54.14064510885029,0,4.33897260511003,143.79898281988278,-139.46001021477275,0.19419026201416792,0.04491629955301951,-1,-1,21.385068973679523,24.781027395785333,0.013918355544912907,0.13058405418706964,30.909090909090907,0.3565425763032063,0.5556262403658317,0.006198519346025289,-0.06455400989497657,0.0038470421595685495,1.101943148452009,0.834332094680107,0.7871202065658424,0.1187346480694359,-0.01198317170473454,0.23627194535710372,0.44139888515452086,1,0.07209656950138625,0.11850344027304638,0.6083922059513862,-1,0,0.013735867961866922,-0.013355889666265885,-0.028658396924808427,15.762790224729201,0.00717493942045444,0.5237272704768559,0.4514570460784473,0.007492283119102883,1.0,BANKNIFTY
BANKNIFTY,2024-03-21,47148.95,47513.8,47051.0,47212.65,3216900,2043840,79545,43430340,39949215,15474360,14350590,85423395,0.9198457806224865,0.9722298407342347,23717820,15533670,0.654936667872511,18281985,22368780,48000.0,0.01667667457768201,0.007492283119102883,-0.0036004284214358195,-0.025810145779813665,-0.010250180287453614,0.009802457604053212,0.3492869490059756,0.0061329597505843094,47489.75,47033.37899999999,-0.005834943329876441,0.003811569651417379,0.007464355374233757,54.609206344949655,0,-4.5730216974407085,114.12447089088779,-118.6974925883285,0.37068304929515683,0.04512125671131115,-1,-1,35.08733336266287,25.468275832761538,0.013841251081164515,0.13076686604020024,32.142857142857146,0.35832544849270676,0.5733347240519721,0.0065152051614278065,-0.06595634124471106,0.001852816830773086,1.071217322243628,0.9198457806224865,0.8080265016242961,0.0855136859423794,0.01667667457768201,0.16537134669834874,0.183813910093332,1,0.08151054091523872,0.12207314353280974,0.6677188650143933,-1,0,0.013420293156279278,-0.0036004284214358195,-0.025810145779813665,16.34755592875673,0.006771557396348493,-0.10910913683091106,-0.2897984710738648,0.002363773268392988,1.0,BANKNIFTY
BANKNIFTY,2024-03-22,47199.0,47452.0,47030.0,47324.25,3291500,2081175,37335,43294125,45450855,-136215,5501640,90826155,1.0498157659959637,0.8926129678690232,24112650,18496515,0.7670876075420993,17656095,25147410,48000.0,0.01427914863943961,0.002363773268392988,0.005071630408119754,-0.02051923134636502,-0.006838390685434015,0.008917204181788407,0.6972748815164225,-0.00028911742933305915,47473.4575,47032.03399999999,-0.0031429667830702446,0.0062131269934020406,0.0023609839510385874,40.29629629629635,0,-2.702261056212592,90.75905456514677,-93.46131562135936,0.4303446901582193,0.045121711326965214,-1,-1,39.9973602006229,32.156587512321764,0.012831687771068722,0.12994487089146337,28.07017543859649,0.35030894263988166,0.6058857855758446,0.006758279593651206,-0.030559225458908747,0.002723170808254313,1.0610972138327288,1.0498157659959637,0.8650469422069902,0.12996998537347726,0.01427914863943961,-0.003136401879423463,0.13771584748286042,0,0.08512325122080353,0.12246273865519558,0.6950951128976944,-1,0,0.013674538967369112,0.005071630408119754,-0.02051923134636502,15.390287652252836,-0.005128509850709895,-0.13491308393038304,-0.23086138161807734,-0.003999006851666986,0.0,BANKNIFTY
BANKNIFTY,2024-03-26,47199.0,47267.0,47080.0,47135.0,6951000,2509575,428400,63565635,54229500,20271510,8778645,120304710,0.8531260641068087,1.029440220508537,38366715,22211025,0.5789139101432061,23737380,28832145,47000.0,-0.0028641137159223506,-0.003999006851666986,6.365102265970535e-05,-0.014887971852150628,-0.008336620644312953,0.0039673278879813305,0.2941176470586663,-0.0026466346534810377,47453.645,47022.596999999994,-0.006714868794588824,0.002390403915802475,-0.004007024261155423,34.969590158269355,0,-16.14125386026717,69.37894168486453,-85.5201955451317,0.3526364509102149,0.04556668752934536,-1,-1,31.670993004530178,35.585228855938645,0.012725681552986085,0.12781617921353916,25.862068965517242,0.32954888180355923,0.6401140327236151,0.006576125721424764,-0.08164811162793226,0.0022694353558086345,1.0397180414162859,0.8531260641068087,0.8745434304032074,-0.19668970188915502,-0.0028641137159223506,0.4682277329776269,0.19314587151330817,1,0.07502495213565995,0.12293350121678986,0.610288906864587,-1,0,0.012934322687932534,6.365102265970535e-05,-0.014887971852150628,14.680721772934007,-0.006362780120059974,0.6291202609967375,-0.0006626020396300891,0.0018934974010820227,1.0,BANKNIFTY
BANKNIFTY,2024-03-27,47145.0,47370.0,47120.0,47224.25,12208300,3193950,684375,84938580,78738855,21372945,24509355,166871385,0.9270093166144289,0.9031419371034037,58786590,40664535,0.691731481618512,24439860,35742465,46800.0,-0.008983731875043012,0.0018934974010820227,0.008466124823288679,-0.013236114564636359,-0.0016637440159651407,0.005293890321180326,0.4169999999998332,0.00021215657154980376,47449.71,47015.608,-0.004751556964204817,0.0044377177893775155,0.0018917069946084776,31.414461695458797,0,-19.435521329010953,51.61601505508213,-71.05153638409308,0.39600852053660035,0.04569179118062255,-1,-1,35.59769457521063,35.755349260121235,0.012252406640353493,0.1272877404999138,25.423728813559322,0.32439528442874893,0.6501969407150753,0.006266058208064362,-0.11690971373291972,0.0035809129502373735,1.0429998649771488,0.9270093166144289,0.916825804403959,0.07388325250762018,-0.008983731875043012,0.3362342718671811,0.4519561308881697,1,0.0765491932137086,0.12204003535360243,0.6272465664991659,-1,0,0.011664941616180138,0.008466124823288679,-0.013236114564636359,14.48251411796056,0.005892504252749009,1.3373935485847324,0.30975126407568676,0.006795237616266991,1.0,BANKNIFTY
BANKNIFTY,2024-03-28,47549.5,47763.0,47264.8,47545.15,20300400,3246120,52170,33698160,33161340,8637435,9258000,70105620,0.9840697533633884,0.7802395935747627,18629085,16087890,0.863589918667503,12814920,15403590,47000.0,-0.011465943424303035,0.006795237616266991,0.014587652350380953,0.0010369316088336689,0.0056165872807723005,0.010478460999702326,0.562725812926423,0.006887351307855604,47462.9875,47009.708000000006,0.0017310857223220566,0.011390030331607237,0.006772254049587318,33.86226650499941,0,3.569610265440133,42.00671937095094,-38.43710910551081,0.5379762739564133,0.04558334828497692,-1,-1,52.85684215449858,40.04184324474647,0.012035627488518039,0.1280525206598467,28.333333333333332,0.3318538012310048,0.736497317519232,0.005811418367010468,0.06259155391262186,0.003223173030560359,1.0292592859973353,0.9840697533633884,0.9467733361406152,0.05706043674895955,-0.011465943424303035,0.10169036261260785,0.11757854492550089,1,0.07770094573482994,0.12441230533357782,0.6245438943040366,-1,0,0.011234028496933557,0.014587652350380953,0.0010369316088336689,13.869573626530467,0.004901740215184969,1.9429911798987516,-0.34300363822165136,0.007751579288318489,1.0,BANKNIFTY
BANKNIFTY,2024-04-01,47702.95,47947.25,47647.65,47913.7,19707400,1897890,-1348230,43834455,46907415,10136295,13746075,92639760,1.0701037574209602,0.8981174062035645,25138065,19557630,0.7780085698720247,14754705,26513400,47500.0,-0.008634273704597998,0.007751579288318489,0.014848774639847573,0.011194884268174832,0.029164939352477326,0.006252908875749494,0.8880173564749938,0.0033189505133540565,47530.8775,47001.857,0.008054185408211678,0.019400148381371274,0.007721690156870691,43.44514929632581,0,50.700842137077416,43.74554605597155,6.955296081105864,0.6894934080923979,0.04250377619617735,-1,1,76.97701297033099,55.1438499000134,0.01208333196678908,0.12143447723497537,13.333333333333334,0.2527801190326823,0.7973570132956336,0.004648375222151069,-0.10328575392310094,0.0023989452687493574,1.0807045965179356,1.0701037574209602,0.97682493150031,0.08603400405757178,-0.008634273704597998,0.3007966903830951,0.4145210959508874,1,0.08491492641644856,0.11236602260985162,0.7556993152255063,-1,0,0.010505359915708886,0.014848774639847573,0.011194884268174832,13.235239935205643,0.0009563416720514972,1.275268802307203,-0.14341039275567424,-0.00043411383383029634,0.0,BANKNIFTY
BANKNIFTY,2024-04-02,47805.4,48051.0,47750.15,47892.9,10684800,1950870,52980,60385695,56436495,16551240,9529080,118773060,0.9346004049469001,0.8916312634417843,40083675,25311435,0.6314649293010184,16624215,30425325,48000.0,0.002236239609628954,-0.00043411383383029634,0.012016038289037967,0.017148609602329445,0.021848176509369654,0.0062817244309699045,0.4744889479805659,-0.0022603138559534257,47582.0775,46995.21599999999,0.006532344032267323,0.01910160387389226,-0.0004342080885198212,50.86975616276189,0,85.39819563039055,52.07608414142333,33.32211148896722,0.6599000844776306,0.040852661545527164,-1,1,75.90856555797735,68.58080689426897,0.011717588321322884,0.11868121109587906,10.0,0.22539636367555016,0.8325309340099092,0.0052598118764388465,-0.14705557305953848,0.002049296482309156,1.0713001684646484,0.9346004049469001,0.9537818592904973,-0.1355033524740601,0.002236239609628954,0.37758516673698805,0.20314656009076604,1,0.07513180700992246,0.11078240672624834,0.6781925863712237,-1,-1,0.010018962996083434,0.012016038289037967,0.017148609602329445,12.368965921715217,-0.008185693122148785,0.16316892990809873,0.04426060644314078,0.00040507048017568437,1.0,BANKNIFTY
BANKNIFTY,2024-04-03,47699.0,47967.0,47580.0,47912.3,12451000,2050095,99225,87326505,101710365,26940810,45273870,191086965,1.1647135654862175,0.9336586778582855,61340175,54014430,0.8805718275176098,22541400,46997775,47600.0,-0.006518159220075073,0.00040507048017568437,0.016490930306566343,0.016555630993804638,0.0007906096049146161,0.008077257823147709,0.8586563307491397,-0.00404861680958976,47583.97,47030.277,0.006900012756396734,0.018754365405927675,0.00040498846127693847,51.03897092403726,0,113.14192158342485,64.289261212743,48.852660370681846,0.6684662169852253,0.04095784234889369,1,1,91.52122749640317,81.4689353415705,0.01100641916883256,0.10986842443846678,5.0,0.09016098579816068,0.829022698585825,0.004155092715228048,-0.2039117270285864,0.0013230749394630799,1.3635196356742287,1.1647135654862175,1.016099359566379,0.2301131605393174,-0.006518159220075073,0.4461455647732464,0.8022091024610937,1,0.07534589566888021,0.08057707525993012,0.9350785608973431,-1,-1,0.009435489593131284,0.016490930306566343,0.016555630993804638,12.43665088937989,0.0008391843140059807,0.2453266494502,0.49408835463754674,0.005985936805371406,1.0,BANKNIFTY
BANKNIFTY,2024-04-04,48185.0,48323.5,47920.0,48199.1,16903500,1816635,-233460,29265180,30598065,10756545,11278200,61679880,1.0455450812193876,0.8848746011938169,15408900,11774220,0.7641181395167728,12308490,18539460,48000.0,-0.004130782524984876,0.005985936805371406,0.020642995918410456,0.029283886921871005,0.0040454203633377706,0.008371525609399346,0.6916976456008164,0.0056916491172412315,47593.68,47076.874,0.012720596516176075,0.023838158837819146,0.005968092261119581,63.77419102091984,0,156.30994757890585,82.69341003844701,73.61653754045884,0.8039970949413611,0.04184446735791369,1,1,93.48127963947415,86.97035756461823,0.010509458238253985,0.11022948210640857,5.0,0.03716772011362454,0.9038104719933052,0.00409276512971739,0.00894595494959971,0.0013968171761821243,1.3310742236303075,1.0455450812193876,1.0398065124873708,-0.11916848426682991,-0.004130782524984876,0.12317617658006581,0.11088545400461398,1,0.06267914119483242,0.08281242324163306,0.7568808961942448,-1,-1,0.00835508463481984,0.020642995918410456,0.029283886921871005,13.161566707044946,0.005580866325195721,0.5193529076550543,-0.42278140787650553,0.00952299939210488,1.0,BANKNIFTY
BANKNIFTY,2024-04-05,48170.0,48725.0,48014.05,48658.1,15287400,2072010,255375,43667610,57655320,14402430,27057255,103394940,1.3203223167010971,0.7242527399418648,21535620,20171760,0.9366695734787297,18893880,37193220,48000.0,-0.013524983507370789,0.00952299939210488,0.02340827613331742,0.03833740027805299,0.0085803149190109,0.014611133603654831,0.905900555594497,-0.0006037457130941978,47614.377499999995,47134.09199999999,0.02192032228080687,0.03233345409518029,0.009477941465269065,71.98813363459189,1,224.73170172346727,111.10108264087913,113.63061908258814,0.9889406033491251,0.044832280507398986,1,1,97.10370803298488,94.0354050562874,0.01051219779293829,0.11200103270384501,5.0,0.024599157946541796,0.9567280350478261,0.0038198296040270916,-0.2422936116259084,0.001080128740816276,1.2770563093954657,1.3203223167010971,1.1070570251549126,0.2747772354817095,-0.013524983507370789,0.4921353635959184,0.8842799373097613,1,0.06934104559025935,0.08770250125396473,0.790639314954096,-1,-1,0.008205389133762689,0.02340827613331742,0.03833740027805299,15.308013719746851,0.003537062586733475,0.26339851672118364,-0.08915110816136673,0.0006792291519808202,1.0,BANKNIFTY
BANKNIFTY,2024-04-08,48705.1,48847.0,48567.05,48691.15,9412300,1988685,-83325,46513770,55863855,2846160,-1791465,104366310,1.2010175696358305,0.8517899454217785,24830745,20555610,0.8278289676769666,18554280,34990470,48000.0,-0.014194571292729817,0.0006792291519808202,0.01622604808228134,0.031315759653397945,0.004697349551724628,0.005749504786804113,0.44329344525792286,0.0009659234536490328,47625.759999999995,47209.654,0.02237003671962423,0.03138120859771609,0.0006789985802618179,80.47794396780826,1,278.39201765503094,144.55928308502328,133.83273457000766,0.9801295135128278,0.04659167180945317,1,1,93.5912988054324,94.72542882596382,0.010133551697059626,0.10921733359156864,1.6666666666666667,0.0,0.9157692752498434,0.005397315317641605,-0.17988630401259686,0.0011072574384426758,1.2645883462800154,1.2010175696358305,1.1332397875978866,-0.11930474706526661,-0.014194571292729817,0.06517782860110732,-0.031071980868374333,0,0.06753286498003065,0.08636591803679806,0.7819388300030915,-1,-1,0.007800093852037779,0.01622604808228134,0.031315759653397945,17.584792519448307,-0.00884377024012406,-0.2600253463901835,-0.09920505855024575,0.0022324385437599847,1.0,BANKNIFTY
BANKNIFTY,2024-04-09,48857.0,49074.95,48622.05,48799.85,12873300,1956345,-32340,52903815,60905670,6390045,5041815,115765830,1.1512528916865448,0.8508049107264644,30705540,24969300,0.8131855033326234,19199640,35602875,48000.0,-0.016390419232845975,0.0022324385437599847,0.01893704494820736,0.03118063149442407,0.010021597556899131,0.009280766231863299,0.3925811437402488,0.0034061631323145693,47649.969999999994,47282.594,0.02413180952684768,0.032089102387233615,0.0022299503552979344,80.92792107849516,1,325.8799926141437,180.82343664569697,145.05655596844673,0.9827355948132411,0.04998970406601487,1,1,89.65711707646858,93.45070797162862,0.009814140236672242,0.11015915378536585,5.0,0.01078270453688195,0.914979716343465,0.004070818571567681,-0.145312326792165,0.0014870105783886976,1.285061542547051,1.1512528916865448,1.1765702849458155,-0.04976467794928574,-0.016390419232845975,0.13737964048065765,0.090251827411481,1,0.06757596432162466,0.08572286229850067,0.7883073713460903,-1,-1,0.00783645005704527,0.01893704494820736,0.03118063149442407,20.86101882527655,0.0015532093917791645,-0.05882757198817956,0.0043991874458853,0.004491817085503502,1.0,BANKNIFTY
BANKNIFTY,2024-04-10,48901.1,49086.0,48760.05,49019.05,12607800,2143965,187620,71067405,80914410,18163590,20008740,154125780,1.138558668351546,0.9720545478329982,43036080,35947875,0.8352962212171741,22868430,44561715,49000.0,-0.0003886244225459879,0.004491817085503502,0.023099496371495443,0.039971358862840756,0.024488294545047973,0.006649455670805474,0.7946003988339404,0.0020748014594307155,47708.555,47367.505,0.027468763201903723,0.03486662428177301,0.004481758983328172,91.95626783081562,1,376.7657978173156,220.0119189557748,156.7538788615408,0.9896943165041138,0.05609369411921886,1,1,97.4933073740534,93.58057441865147,0.008936758843172746,0.1084156974681568,1.6666666666666667,0.0,0.9660249039799916,0.004354857417115188,-0.08981576071336117,0.0014641488295594283,1.3945680747258895,1.138558668351546,1.1713393055188814,-0.0126942233349987,-0.0003886244225459879,0.3433323286798882,0.32852015255722494,1,0.05491584085346004,0.07774141635216318,0.7063910507374347,-1,0,0.008104662835327684,0.023099496371495443,0.039971358862840756,24.852469174948016,0.0022593785417435175,-0.11484580464797578,0.4288561454659696,-0.006221050795558125,0.0,BANKNIFTY
BANKNIFTY,2024-04-12,48751.0,48914.75,48666.1,48714.1,11928700,1954440,-189525,44124960,33631950,20690640,8575845,79711350,0.7621978580830442,1.0386831793752738,22364685,15175545,0.6785494631379785,20284845,18047190,49000.0,0.005868937330259647,-0.006221050795558125,0.010684846812492266,0.03154840998004205,0.017894717046577746,0.005104271658513684,0.1930424291171543,-0.005468282229051826,47751.375,47413.52300000001,0.020161199546609776,0.027430507536847504,-0.006240482162992682,82.13387452082355,1,388.1195054584241,253.63344317185107,134.48606228657303,0.8411510247617865,0.059097578735652224,1,1,81.91147859921773,89.68730101657991,0.008403404470456902,0.10200997543890865,1.6666666666666667,0.0,0.917241813157693,0.005381257728288369,-0.12869564405154021,0.0005757846183761395,1.2427715677146391,0.7621978580830442,1.1146698608916126,-0.3763608102685019,0.005868937330259647,0.2911410653027221,0.1059866221603791,1,0.07484356604078303,0.0820826433149094,0.9118074531599275,-1,0,0.008085700969061018,0.010684846812492266,0.03154840998004205,30.362127013360755,-0.010712867881061627,-0.160876104239972,-0.28492582973707625,-0.017714583662635563,0.0,BANKNIFTY
BANKNIFTY,2024-04-15,47573.75,48449.85,47573.75,47851.15,15467900,1850535,-103905,68916510,41402085,24791550,7770135,112169130,0.600757133522867,1.0385115065764436,30422475,21037725,0.6915191811317126,37830165,18303195,48000.0,0.003110688039890338,-0.017714583662635563,-0.0165840836366401,0.006435987687492872,0.00747959297539369,0.018308859870661384,0.31663052162991695,-0.023409033524174696,47769.1375,47443.943,0.0017168511782321705,0.008582908043709647,-0.017873364856229573,59.40519679472073,0,324.0416349541265,267.71508384544654,56.32655110867995,0.5291570840022266,0.058882814828116685,1,1,39.939202334628476,73.11466276929987,0.009283550581931055,0.1045605487576538,3.3333333333333335,0.026975119343764925,0.769893518648569,0.006972551784357161,-0.07487082995522967,0.002594546656758288,1.0294849931255197,0.600757133522867,0.9707568242559665,-0.16144072456017722,0.003110688039890338,0.5618486679647982,0.23103432896397622,1,0.12528685799967734,0.10156587939884307,1.23355263222138,-1,1,0.008868740856156923,-0.0165840836366401,0.006435987687492872,30.784159986762084,-0.011493532867077438,0.12637912791709538,-0.00934886239831112,-0.003974826101358131,0.0,BANKNIFTY
BANKNIFTY,2024-04-16,47750.0,47750.0,47422.0,47660.95,12284500,1830375,-20160,76652190,64709580,7735680,23307495,143192145,0.8441974064928869,0.9777487453904637,40743945,32700180,0.8025776590852948,35209920,29544375,47500.0,-0.003376978427832368,-0.003974826101358131,-0.021157849013629826,-0.00527510920676133,0.0058607208243419695,0.006881944233172021,0.7285060975607447,-0.0021138467936507575,47783.0225,47457.568,-0.002554725373431599,0.0042855546242908105,-0.003982746718309799,54.84739418370281,0,255.03278269025031,265.1786232805067,-10.145840590256398,0.4562712690894894,0.05842212477331422,1,1,28.96061814556172,50.270433026469306,0.009331313910324586,0.10158363377234675,1.6666666666666667,0.0,0.6993966425094208,0.007951749248587835,-0.12830659012492945,0.002269072098313685,0.9929856299674734,0.8441974064928869,0.8993927916273778,0.2434402729700199,-0.003376978427832368,0.11224712336710028,0.5629546193144621,1,0.12046429471571025,0.1023012122304083,1.177545133352277,-1,1,0.008931644391899177,-0.021157849013629826,-0.00527510920676133,30.55414486652996,0.013739757561277433,-0.05431974454431521,0.18347611904693828,-0.010194928972250716,0.0,BANKNIFTY
BANKNIFTY,2024-04-18,47750.0,47953.85,47040.0,47175.05,18317400,1882215,51840,42935430,29907345,20449290,10712970,74724990,0.6965656335571812,1.0623476197750088,15000165,12881085,0.8587295539749062,27451545,14940540,48000.0,0.01748699789401383,-0.010194928972250716,-0.03329518430896805,-0.014988651762578575,0.001902923302209203,0.01937146860469673,0.14778136455653373,0.0018684058962316723,47787.5025,47458.921,-0.012816164644720685,-0.005981404423416992,-0.010247253192216421,50.531216425928186,0,159.44061009408324,244.03101841611925,-84.59040832203601,0.27920291678779036,0.05804499071395577,1,1,6.600684261974404,25.166834914054864,0.010441278962986914,0.10694732181099614,6.666666666666667,0.056472267614008365,0.6407165139479332,0.00888512794441052,-0.01083161596137161,0.0014526715654492829,1.0041939376448317,0.6965656335571812,0.808455340001505,-0.14763177293570573,0.01748699789401383,0.2667802446348891,0.16555462112410557,1,0.12990398257526747,0.10650066456426112,1.2197480925098856,-1,1,0.01024061880927186,-0.03329518430896805,-0.014988651762578575,29.163555911593757,-0.006220102870892585,0.331847153208884,-0.3374544249933096,0.008490717020967598,1.0,BANKNIFTY
BANKNIFTY,2024-04-19,46865.0,47682.35,46611.2,47575.6,18381100,1649445,-232770,42415845,42054045,-519585,12146700,86119335,0.9914701687541531,0.8029381258567316,19462770,15482595,0.7954980200660029,21885975,24949140,48000.0,0.008920539099874756,0.008490717020967598,-0.02944671510361796,-0.007027423020811052,0.009411864550623816,0.022514692405350673,0.9003407552629511,-0.006572330077021707,47809.6825,47472.38300000001,-0.004896131657013303,0.0021742536076183594,0.00845487363101254,54.30475747068697,0,114.57674480288551,218.14016151217209,-103.56341670928657,0.41372656203139785,0.056751321986218066,-1,1,38.96880556004369,24.84336932252661,0.011586221268285159,0.11356745825728716,18.333333333333332,0.12617321113314992,0.6893258536176116,0.01217038143470548,0.024943266392064234,0.002638705193857143,1.0271359234387614,0.9914701687541531,0.7790376400820265,0.2949045351969719,0.008920539099874756,-0.012101544109375403,0.4061443769080806,0,0.13919614583677203,0.1105671173240243,1.2589289571777074,0,1,0.011684362267492154,-0.02944671510361796,-0.007027423020811052,28.18850001471929,0.018685645993218314,0.2812352096938673,-0.1317161573122274,0.00869143006078743,1.0,BANKNIFTY
BANKNIFTY,2024-04-22,47990.0,48037.85,47596.45,47989.1,15256100,1391025,-258420,48923670,49741485,6507825,7687440,100056180,1.0167161416958295,0.9326648574170151,22231665,15728265,0.7074713027566761,23941290,32902005,48000.0,0.00022713491188627118,0.00869143006078743,-0.014882754684988564,-0.004356927826453139,0.0247993713136212,0.009197922028127251,0.8895559583142528,0.008710347320895616,47867.7475,47497.73,0.0025351621151590287,0.010345125967072377,0.00865387701875578,55.318613650249766,0,111.00477414909255,196.7130825953739,-85.70830844628134,0.5475243942643487,0.0533444382490475,-1,1,55.677226442538554,33.748905421518884,0.011372522986618665,0.10789697592023692,8.333333333333332,0.06647082096225493,0.7055907546323994,0.01006795046645712,-0.10398633750456195,0.004603379023419151,0.9718926280700062,1.0167161416958295,0.8299412968045836,0.02524597294167641,0.00022713491188627118,0.15342910178967317,0.18279906249208608,1,0.14341716274717967,0.11101738268898131,1.2918442062337476,0,1,0.011767001909364947,-0.014882754684988564,-0.004356927826453139,27.460482482894246,0.00020071303981983313,0.07576339847619984,-0.030954993414387566,5.3137066542197076e-05,1.0,BANKNIFTY
BANKNIFTY,2024-04-23,48175.55,48175.55,47895.05,47991.65,10152000,992805,-398220,61531995,55325235,12608325,5583750,117850035,0.8991295504070688,1.0926370475992793,31192140,20823345,0.6675830834306334,27744180,33364800,48000.0,0.00017398860010019545,5.3137066542197076e-05,0.0029361885764500606,-0.013696589057114794,0.024115719603811536,0.005844766745881836,0.34438502673783994,0.003885257277173449,47924.252499999995,47524.503000000004,0.0014063338807424053,0.009829603057605718,5.313565481828641e-05,51.02362411524478,0,107.14355735126446,178.7991765806361,-71.65561922937164,0.5284126621593412,0.04949673046666604,-1,1,55.78026507192286,50.142099024835034,0.011190934851613302,0.10302441823504364,5.0,0.015169481365290645,0.6486597779830933,0.009496902491890679,-0.05811577602653859,0.0011492851196962476,0.9274395526677477,0.8991295504070688,0.8896157801814238,-0.1175865912887607,0.00017398860010019545,0.25771421072867184,0.11225539406392873,1,0.13253776412611476,0.11108477942950948,1.1931226283876841,0,0,0.010890365223587646,0.0029361885764500606,-0.013696589057114794,27.30389001586522,-0.008638292994245234,-0.2572491734409512,0.1289557109129713,0.004152805748499855,1.0,BANKNIFTY
BANKNIFTY,2024-04-24,48102.1,48236.7,48000.0,48190.95,10438200,599580,-393225,82669770,82638990,21137775,27313755,165908340,0.9996276752675132,0.9759141740884807,53044590,46247925,0.8718688371424871,26871015,35852790,48200.0,0.00018779459628836764,0.004152805748499855,0.011120214767015746,-0.01027291407165376,0.02072114147373627,0.0049117106012642854,0.8067173637512411,0.0023014420216849614,47973.1675,47552.322,0.004539673141240819,0.013430006635638092,0.004144206649412287,53.73866358926752,0,118.75294743684208,166.78993023384749,-48.03698279700541,0.5953207693768368,0.04762522555071473,-1,1,63.83344108614572,58.43031086686904,0.011061946574734739,0.10143276777144308,1.6666666666666667,0.0,0.669542247158193,0.007568884716026725,-0.08435947109345965,0.0009275620484256279,0.9288837730410602,0.9996276752675132,0.920701833936349,0.1004981248604444,0.00018779459628836764,0.3435249417802885,0.4936943331555664,1,0.13514581891654215,0.10919855704495228,1.2376154268883515,0,0,0.010806585805033663,0.011120214767015746,-0.01027291407165376,28.45469264628312,0.004099668681957658,-0.24199931739127278,0.5230481507985327,0.013463108737221452,1.0,BANKNIFTY
BANKNIFTY,2024-04-25,48349.35,48925.9,48349.35,48839.75,1184500,199230,74460,29590290,34247130,11021220,16281510,64036650,1.1573773018108304,0.7403968001538324,17203170,11397915,0.6625473677235068,10687215,22559670,48000.0,-0.017193986455704625,0.013463108737221452,0.03528772094571164,0.0008176254640126501,0.03202375103673072,0.011804933481436799,0.8505767062699052,0.0032869242046484138,48048.942500000005,47610.710999999996,0.016458374708246515,0.02581433829039015,0.013373286382820164,60.0472326642039,0,178.1222362497574,169.05639151524218,9.065844734515224,0.8402751481061232,0.04836784231774664,1,1,90.04970098593463,69.8878023813344,0.011423876774845998,0.10278403716438356,6.666666666666667,0.014204448124008126,0.7370588593917318,0.008186924739592528,-0.05718445000405703,0.002337457233013678,0.8729397497134719,1.1573773018108304,1.0128641675870789,0.15774962654331726,-0.017193986455704625,0.13331620494408053,0.1970197118817643,1,0.1532165675732217,0.117744709312214,1.3012607389162922,0,1,0.011059002529991013,0.03528772094571164,0.0008176254640126501,28.567155787915762,0.009310302988721597,-0.9060056404551089,-0.4003728183206512,-0.0045690242067168985,0.0,BANKNIFTY
BANKNIFTY,2024-04-26,48903.9,49000.0,48510.0,48616.6,633200,216570,17340,47222880,40035795,17632590,5788665,87475245,0.8478050258688161,0.9097469109530083,25630500,15008625,0.5855767542576228,20119320,24704640,48000.0,-0.012682910775331853,-0.0045690242067168985,0.02188096419172858,-0.008210073430635734,0.03143311764081891,0.01007886195250182,0.2175510204081159,0.0013134792868514163,48123.02250000001,47651.492999999995,0.010256577296240854,0.02025344725295386,-0.004579494101458443,54.58609780746079,0,204.84432451974862,176.21397831374287,28.630346206005754,0.7235096339381555,0.04588874812920775,1,1,81.03281073217707,78.30531760141913,0.011592087006143096,0.1046526704215615,11.666666666666666,0.03384738853474357,0.6825868379096435,0.008056222129736534,-0.0998913933628526,0.00037080096400910964,0.885976857702745,0.8478050258688161,0.9841311390100115,-0.3095722759420143,-0.012682910775331853,0.5958910845415845,0.16902628045036183,1,0.15273449370512182,0.11812122339664535,1.2930317616415437,0,0,0.011401943158160647,0.02188096419172858,-0.008210073430635734,27.243670882499178,-0.01803213294393835,-0.9444773753196146,-0.18297288504986065,0.023163898750632628,1.0,BANKNIFTY
BANKNIFTY,2024-04-29,48750.0,49770.0,48727.7,49742.75,1628300,277695,61125,53158215,81710070,5935335,41674275,135145980,1.5371108680003647,0.8163484028382713,33045855,19328220,0.5848909038667633,10604250,62207880,48000.0,-0.03503525639414789,0.023163898750632628,0.03654267323204641,0.021116062905811805,0.05333065109557067,0.020953807338757967,0.9738558956153724,0.002743918743803587,48248.9475,47730.919,0.030960312657597244,0.04214942938768895,0.022899687969109482,60.391458051906994,0,313.088954788087,203.58897421320458,109.49998057488241,1.1029195069359181,0.051350656765009384,1,1,99.13733063188239,90.07328078333137,0.0119649884369366,0.11340466560272965,26.666666666666668,0.12584774181881184,0.859243458559704,0.013562664113242473,-0.17651755354226634,0.002229610873016475,0.8052624741972406,1.5371108680003647,1.0882100842709186,0.6893058421315486,-0.03503525639414789,0.12568769630314797,1.0409253769033435,1,0.19009908500407496,0.14082944276678924,1.3498532773710532,0,1,0.012986896726185077,0.03654267323204641,0.021116062905811805,25.183424530873914,0.027732922957349526,-0.8430451345244797,0.18462596393423225,-0.0019761673811762304,0.0,BANKNIFTY
BANKNIFTY,2024-04-30,49790.0,50082.55,49568.15,49644.45,1321400,290835,13140,73731360,83533560,20573145,1823490,157555755,1.1329447876724368,0.9509467355531539,44480625,33909765,0.7623491126754627,21449070,49381215,49400.0,-0.004924014668306268,-0.0019761673811762304,0.03443932434079677,0.037476633267956805,0.04415382010573099,0.010361681920134104,0.14832814930011776,0.0009498871694870106,48353.9125,47796.542,0.026689412154600634,0.038661960105816684,-0.001978122576221867,59.020286893001725,0,386.49853895249544,240.1708878074092,146.32765114508624,0.9817640930961378,0.055399338674401166,1,1,87.37954974289275,89.18323036898407,0.012326007381345892,0.1133373930310535,26.666666666666668,0.1251405773114718,0.953859766486185,0.016863018740755197,-0.17411363103016297,0.0025893845841415703,0.804738887083285,1.1329447876724368,1.1349731317239922,-0.4041660803279279,-0.004924014668306268,0.3870172277229399,0.022316588396020222,1,0.15769124104790366,0.14083747507388686,1.1196681909641455,0,1,0.012192178931132348,0.03443932434079677,0.037476633267956805,22.255396303329807,-0.025140066131808858,-0.8525168895729418,0.29118244176652097,-0.0010403982721128857,0.0,BANKNIFTY
BANKNIFTY,2024-05-02,49605.0,49777.0,49400.0,49592.8,689400,297885,7050,45438105,37578105,23638890,15960135,83314095,0.8270174339356802,1.0240661333074426,19252890,10968330,0.5696978479594492,22700040,26367030,49500.0,-0.0018712393734574958,-0.0010403982721128857,0.029089486718979485,0.04053318282577267,0.03504425665310773,0.0076019099546708385,0.5114058355436386,-0.0007946507615654336,48437.8675,47853.210999999996,0.02384358683833465,0.03635260756065062,-0.001040939862073953,57.58491721109978,0,435.4932303456153,279.23535686721794,156.25787347839736,0.9036539791683863,0.059069371463786345,1,1,85.89165598398073,90.80284545291863,0.012229525829786356,0.11370788657679692,31.666666666666664,0.12903517921564156,0.9715009777818211,0.016230238826176337,0.0016865371815812046,0.0031897276760788976,0.8139781495656254,0.8270174339356802,1.1004510834576258,-0.3059273537367566,-0.0018712393734574958,0.3206083544369723,0.1910625501894089,1,0.15432887132203943,0.13969402809655104,1.104763555854349,0,1,0.01226417550328223,0.029089486718979485,0.04053318282577267,17.741063580525232,0.0009357691090633447,-0.9116171975959467,-0.21033444261152345,-0.005454420803019833,0.0,BANKNIFTY
BANKNIFTY,2024-05-03,49650.0,49847.95,49107.6,49322.3,1315300,286500,-11385,55742700,38142810,10304595,564705,94172010,0.684265563024396,1.17573166588679,22942200,12428655,0.5417377147788791,30009540,25355355,49500.0,0.003602832795713036,-0.005454420803019833,0.009880271704912458,0.04551664492141505,0.029845760018708534,0.015010451661824338,0.289997973931216,0.0011533932345017238,48509.3375,47898.867999999995,0.016758886884406632,0.029717445514579,-0.005469350469371237,52.87252886737584,0,447.372360607842,312.86275799559536,134.50960261224662,0.7786959982042738,0.06013321681110511,1,1,78.09929854379199,83.79016809022183,0.012896730861525698,0.11733610896640087,33.33333333333333,0.167174795923266,0.9999999939881937,0.015250982734613405,-0.14718326104632182,0.0030186030168669383,0.827126793843712,0.684265563024396,1.0058287357003388,-0.14275187091128416,0.003602832795713036,0.22678311518493124,0.015027500721497266,1,0.14355895036790506,0.14185988140756467,1.0119770920593203,0,1,0.011828073808994992,0.009880271704912458,0.04551664492141505,13.718325717608774,-0.004414022530906947,-0.7843752817646046,-0.1556549775927879,-0.0009559570417437824,0.0,BANKNIFTY
BANKNIFTY,2024-05-06,49336.65,49619.95,49125.0,49275.15,1097000,278565,-7935,66630330,43956990,10887630,5814180,110865885,0.6597144273486264,1.0489517309570822,30359250,15970155,0.5260391808098026,33569430,27598830,49000.0,-0.005583950530845699,-0.0009559570417437824,0.013545784773102199,0.03572314379639985,0.028444679132498374,0.01004461680989296,0.30336397615915145,0.00029094344748721254,48577.479999999996,47941.458000000006,0.014362004780816173,0.027819178966146385,-0.0009564142600872335,55.587423939131426,0,447.8242535051395,339.8550573416835,107.96919616345599,0.7375651709753156,0.060455009974113676,1,1,76.74103734857975,80.24399729211748,0.01311491260228098,0.11800956235559863,35.0,0.17425409023776284,0.9432084206803029,0.012544248898080946,-0.10943357814084384,0.0026090306103915863,0.8305707563718403,0.6597144273486264,0.9682106159963008,-0.02455113567576961,-0.005583950530845699,0.1953193871125726,0.15243187379220358,1,0.14403315354072035,0.14208249130759132,1.0137290817031999,0,1,0.01058106624944922,0.013545784773102199,0.03572314379639985,8.351553523222206,0.00449846376127605,-0.7490586841250452,-0.045992821059704925,-0.013238924691248988,0.0,BANKNIFTY
BANKNIFTY,2024-05-07,49300.0,49337.6,48560.0,48622.8,1628400,260175,-18390,92698395,52325325,26068065,8368335,145283895,0.5644685110243818,1.0427784253560153,38223495,20010795,0.5235208083405246,53474415,30647970,49000.0,0.00775767746818359,-0.013238924691248988,-0.022514838845861918,0.013205081987368139,0.008790620571753616,0.015992497346923634,0.08076131687242148,0.0005043109965164701,48598.665,47968.709,0.0004966185799548661,0.013635784944723062,-0.013327340475059256,58.02122639057808,0,391.1096654917492,350.10597904588263,41.00368644586655,0.5082791533473383,0.05998422291736789,1,1,57.94863669753682,70.92965752996952,0.01275797715122476,0.12146462806613337,40.0,0.21057349620279667,0.8113673789231302,0.00945425783651208,-0.06253051419395783,0.0042544105279322866,0.8092835310790292,0.5644685110243818,0.7736821446011042,-0.09524591632424462,0.00775767746818359,0.3912342172100904,0.19037552389278703,1,0.1629556647942071,0.1500890890776617,1.08572625556622,0,0,0.011260523781328857,-0.022514838845861918,0.013205081987368139,7.877997266020055,-0.012282967649505205,-0.4587821601518228,0.22873773215061033,-0.003287552341699862,0.0,BANKNIFTY
BANKNIFTY,2024-05-08,48444.05,48620.0,48300.0,48462.95,1291700,260535,360,104882745,72983640,12184350,20658315,178126920,0.6958593618044607,0.8554272016224888,52370835,34523580,0.6592138544287102,51710010,36006705,48000.0,-0.009552658267810711,-0.003287552341699862,-0.023799236369825838,0.009820458350567218,-0.004010637488927826,0.006602982278214595,0.5092187499998317,-0.0036762588744375063,48588.9075,47981.59,-0.002592309777699864,0.010032181092789916,-0.003292968215135479,58.389647885850586,0,329.4833985979567,345.98146293241814,-16.498064334461446,0.4568199148887705,0.06003484641179268,1,1,53.343799962548964,62.677824669555186,0.012643310876806776,0.11819471565105065,36.666666666666664,0.17620040856183455,0.7912838017649044,0.006416519080060135,-0.07457891197663295,0.004170818517210677,0.8056769750733274,0.6958593618044607,0.686265059427509,0.13139085078007895,-0.009552658267810711,0.13144078708158863,0.39480528787924396,1,0.16456073540570876,0.14670236239496065,1.1217320062678715,0,0,0.011336345334562134,-0.023799236369825838,0.009820458350567218,7.533980346229071,0.009951372349549126,-0.3914940124555998,0.4558495428632672,-0.010519376141980508,0.0,BANKNIFTY
BANKNIFTY,2024-05-09,48500.0,48637.95,47910.4,47953.15,2069000,287385,26850,50837055,33041175,21919560,9542715,84165615,0.6499427435361863,1.0511717279064863,19977315,12094185,0.6053959203226259,30352410,18852885,48000.0,0.0009769952547434015,-0.010519376141980508,-0.03306225903760229,-0.004934536463796491,-0.01515675846637432,0.015172100268699671,0.058758848189120166,0.0007645015418995937,48552.0075,47986.62100000001,-0.012334350953459472,-0.0006975069155213953,-0.010575095881600891,58.09913398284618,0,236.82858308834693,324.1508868624916,-87.32230377414464,0.29832770152893573,0.06116036286079144,1,1,38.657870857158265,49.98343583908135,0.012500221570428634,0.12186936271034321,43.333333333333336,0.21482803810813594,0.7030774883165537,0.007675730018303595,-0.06332139874188751,0.004435190293312388,0.8061755339731728,0.6499427435361863,0.6508501213476103,-0.04591661826827442,0.0009769952547434015,0.20899109763002485,0.13075142593600428,1,0.17301959869334085,0.15116976079527256,1.1445384160738696,0,1,0.012362384301305674,-0.03306225903760229,-0.004934536463796491,7.979681894445491,-0.007231823800280646,0.6090899192733041,-0.3130619741874302,-0.000862299974037084,0.0,BANKNIFTY
BANKNIFTY,2024-05-10,48000.0,48369.7,47789.0,47911.8,1488500,316530,29145,57245355,39557955,6408300,6516780,97119840,0.6910247128347794,0.9879841804598253,23248590,14235720,0.6123261668772171,33427230,23365545,48000.0,0.001840882621817529,-0.000862299974037084,-0.028597612033502084,-0.018999892505592197,-0.018197801837505523,0.01212018751121847,0.21146891682449176,0.0009769952547434015,48507.605,47991.855,-0.012282713195178374,-0.0016680955549644993,-0.0008626719685222933,53.782287822878274,0,158.242680781972,290.9692455234382,-132.72656474146618,0.3022523031336804,0.062113053096554086,-1,1,12.684525964361546,34.89539892802293,0.011779829961363519,0.12298145608093662,45.0,0.2265182848303477,0.6169559080026636,0.00872434074571089,-0.068039086835963,0.003757968399715461,0.8157075574912239,0.6910247128347794,0.652201951309687,0.04108196929859309,0.001840882621817529,0.12605568910315518,0.19723208996048114,1,0.15476652726728507,0.15076660117947846,1.0265305840541692,0,0,0.01239390970428384,-0.028597612033502084,-0.018999892505592197,8.10708215611771,0.009657076167943424,0.13088997280089965,-0.2111288907941392,0.0080282936562599,1.0,BANKNIFTY
BANKNIFTY,2024-05-13,47800.0,48360.0,47523.1,48296.45,2385500,319035,2505,54204615,48566475,-3040740,9008520,103090125,0.8959841334543194,0.951384164982511,27123300,13006335,0.47952627445775403,24809820,34554480,48000.0,-0.006138132305790531,0.0080282936562599,-0.019861938522764633,-0.006585199294068311,-0.014741207754944363,0.01732839577236011,0.9240650017922151,-0.002333454389106711,48471.475,48007.15900000001,-0.0036108866090830416,0.0060259970809768415,0.007996238358679401,53.48031389068178,0,125.52144138231233,257.8796845971264,-132.35824321481408,0.441242911871984,0.06145448530765776,-1,1,30.215475981166538,27.18595760089545,0.012240104012377122,0.12770140605843947,53.333333333333336,0.2761340645953719,0.6926885411123437,0.009602766719515076,-0.04487975726674258,0.0012248536672905715,0.8349596619142372,0.8959841334543194,0.6994558925308254,0.20495942061953998,-0.006138132305790531,-0.05311767216746232,0.2277296690387559,0,0.16140179137518973,0.15294320408506193,1.0553054137658373,0,1,0.01311886308626967,-0.019861938522764633,-0.006585199294068311,7.164045015684557,0.008890593630296983,0.5994501994703141,-0.1519214164048539,0.0019504539153498701,1.0,BANKNIFTY
BANKNIFTY,2024-05-14,48302.7,48489.95,48125.0,48390.65,1313100,322200,3165,67118130,53633370,12913515,5066895,121073700,0.7990891581752948,0.8920367884970308,38391690,15420690,0.4016673920840682,26443560,37259535,48000.0,-0.008072840517744677,0.0019504539153498701,-0.004774509078045774,-0.02718185062144729,-0.0066397613832545055,0.007541746184438462,0.7279079325933163,0.00012940909735601686,48455.302500000005,48028.913,-0.0013342708984224183,0.007531650778771493,0.001948554249850851,54.42625133120341,0,105.96193192262581,227.4961339901741,-121.53420206754828,0.4782361826757726,0.06130684146746973,-1,1,33.8959542089108,25.59865205147963,0.0123409318594752,0.12825362759501363,58.333333333333336,0.28193897826411013,0.5651574228078262,0.00836174113779604,-0.01767934087494174,0.0027406603147662736,0.8450208849368783,0.7990891581752948,0.7463800219610082,-0.09689497527902458,-0.008072840517744677,0.23823644905512198,0.10432906650112037,1,0.09562127017022669,0.1517756895678287,0.630017036190053,0,0,0.011777656970837717,-0.004774509078045774,-0.02718185062144729,6.140929299559377,-0.006077839740910029,-0.10057331515894596,0.03734268121283901,-0.00349241020734381,0.0,BANKNIFTY
BANKNIFTY,2024-05-15,48422.85,48434.05,48055.75,48221.65,1313500,352515,30315,107949045,71561835,40830915,17928465,179863395,0.66292235378275,0.8701386429126529,64360470,28799715,0.44747521265770746,42052965,41749425,47700.0,-0.010817755095481002,-0.00349241020734381,-0.004979061324166145,-0.028659799836638244,0.0077427606233078095,0.007845023967450366,0.43854084060258086,0.0006654178028192862,48473.8275,48047.75399999999,-0.005202343470814164,0.00361923264925168,-0.0034985229080606505,50.34287118318484,0,75.96079973111046,197.1890670808647,-121.22826734975425,0.41379509825139577,0.06034858071048458,-1,-1,27.292973099688385,30.468134429921907,0.012581559764723341,0.12334962399748887,46.666666666666664,0.2303884398852258,0.556042064847636,0.007460039492424952,-0.06958103594810727,0.0018470438176722342,0.894619597927442,0.66292235378275,0.739792620356666,-0.1361668043925448,-0.010817755095481002,0.6083440495138944,0.3342781742038585,1,0.09558700660951494,0.13787941175644933,0.6932652621773121,0,0,0.011525991175569345,-0.004979061324166145,-0.028659799836638244,5.256880496055578,-0.00544286412269368,-0.09981221815590002,0.5364727493728032,0.0034953179743952845,1.0,BANKNIFTY
BANKNIFTY,2024-05-16,48350.0,48466.9,47610.0,48390.2,2652400,377655,25140,38082045,33480810,9793230,11110980,71940510,0.879175737542456,1.0107465748382594,17894010,9942345,0.5556242005006145,18730965,22658850,48000.0,-0.008063616186748496,0.0034953179743952845,0.009114104078668417,-0.02424948782887848,0.01530078607329477,0.017708130985199515,0.9104913058698852,0.002661667529004058,48510.29,48084.44,-0.002475557247751059,0.006358813786746742,0.003489223547701517,44.37591482866896,0,65.02436443299666,170.75612651117356,-105.7317620781769,0.45750083753554,0.05824955373702133,-1,-1,33.8783723065488,31.689099871715996,0.012717746273300905,0.12823919431789252,60.0,0.2817872566775802,0.5833099117117657,0.007411220368716642,-0.05507492065074602,0.004265825729758044,0.9342196415108001,0.879175737542456,0.7856392191579198,0.21625338375970604,-0.008063616186748496,0.09072085816044041,0.15526404542309458,1,0.10062013366935624,0.1372687840485615,0.7330154069147896,0,-1,0.01253661327862221,0.009114104078668417,-0.02424948782887848,7.304721213612059,0.006987728181739095,0.6022326390566859,-0.372342781749742,0.002572834995515638,1.0,BANKNIFTY
BANKNIFTY,2024-05-17,48366.0,48600.0,48247.0,48514.7,1945700,398400,20745,44636640,42412770,6554595,8931960,87447810,0.9501783736410268,0.8372603105529473,21248280,11812860,0.5559442929027667,21293340,29722200,48000.0,-0.010609155575526533,0.002572834995515638,0.012583538919431092,-0.01637393227809747,0.02839742618184804,0.007276145168371649,0.7583569405096919,-0.0005001012601724542,48577.2725,48117.356,-0.001288102373388722,0.008257810341864902,0.002569530921569875,48.69291944586965,0,65.63876900138712,149.73265498369028,-84.09388598230316,0.47528088803895685,0.05210957316831413,-1,-1,38.742698626656434,33.30468134429787,0.012483403410277115,0.12249240865637845,45.0,0.25286448073247103,0.6315682175575454,0.005664301730903887,-0.0674036733600274,0.004139432481830785,0.9346843893834452,0.9501783736410268,0.8374699513191693,0.07100263609857072,-0.010609155575526533,0.17211772634584094,0.2667784919182063,1,0.10193292131561575,0.13105216044499346,0.7778042032402789,0,-1,0.011763182629276944,0.012583538919431092,-0.01637393227809747,9.431565214637425,-0.0009224829788796463,0.13222149806806005,-0.22394925422184842,-0.0010574114649786193,0.0,BANKNIFTY
BANKNIFTY,2024-05-21,48497.9,48715.95,48378.2,48463.4,1647000,455340,48420,69626520,52236285,23529210,8206650,122318145,0.7502354706224008,0.8708806528778975,38837730,18998685,0.4891811390624529,29518020,32356950,48000.0,-0.00956185492557273,-0.0010574114649786193,0.003456775808573953,-0.01647382098278749,0.018660826137768094,0.006969176739560163,0.25225758697255113,-0.00034628679554847574,48621.6625,48129.135,-0.0032549791978009335,0.006945169490372161,-0.0010579709188985177,27.34179905424783,-1,61.28268122413283,132.04266021459588,-70.75997899046305,0.43276371119659746,0.04841104789884075,-1,1,36.73836175740743,36.453144230204224,0.011294458439623647,0.11348305296170845,30.0,0.14892364318673948,0.6309582932311315,0.004612232296943341,-0.13486018803433542,0.00520443132130195,0.8825052571474956,0.7502354706224008,0.8083202187527856,-0.19994290301862594,-0.00956185492557273,0.5271277139139505,0.1934947894230912,1,0.1019153807148289,0.12859192843821346,0.7925488160366368,0,-1,0.011455638622243663,0.003456775808573953,-0.01647382098278749,13.086528780026217,-0.0036302464604942575,-0.07131740983828405,0.049682459375334,-0.0033912189404787796,0.0,BANKNIFTY
BANKNIFTY,2024-05-22,48460.0,48500.65,47942.0,48299.05,3394900,554295,98955,107692125,65836260,38065605,13599975,174082680,0.611337737090804,0.8319660590013007,65696055,26266980,0.39982583429096313,39986775,38660070,47800.0,-0.010332501363898522,-0.0033912189404787796,-0.0018929276626785674,-0.006658398940414756,0.006458758343040438,0.01156648008604727,0.6391300456456422,-7.01560352761353e-05,48637.16,48135.018,-0.006951680566875229,0.0034077477648395416,-0.0033969821566706957,26.71673819742486,-1,44.069611055980204,114.44805036920053,-70.37843931322033,0.35295588883199885,0.04727615755338541,-1,-1,33.37634686108658,36.28580241505015,0.011398331259694984,0.11446007403512734,35.0,0.16162788099618258,0.6901607913110627,0.0038634258438613677,-0.18461032881168743,0.004665429530332591,0.9078401460949425,0.611337737090804,0.7707699345358876,-0.13889773353159685,-0.010332501363898522,0.5467112962129947,0.2603549429290387,1,0.08021662585305042,0.12607954653326492,0.6362382162301177,0,-1,0.011013036896156028,-0.0018929276626785674,-0.006658398940414756,17.901990364344947,-0.0023338074755001603,0.740858301754242,0.36932261766782215,0.016881284414496767,1.0,BANKNIFTY
BANKNIFTY,2024-05-23,48325.2,49184.9,48301.25,49114.4,4792200,620025,65730,31855125,38403435,4507590,16426080,70878585,1.2055653525139205,0.7769946254088234,14201220,7400385,0.5211091018940627,12756555,30644805,48000.0,-0.022689883211441074,0.016881284414496767,0.01851346853539848,0.013442227516071714,0.023394694702099317,0.017991668431254406,0.9202172805974176,0.0005414185165131442,48693.2975,48152.422999999995,0.008648058801111302,0.019977748575601417,0.01674037909695756,43.45177803936594,0,95.08324103149789,110.57508849925236,-15.491847467754468,0.6869266257365301,0.04626445679974494,-1,1,68.44742671569931,46.18737844473111,0.011949143224797603,0.12016561900112908,43.333333333333336,0.2936390988480111,0.8114119283324736,0.006829353690317741,0.031072625389706232,0.0008847798901974475,0.8642791895268893,1.2055653525139205,0.8792985342821217,0.5942276154231165,-0.022689883211441074,0.041856263863304766,0.2494989842983183,1,0.11710582284300583,0.13903565002008253,0.8422719118575969,0,0,0.012151905511460007,0.01851346853539848,0.013442227516071714,21.016496105522204,0.020272503354975546,1.0834021685259416,-0.32710339970895885,0.004633060772400777,1.0,BANKNIFTY
BANKNIFTY,2024-05-24,49165.0,49420.0,49015.0,49341.95,5187800,787830,167805,39072060,43448100,7216935,5044665,83307990,1.111999213760421,0.826826776025555,17109045,9493980,0.5549099905926953,17036235,33604560,48000.0,-0.027196938913034388,0.004633060772400777,0.019668238610297095,0.028961601062703846,0.023884152522413382,0.008208025827921272,0.8072839506170775,0.0010302477481145763,48750.847499999996,48169.992,0.012124968699262162,0.024329628288084493,0.0046223611815156265,50.272164434410364,0,152.10892336674442,118.88185547688194,33.22706788986248,0.7601932823736418,0.046599852957959556,-1,1,86.7420177885835,62.855263788456455,0.011408576851369437,0.12098567190149798,45.0,0.33737259020864396,0.9025054418911798,0.00788145278238912,-0.12400515006652117,0.0008849396863129539,0.8692647395693219,1.111999213760421,0.9258632295257145,-0.0935661387534994,-0.027196938913034388,0.22655491070903033,0.13135973383630917,1,0.09705180967192399,0.13918161672416848,0.6973033643841908,0,0,0.011455498067382167,0.019668238610297095,0.028961601062703846,23.045257326908143,-0.01224822364209599,0.9860952658055329,-0.22581284224874432,0.005107216070706633,1.0,BANKNIFTY
BANKNIFTY,2024-05-27,49474.7,50098.9,49346.4,49593.95,8728500,896715,108885,51759810,50822505,12687750,7374405,103479030,0.9818912588744046,0.83783272050843,22276335,12454845,0.5591065585968248,24139305,38009910,48000.0,-0.03214000901319611,0.005107216070706633,0.022245834767606443,0.03510930501463094,0.015442339487814705,0.015173221733699373,0.32897009966772456,0.0026904084658186393,48788.557499999995,48195.558,0.016507815382736046,0.0290149561086106,0.005094218478268605,54.17846282898182,0,215.14514113448968,138.13451261606332,77.01062851842636,0.8364876173126502,0.04905920614426639,1,1,80.39638170665097,78.52860873697792,0.011727957024711974,0.12263699458856837,53.333333333333336,0.37053468453801075,0.9383930152124497,0.007791787246274362,-0.12931891897302067,0.00048691200652138146,0.9260717123444148,0.9818912588744046,0.9322058065723902,-0.13010795488601645,-0.03214000901319611,0.3247269276306394,0.16972905604617924,1,0.09522311550245162,0.1324271034966581,0.7190606221554078,0,0,0.011760801489630258,0.022245834767606443,0.03510930501463094,23.78571345876838,0.0004741552983058561,1.6164097768025756,-0.06618570989763806,-0.0012844308630386436,0.0,BANKNIFTY
BANKNIFTY,2024-05-28,49644.15,49819.95,49440.0,49530.25,7636700,1367955,471240,71718510,58550610,19958700,7728105,131637075,0.8163946796998431,0.9713470691382575,36237420,16184100,0.44661292111855644,30379905,41997000,48000.0,-0.030895260976877767,-0.0012844308630386436,0.02201351948068031,0.025546391090856657,0.018792963720210887,0.007671069699829843,0.2375312541123225,0.0010122202405737871,48834.24,48229.21599999999,0.014252499885326397,0.0269760553437155,-0.0012852564513760871,64.0639771864297,0,257.00120183760737,161.90785046793886,95.09335136966851,0.7810659034242479,0.05070874734959127,1,1,77.92336361518446,81.68725437013963,0.011169581071307794,0.12184887297201108,50.0,0.3567626004583973,0.8824067205945813,0.008344067340924567,-0.10399043562157555,0.00036738459133222115,0.928950259342126,0.8163946796998431,0.9454376483878786,-0.1654965791745615,-0.030895260976877767,0.38560226554154664,0.15206068650099006,1,0.0942187913248008,0.1311683501390142,0.7183043100955059,0,0,0.010795068882377233,0.02201351948068031,0.025546391090856657,23.13448059733807,-0.006391646933745276,0.9778150720764118,0.16826850985265218,-0.010480463958893793,0.0,BANKNIFTY
BANKNIFTY,2024-05-29,49344.85,49411.25,48905.95,49011.15,19334500,2183925,815970,105314595,72362475,33596085,13811865,179860995,0.6871077555774677,0.8512016574639935,59988330,31432020,0.5239689119533749,41711775,39836070,48500.0,-0.010429259464428022,-0.010480463958893793,0.014743561208760747,0.012822725051223838,-0.014707670967125885,0.010309898869951081,0.20819315258259044,-0.003743167054476839,48797.659999999996,48252.285,0.004375004867036791,0.015727027227829593,-0.010535770788172184,57.64489317788823,0,245.47440655793616,178.62116169019404,66.85324486774212,0.5915252609773786,0.047801064103131924,1,1,57.77040142868015,72.03004891683852,0.011727287711936102,0.11528932647672717,36.666666666666664,0.24213736501338465,0.8076744519619474,0.009716512464995563,-0.0926192504429327,0.0031977549263584445,1.0679191376687485,0.6871077555774677,0.9605916520852114,-0.1292869241223754,-0.010429259464428022,0.46844371139333485,0.23589617597493862,1,0.11481595614472541,0.10795698129505399,1.0635343324816755,0,-1,0.011071884150928494,0.014743561208760747,0.012822725051223838,23.131829719436972,-0.00919603309585515,2.4139868487035874,0.5800463285011996,0.0005355924111145605,1.0,BANKNIFTY
BANKNIFTY,2024-05-30,48990.0,49480.0,48810.0,49037.4,23508500,2447355,263430,20231550,17811885,6875025,5444580,40490790,0.8804014027595513,0.8580264598189805,7240050,5164545,0.7133300184390992,10723935,12213000,49000.0,-0.000762683176514282,0.0005355924111145605,-0.0015677683123482833,0.016916675393728653,-0.012227952973595135,0.013663040862688478,0.33940298507457833,-0.00043153445695523273,48767.3075,48283.115,0.005538392702939321,0.015622127942656716,0.0005354490326917845,67.47747312087961,0,235.73900309985765,190.04472997445376,45.694273125403896,0.6223908524679778,0.04525168826965333,1,1,58.78950229054827,64.82775577813761,0.011637181882749557,0.11684140860189017,38.333333333333336,0.26925932827025223,0.8318900229101946,0.007865223068002126,-0.05621284311546861,0.0004969731322175168,1.0824954443790853,0.8804014027595513,0.8955588621343376,0.19329364718208353,-0.000762683176514282,0.06528083785537987,0.075240378386726,1,0.11185222252682368,0.107937090267073,1.036272352223282,0,-1,0.011653685840452305,-0.0015677683123482833,0.016916675393728653,22.677864716317437,0.011016056370008354,1.9822449326510054,-0.6242334567761274,0.006422648835378686,1.0,BANKNIFTY
FINNIFTY,2024-01-01,21858.55,21858.55,21704.35,21781.45,200,40,40,44626720,34331200,23462120,17344400,78957960,0.7692969593104759,0.8328753614298544,37937720,8925320,0.23526242483733867,6365600,25399960,21500.0,-0.012921545627127703,0.0,0.0,0.0,0.0,0.007079418496013843,0.4999999999996876,0.0,21781.45,21781.45,0.0,0.0,0.0,50.0,0,0.0,0.0,0.0,0.0,0.0,0,0,49.99999999996876,49.99999999996876,0.007079418496013843,0.0674927220797242,100.0,0.0,0.5,0.0,0.0,0.0,0.0,0.7692969593104759,0.7692969593104759,0.0,-0.012921545627127703,0.0,0.0,0,0.0,0.0,0.0,0,0,0.007079418496013843,0.0,0.0,0.0,0.0,-4.99933427988708e-13,0.0,0.0,0.0,FINNIFTY
FINNIFTY,2024-01-02,0.0,0.0,0.0,21781.45,0,40,0,73192520,65265800,28565800,30934600,138458360,0.891700408730291,1.0831300536225914,63913000,20557320,0.3216453616635113,6792840,44700600,21350.0,-0.019808139494845417,0.0,0.0,0.0,0.0,0.0,217814500000000.0,-1.0,21781.45,21781.45,0.0,0.0,0.0,50.0,0,0.0,0.0,0.0,0.0,0.0,0,0,99.64727760990506,74.8236388049369,0.503539709248007,0.0674927220797242,75.0,0.0,0.492344125824175,0.0,-0.7535706342970361,0.0,0.0,0.891700408730291,0.8304986840203834,0.12240344941981507,-0.019808139494845417,0.6401053001430533,0.9010637554178124,1,0.0,0.0,0.0,0,0,0.0035397092480069217,0.0,0.0,49.999999999949466,0.0,-1.0,0.27367034820569125,0.0,0.0,FINNIFTY
FINNIFTY,2024-01-03,0.0,0.0,0.0,21781.45,0,40,0,7557200,6499440,4837840,4391000,14056680,0.8600328163870217,0.9376777239397636,4694280,468200,0.09973840503762026,1982280,6030240,21300.0,-0.022103670784084654,0.0,0.0,0.0,0.0,0.0,217814500000000.0,-1.0,21781.45,21781.45,0.0,0.0,0.0,50.0,0,0.0,0.0,0.0,0.0,0.0,0,0,99.64727760990506,83.09818507325963,0.6690264728320047,0.0674927220797242,66.66666666666666,0.0,0.492344125824175,0.0,0.07245328426204323,0.0,674927220.797242,0.8600328163870217,0.8403433948092629,-0.031667592343269324,-0.022103670784084654,0.06609746460430656,0.06727872790956366,1,0.0,0.0,0.0,0,0,0.0023598061653379476,0.0,0.0,66.66666666656583,0.0,-1.0,-0.8178187520790762,0.009909808575645718,1.0,FINNIFTY
FINNIFTY,2024-01-04,21236.9,21997.3,21236.9,21997.3,400,160,120,13711560,16712360,6154360,10212920,30424080,1.2188518301345725,0.8863339257142645,7650640,249640,0.03262994991268704,3498720,16462560,20500.0,-0.06806744464093317,0.009909808575645718,0.0,0.0,0.0,0.03456787878512353,0.9999999999998684,-0.025000631271104506,21835.4125,21835.4125,0.007413988629708879,0.007413988629708879,0.00986102842587028,50.0,0,7.7931820370140485,2.6399668147066557,5.153215222307393,0.8749999999998016,0.01977063634588983,0,1,99.99999999999956,99.76485173993656,0.5054881735485719,0.2419091904244358,100.0,0.9999999994266596,0.7566581526225259,0.004954904287822859,-0.33982644399575723,0.0,2.663467851171685,1.2188518301345725,0.9349705036405903,0.3588190137475509,-0.06806744464093317,0.8143704017360928,1.5713538397154216,1,0.09082489584083804,0.09082489584083804,0.9999999988989804,0,0,0.010411824320284344,0.0,0.0,50.16758520551713,0.009909808575645718,1.6666666666648893,-0.5353276943752103,-0.0045460124651661715,0.0,FINNIFTY
FINNIFTY,2024-01-05,21858.65,21924.55,21858.65,21897.3,300,160,0,26115600,19913080,12404040,3200720,46028840,0.7624975110661827,1.014370390854527,19104520,2292400,0.11999254626653798,5306400,17620480,21500.0,-0.01814378941696005,-0.0045460124651661715,0.0,0.0,0.0,0.00300950345476373,0.5864946889217063,-0.006303046282952809,21847.79,21847.79,0.0022661330962994164,0.0022661330962994164,-0.004556377003307997,68.33940161469037,0,7.884584347080818,4.200121958797018,3.6844623882837997,0.6269779955539139,0.017846659859536988,0,1,99.54539875348294,99.7308921211292,0.40750366483539063,0.19821179051806678,80.0,0.7494651715172144,0.5996413459014409,0.008121876538819203,-0.3830968820973988,0.0,2.046473421772368,0.7624975110661827,0.9004759051257087,-0.45635431906838986,-0.01814378941696005,0.9046410474081724,0.19151813388414324,1,0.09685529663109733,0.09685529663109733,0.999999998967532,0,0,0.008931360147180222,0.0,0.0,40.268136328887906,-0.01445582104081189,0.6666666666657408,-0.252598806881863,-0.011848492736547422,0.0,FINNIFTY
FINNIFTY,2024-01-08,21913.65,22088.05,21637.85,21637.85,400,160,0,57924640,33705040,31809040,13791960,91629840,0.5818774186598311,0.8965137897973002,49397400,8616440,0.17443104292938494,7849160,25085120,21500.0,-0.006370780830812607,-0.011848492736547422,-0.0065927658626951935,0.0,0.0,0.020806133696277623,0.0,0.000746667397350458,21812.8,21812.8,-0.008020520061615244,-0.008020520061615244,-0.011919245558140605,37.519555014774696,0,-3.3029083550572977,2.1663835833269225,-5.46929193838422,0.1422557458861335,0.022419703375761362,1,-1,97.96179382064014,99.16906419137422,0.34712590822717293,0.19774110904028017,66.66666666666666,0.7467665646598245,0.38856838093154494,0.007917027471959714,-0.5046184972823131,0.0,1.5729763214783545,0.5818774186598311,0.8629919969955798,-0.18062009240635157,-0.006370780830812607,1.2180091592764477,0.6926080746926141,1,0.12571143391220058,0.12571143391220058,0.9999999992045273,0,0,0.010910489072029789,-0.0065927658626951935,0.0,33.5841580728982,-0.007302480271381251,0.8461538461529943,0.42904661229740193,-0.003768858735964997,0.0,FINNIFTY
FINNIFTY,2024-01-09,21750.0,21822.5,21500.05,21556.3,1000,240,80,73433600,56583560,15508960,22878520,130017400,0.7705404610423566,1.0346312895811147,59038800,27519920,0.466132780476568,13015240,29039520,21200.0,-0.016528810602932754,-0.003768858735964997,-0.010336777395444363,0.0,0.0,0.014958504010428541,0.17444565048839333,0.005183047299061666,21776.157142857144,21776.157142857144,-0.010096232379975256,-0.010096232379975256,-0.003775978779305801,32.861383877597476,0,-14.115017387834087,-1.9540046542201002,-12.161012733613987,0.12820335257379206,0.02715525395365417,-1,-1,97.59258965820842,98.36659407744384,0.3007990372055634,0.18790822310049815,57.14285714285714,0.6903906614698173,0.3556029120029919,0.007949548777684256,-0.4376927083704567,0.0007895286129327526,1.65448275319859,0.7705404610423566,0.8387600074579928,0.18866304238252551,-0.016528810602932754,0.26774374428567876,0.6787863180106002,1,0.11357520806534209,0.11357520806534209,0.9999999991195262,0,0,0.011488776920372467,-0.010336777395444363,0.0,28.80770699338964,0.008079634000582425,2.043478260868639,1.082565289935662,0.004590305386360294,1.0,FINNIFTY
FINNIFTY,2024-01-10,21525.2,21766.6,21500.0,21655.25,800,320,80,9133040,8437400,6189760,5970440,17570760,0.9238325902437743,0.9173746142993843,5790120,640840,0.11067818974390858,2668680,7796280,21200.0,-0.02102261576292123,0.004590305386360294,-0.005793920974039857,0.0,0.0,0.012311102388566217,0.5823330832706025,-0.001442733678785253,21761.04375,21761.04375,-0.004861611934400045,-0.004861611934400045,0.004579802064627914,41.65123048425504,0,-16.431874637695728,-5.433309067654677,-10.998565570041052,0.31554650649960225,0.026356843896756965,-1,-1,98.04056944818535,97.86498430901132,0.2635354013460939,0.17811577247918375,50.0,0.6342465902784061,0.42760841930200716,0.009621381602149315,-0.4444164697594323,0.0015353925858012513,1.6140449287706562,0.9238325902437743,0.8515199622293433,0.15329212920141766,-0.02102261576292123,0.08429056998431236,0.10551545360525212,1,0.11035366435148856,0.11035366435148856,0.9999999990938226,0,1,0.011591567603896687,-0.005793920974039857,0.0,25.225382847727747,0.008359164122325291,1.0645161290317255,-0.7216918175421416,-0.0056891515914154756,0.0,FINNIFTY
FINNIFTY,2024-01-11,21624.0,21624.0,21532.05,21532.05,300,400,80,16677160,15398840,7544120,6961440,32076400,0.9233490594321815,0.9693667242936737,10982360,2898080,0.26388499375361946,5512320,12500320,21300.0,-0.010776958069482435,-0.0056891515914154756,-0.021150322994185622,0.0,0.0,0.004270378342981775,0.0,-0.0014430680781796561,21735.6,21735.6,-0.009364820846905486,-0.009364820846905486,-0.0057053964566304875,35.813424345847466,0,-23.898637187394343,-9.698891470279724,-14.199745717114618,0.17026023849031321,0.028400641778929585,-1,-1,97.48280178648592,97.70532029762656,0.2362297649834136,0.1656165097303644,44.44444444444444,0.562583272816033,0.37879757182955986,0.009695311282575326,-0.3766504174626739,0.0007836276306670466,1.5657388391793752,0.9233490594321815,0.7924194080888652,-0.00048353081159280276,-0.010776958069482435,0.8260250694182879,0.8250693341550714,1,0.10577530902956483,0.10577530902956483,0.9999999990545998,0,1,0.010778102130461696,-0.021150322994185622,0.0,22.439130734435167,-0.01027945697777577,-0.20588235294138668,-0.49457846201242617,0.009109676041064496,1.0,FINNIFTY
FINNIFTY,2024-01-12,21622.0,21779.2,21533.45,21728.2,700,400,0,19417200,18630760,2740040,3231920,38048360,0.9594977648682611,0.9068654455309186,13921200,2347160,0.16860328132632244,4310680,16283480,21600.0,-0.005900166603768408,0.009109676041064496,-0.007722413265562333,0.0,0.0,0.011310186761903885,0.7924720244147335,0.004177493550312243,21734.86,21734.86,-0.0003064201931827215,-0.0003064201931827215,0.009068433225511893,47.52360135795006,0,-18.744102329681482,-11.725543776555513,-7.018558553125969,0.4885581949921256,0.026780756443070645,-1,-1,98.3708385303361,97.96473658833581,0.21182495558766948,0.1595720854553159,40.0,0.5279281491975627,0.47240482998202127,0.009763912600908942,-0.311304627591744,0.0012052448178199388,1.405292809356452,0.9594977648682611,0.8318194588492809,0.03614870543607962,-0.005900166603768408,0.1642989573764358,0.20988074426385364,1,0.11355077337075538,0.11355077337075538,0.9999999991193368,0,1,0.010831310593605915,-0.007722413265562333,0.0,20.215459431411507,0.014798827632479972,0.7073170731703153,-0.3850129222355163,0.004662144126066581,1.0,FINNIFTY
FINNIFTY,2024-01-15,21799.95,21829.5,21799.95,21829.5,300,400,0,37962520,40982440,18545320,22351680,78945360,1.0795500404082763,0.9212703380450394,32691320,7633120,0.2334907247550726,3562000,33349200,21500.0,-0.015094253189491284,0.004662144126066581,0.008857164644361593,0.00220600556895878,0.0,0.0013536727822441774,0.9999999999966159,0.0033021603262120194,21743.46363636364,21743.46363636364,0.00395688401237404,0.00395688401237404,0.004651309992618079,52.042160737812885,0,-9.359667611999612,-11.20790359021585,1.8482359782162376,0.6525795603230279,0.025933250849548853,-1,-1,98.82945755736655,98.2276992913962,0.19209639166349124,0.15050757771961307,36.36363636363637,0.47595766833338793,0.5117033173102689,0.009192922929632275,-0.32813742197970275,0.0006653304805607895,1.3700073170292295,1.0795500404082763,0.9313539831989701,0.12005227554001519,-0.015094253189491284,0.9550975423851019,1.199719174097031,1,0.1098589589353275,0.1098589589353275,0.999999999089742,0,-1,0.010258736022228949,0.008857164644361593,0.00220600556895878,18.406401250030786,-0.004447531914997915,-0.2857142857144558,0.33057739025521227,-0.0013193156050298471,0.0,FINNIFTY
FINNIFTY,2024-01-16,21821.8,21821.8,21800.7,21800.7,300,360,-40,71374880,68879880,33412360,27897440,140255120,0.9650437240665063,1.082669322955947,62770400,21339920,0.33996788295119995,7272360,47536520,21450.0,-0.016086639419835177,-0.0013193156050298471,0.011337752768332265,0.0008837795463572107,0.0,0.0009678588302209812,0.0,-0.0003527336860670527,21748.233333333334,21748.233333333334,0.0024124564907188617,0.0024124564907188617,-0.0013201866680850301,50.79858950425223,0,-3.934145527146029,-9.645805407903095,5.711659880757066,0.5968583976951455,0.02490704521366427,-1,-1,98.69907031177448,98.63312213315903,0.17643107025615384,0.14281380791129877,33.33333333333333,0.4318461811732569,0.5011466970429408,0.008773288075735075,-0.3996710940907546,0.0007917032984061795,1.3667842992815962,0.9650437240665063,0.9702546358037999,-0.11450631634177,-0.016086639419835177,0.880140728276205,0.6807169119261811,1,0.11013958819756026,0.10448891449052027,1.0540791683901045,0,0,0.010355521905251045,0.011337752768332265,0.0008837795463572107,16.898852765546852,-0.005981459731096428,-0.3333333333334815,1.2850594338147125,-0.0445948983289528,0.0,FINNIFTY
FINNIFTY,2024-01-17,21450.0,21450.0,20821.1,20828.5,1900,600,240,10227280,5528120,7721480,3075840,15756000,0.5405269045142013,0.9722084237402703,3860800,2324240,0.6020099461251555,6333400,2779760,21000.0,0.008233910267181985,-0.0445948983289528,-0.03817780907632096,-0.043750530841610624,0.0,0.03019420505557296,0.011766576562251965,-0.016086639419835177,21677.484615384616,21677.484615384616,-0.03916435095897086,-0.03916435095897086,-0.04561983821318554,28.117752416817837,-1,-54.77604207789045,-19.19693144892336,-35.57911062896709,-0.2417360341120694,0.05280092803614881,-1,-1,94.29759530605874,97.27537439173325,0.1740789709366419,0.16080561265694532,53.84615384615385,0.5350004584389372,0.14431668175012205,0.015756571796054608,-0.3951104022552339,0.0071074351205346106,0.7060234351203674,0.5405269045142013,0.8935934986578854,-0.424516819552305,0.008233910267181985,0.1081820382745302,0.0446551300612022,1,0.2500416447289558,0.2277624291025521,1.097817781468209,1,1,0.013374942410808343,-0.03817780907632096,-0.043750530841610624,15.741717959631417,-0.043275582723922956,1.968749999999536,-0.7417736993595542,0.004693088796600797,1.0,FINNIFTY
FINNIFTY,2024-01-18,20680.25,20926.25,20680.25,20926.25,800,600,0,18674680,8983760,8447400,3455640,27659040,0.48106634223451217,0.6954097928309976,6876080,1504040,0.2187350932508057,9494400,7126040,21000.0,0.003524281703601935,0.004693088796600797,-0.028134803699601307,-0.04869006650816232,0.0,0.011755570157099337,0.9999999999995935,-0.007117651295100463,21623.825,21623.825,-0.032259556299590875,-0.032259556299590875,0.004682110589774464,31.206047819971857,0,-86.45523681709892,-33.267419114426446,-53.187817702672476,-0.012273926703687451,0.06297325438202633,-1,-1,94.740142294136,95.91226930398973,0.16172937271199023,0.1573617196631078,42.857142857142854,0.5152552301095996,0.10257463796736044,0.023558277825610173,-0.38109142981910377,0.008243395477644818,0.7116591168497347,0.48106634223451217,0.8051369552183514,-0.0594605622796891,0.003524281703601935,0.8259674126453954,0.625102204727828,1,0.24298346710338423,0.22111951616460282,1.0988784310319215,1,1,0.011093711548005923,-0.028134803699601307,-0.04869006650816232,14.771643563680119,0.0492879871255536,0.17647058823512096,-0.5400338743716073,-0.00090317185353328,0.0,FINNIFTY
FINNIFTY,2024-01-19,20907.35,20907.35,20907.35,20907.35,200,680,80,25421360,12383320,6746680,3399560,37805360,0.4871226401734604,0.862767186949065,12682240,1905400,0.15024159769882922,10857040,10131960,21500.0,0.02834649058823818,-0.00090317185353328,-0.037778094826078634,-0.04520877003100843,0.0,0.0,0.0,-0.0009031718535333113,21576.06,21576.06,-0.030993147034259372,-0.030993147034259372,-0.0009035799589765238,30.948956017610357,0,-110.36457863140458,-49.249158482370554,-61.11542014903403,0.05610273968071843,0.06982054138375902,-1,-1,94.6545756642162,94.5641044214703,0.16141333071862293,0.15118824989548277,40.0,0.4798602366054056,0.13172314866851242,0.021717764429140994,-0.4172226965495363,0.0075480970614739944,0.7110450097637868,0.4871226401734604,0.7106619302793913,0.006056297938948241,0.02834649058823818,0.36127419586306164,0.378411711799959,1,0.24380669515126896,0.21262824117787404,1.1466336441764067,1,1,0.01079276120252955,-0.037778094826078634,-0.04520877003100843,14.925977593416784,-0.005596260650134077,-0.7014925373134774,-0.37079340157714735,-0.028310618036240687,0.0,FINNIFTY
FINNIFTY,2024-01-23,20960.6,20960.6,20315.45,20315.45,300,800,80,79225800,49728920,42695120,28360040,128955520,0.6276859305933168,0.9258499690333146,41097520,32301040,0.7859608073674519,38032440,16349960,20150.0,-0.008144048002874694,-0.028310618036240687,-0.0693579788817884,-0.06111512927578289,0.0,0.03175661873106418,0.0,0.0025469511918057527,21497.271875,21497.271875,-0.054975435109716586,-0.054975435109716586,-0.028719091474661035,24.601524601524602,-1,-163.0182164315629,-72.66198248118883,-90.35623395037408,-0.11379948992071563,0.08956578819708244,-1,-1,91.97484612720412,93.78985469518545,0.09180152473680306,0.16604320463983013,68.75,0.5650296869262981,0.0,0.026309747282682892,-0.6844565128654275,0.006859312549076426,0.7220372820741942,0.6276859305933168,0.6202891083163994,0.14056329041985638,-0.008144048002874694,1.6794978710816415,2.290180662374872,1,0.27025734855810307,0.22996486288164322,1.1752114868943093,1,1,0.011887809706008206,-0.0693579788817884,-0.06111512927578289,13.707144354051962,-0.027407446182707407,-0.5454545454546144,0.8399557299490366,0.0118481254414744,1.0,FINNIFTY
FINNIFTY,2024-01-24,20300.0,20610.0,20269.05,20556.15,2300,1080,280,6737520,5420960,4179080,3409800,12159560,0.8045927878507225,0.9218832338390631,2451600,999240,0.40758688203622123,3498200,4361400,20000.0,-0.027055163539865267,0.0118481254414744,-0.05708761645268268,-0.046397108965824274,0.0,0.01658627709955418,0.8420589529254066,-0.000760504935898576,21441.91176470588,21441.91176470588,-0.041309831624429805,-0.041309831624429805,0.011778485928660726,30.405859212588382,0,-186.25530084748243,-95.9040100888127,-90.35129075866973,0.07330147672107452,0.09681268945340732,-1,-1,15.78339747113724,67.47093975418585,0.016225071329018317,0.16558509727067802,58.82352941176471,0.5624031725080375,0.12496067737966894,0.033145204032006624,-0.3479930363538961,0.009383945883641701,0.7153165878813145,0.8045927878507225,0.5881989210732426,0.17690685725740574,-0.027055163539865267,0.05274897823688748,0.06856774689657447,1,0.2850792709116344,0.23148505152046087,1.2315234565515085,1,1,0.012050587014920771,-0.05708761645268268,-0.046397108965824274,12.463381086140965,0.040158743477715086,1.9113924050629225,-0.7265492669006315,-0.004171500986322796,0.0,FINNIFTY
FINNIFTY,2024-01-25,20540.0,20540.0,20336.0,20470.4,900,1200,120,17377880,11752000,10640360,6331040,29131080,0.6762620066429277,0.7677860711213482,8309680,1899880,0.22863455632467194,8191320,9789240,21000.0,0.025871502266687437,-0.004171500986322796,-0.017192788726984598,-0.054714214797797256,0.0,0.009965608879162107,0.658823529411449,-0.0007856529554416296,21387.93888888889,21387.93888888889,-0.0428998274988317,-0.0428998274988317,-0.004180225969199013,24.522792498164648,-1,-207.17116610459925,-118.56567760143173,-88.60548850316752,0.08527106866070469,0.10344064341085289,-1,-1,11.069268829026448,39.60917080912261,0.01440791163268497,0.16208248848343798,55.55555555555556,0.5423213028401492,0.054852310299316365,0.027694012772781475,-0.8046723501816754,0.0010898685230946552,0.7231019106646133,0.6762620066429277,0.6153459414989879,-0.12833078120779484,0.025871502266687437,1.5792695235041974,1.1678817036096927,1,0.2805346301015641,0.2241488869282,1.2515548652546744,1,0,0.011816037663980358,-0.017192788726984598,-0.054714214797797256,18.294542420906453,-0.016019626427797196,0.12499999999985922,-0.3820582327749762,0.010735012505862063,1.0,FINNIFTY
FINNIFTY,2024-01-29,20499.95,20774.95,20388.15,20690.15,3100,1720,520,43269880,37972440,25892000,26220440,81244040,0.8775721125179917,0.9394671257038674,33842520,8114840,0.23978238027191828,8436680,29836880,21000.0,0.014975725163906425,0.010735012505862063,-0.011282480138581907,-0.0390998534742395,0.0,0.018694886213971345,0.7807652533607097,0.0014435477567609461,21351.213157894737,21351.213157894737,-0.03096138626906564,-0.03096138626906564,0.010677801336658601,30.63198934651119,0,-206.62863906136772,-136.4358055788596,-70.19283348250812,0.2053267419673734,0.10507022753194159,-1,-1,23.150082462890545,16.667582921018084,0.015111573105352766,0.16313754610876005,57.89473684210527,0.5483703739785006,0.18627170905593043,0.020817718046107724,-1.0113627418376687,0.0021110388105078006,0.7285259113761428,0.8775721125179917,0.6946470955556838,0.20131010587506404,0.014975725163906425,1.4899400847514197,2.231147038801906,1,0.2920507677219738,0.22392826869774637,1.3042157173365019,1,0,0.013258488451079315,-0.011282480138581907,-0.0390998534742395,22.929583812454915,0.014906513492184859,1.8703703703701047,0.4041701849831363,-0.006602175431304369,0.0,FINNIFTY
FINNIFTY,2024-01-30,20629.75,20637.95,20520.15,20553.55,8600,1640,-80,93242520,72814760,49972640,34842320,166058920,0.7809179760478374,1.0159855470995376,72925400,28774680,0.3945769238152962,19762360,43947640,20300.0,-0.012336068465058313,-0.006602175431304369,-0.01692227852884265,-0.05406108191198544,0.0,0.005731370006641153,0.28353140916782404,-0.00291926351428102,21311.329999999998,21311.329999999998,-0.03555761184309003,-0.03555761184309003,-0.006624066195827069,31.88909303490901,0,-212.6212297790844,-151.8506110257956,-60.7706187532888,0.17012084841671582,0.10778981233712066,-1,-1,18.231920279405404,17.4837571904408,0.014238242472537774,0.15906215179616415,40.0,0.5250044937440446,0.06055194264211306,0.023165903503514197,-1.1467860305077036,0.0025696737823911013,0.729410215362628,0.7809179760478374,0.7534061627305593,-0.0966541364701543,-0.012336068465058313,1.154905906834038,0.9175686366217183,1,0.2830789648340447,0.21806954217681884,1.298113261845171,0,0,0.012700606775553042,-0.01692227852884265,-0.05406108191198544,27.368363479473512,-0.01733718793716643,3.598930481283176,0.9884956289693534,0.010124771633124308,1.0,FINNIFTY
FINNIFTY,2024-01-31,20348.05,20811.75,20348.05,20761.65,7300,1880,240,4619680,3195040,3450800,2136280,7816600,0.6916150036366155,0.7592641286043531,2056440,952680,0.4632666160938321,2265680,2237040,20500.0,-0.012602562898420955,0.010124771633124308,0.021963579443231573,-0.048917748917748805,-0.046819656175323465,0.02233444836995136,0.8919560060381979,-0.009998272804454705,21260.34,21285.154761904763,-0.023456351121383667,-0.024594829953583752,0.010073859493611514,37.26542843864688,0,-200.9351660456523,-161.75890995706237,-39.17625608858992,0.2834116548575715,0.10829923053320407,-1,-1,31.567816975870446,24.316606572722137,0.014581486263650262,0.1661667732636777,76.19047619047619,0.5657381557133881,0.10426163881641434,0.02102980367985845,-0.47399267706967974,0.004702321063163957,0.7647786391046487,0.6916150036366155,0.766191977339219,-0.08930297241122187,-0.012602562898420955,0.03700886677022457,0.029338557182637146,1,0.2897630673787012,0.21727433886194403,1.3336276559996978,0,-1,0.014798684334323764,0.021963579443231573,-0.048917748917748805,30.80280482001775,0.016726947064428677,1.8404669260699285,-0.8681455631418892,0.0007273025024503443,1.0,FINNIFTY
FINNIFTY,2024-02-01,20700.0,20829.4,20600.0,20776.75,3800,1840,-40,15257680,10338560,10638000,7143520,25598080,0.6775971183037002,0.7935629387551341,6714800,2117600,0.31536307857270507,8263480,8214840,20500.0,-0.013320177602368031,0.0007273025024503443,0.010731581546155278,-0.04696867531776505,-0.04612640572597326,0.01104118786624479,0.7704882301653088,-0.0029694171706006723,21210.105,21262.045454545456,-0.020431534874532642,-0.02282449520592611,0.0007270381461555399,35.53290297081881,0,-188.48062267422938,-167.14297992480374,-21.33764274942564,0.31045563328378095,0.10779288896052339,-1,-1,32.53548655836252,27.445074604546125,0.014442998612803822,0.1635385069808725,59.09090909090909,0.5506692444675539,0.12063783425481901,0.014877548810450225,-1.110101264777374,0.005696207667152146,0.7522749380266238,0.6775971183037002,0.7407928434298146,-0.01401788533291537,-0.013320177602368031,2.3027569009108855,2.2358155140467724,1,0.2906421352954511,0.21739193829139258,1.3369499230103867,0,-1,0.015806017237926143,0.010731581546155278,-0.04696867531776505,34.15899070570537,-0.009397469130673963,0.3013698630136541,-0.5869261619024924,-0.004745689292117272,0.0,FINNIFTY
FINNIFTY,2024-02-02,20912.75,21058.7,20670.3,20678.15,5800,1880,40,27223840,18008520,11966160,7669960,45234240,0.6614981574972524,0.9734628228732182,12020040,4683600,0.38964928569289287,15084600,13302160,21500.0,0.03974485144947679,-0.004745689292117272,0.01014880021885256,-0.00721847468612713,-0.05065319342835295,0.01878311164199899,0.020211122554068314,0.006545778333955022,21154.940000000002,21236.658695652175,-0.022537998216965005,-0.0262992735183204,-0.004756985829620733,35.82315048479218,0,-183.28575204265144,-170.3907055365916,-12.895046506059828,0.289682834390975,0.10716195300417836,-1,-1,26.216796436923694,30.10669999038556,0.015427948272520947,0.16426350755702115,60.86956521739131,0.5548259653472596,0.43949479778306527,0.012768221883804309,-0.9843733283858462,0.0055790121508525505,0.7556235128872728,0.6614981574972524,0.7378400736006794,-0.016098960806447793,0.03974485144947679,0.784271265356201,0.7418789463909867,1,0.1879891286755191,0.21738803078506683,0.8647630134471803,0,0,0.014664907896568746,0.01014880021885256,-0.00721847468612713,36.59536024454419,-0.0054729917945676165,0.7522658610271373,-0.30612089121866704,-0.007517597077107974,0.0,FINNIFTY
FINNIFTY,2024-02-05,20785.25,20785.25,20499.1,20522.7,5000,2080,200,56747080,33039880,29523240,15031360,89789040,0.5822304865730537,0.9172904869075428,31398800,8157560,0.25980483330573145,25216720,24778360,21000.0,0.02325717376368603,-0.007517597077107974,-0.008093223103747493,-0.019284391613404228,-0.06703549981134038,0.013943097155832392,0.0824742268041021,0.005179380166987788,21081.21,21206.910416666666,-0.02649326106044192,-0.03226355952958326,-0.007545996630472549,29.711535225016007,-1,-187.77435547540153,-173.88393181906704,-13.890423656334491,0.2447258979434533,0.1037835833992061,-1,-1,16.254926463519183,25.00240315293514,0.015680546071284156,0.14910258899710535,20.833333333333336,0.46790230099889174,0.34178991694869243,0.010341300742365478,-0.8235866853482454,0.006120013225784605,0.7001959267278135,0.5822304865730537,0.6787717484116917,-0.07926767092419873,0.02325717376368603,1.084462735602325,0.8346804734647822,1,0.1882458189198263,0.21294409641009845,0.8840152040134116,0,-1,0.014883660596442052,-0.008093223103747493,-0.019284391613404228,39.89754289629644,-0.0027719077849907015,0.3404825737265056,0.34215063530637413,0.0042733168637654195,1.0,FINNIFTY
FINNIFTY,2024-02-06,20482.1,20648.65,20482.1,20610.4,4000,2200,120,72434440,73293520,15687360,40253640,145730160,1.0118601041162187,0.9816607138274265,59674680,34003040,0.5698068259435995,12335840,39270840,20350.0,-0.012634398167915298,0.0042733168637654195,0.0027659455422544,-0.014203139087449967,-0.058769802669735416,0.008080871792881405,0.7703392374657679,-0.0019782972026098993,21016.864999999998,21183.05,-0.019339944373244822,-0.027033406426364426,0.004264212174189518,29.388293375714383,-1,-182.9613144172181,-175.7062930246789,-7.2550213925391915,0.3049561931443351,0.09915692625686968,-1,-1,21.983577523746913,21.4851001413966,0.015839957358559652,0.14996153532804302,24.0,0.4728269869451041,0.3832100483397661,0.00923204594310687,-0.7394019562420932,0.006470272104596549,0.6988075233877462,1.0118601041162187,0.724960174025368,0.4296296175431651,-0.012634398167915298,0.276443475153259,1.218334933419855,1,0.1907756933235386,0.2145963376741629,0.8889978985769427,0,0,0.01569174777573019,0.0027659455422544,-0.014203139087449967,43.41876254725894,0.011790913940873393,-0.02676399026766363,1.3193021621671863,0.004599619609517491,1.0,FINNIFTY
FINNIFTY,2024-02-07,20737.7,20778.0,20621.9,20705.2,3200,2160,-40,5609800,5344640,4107480,4215000,10956600,0.9527327177439481,0.9129508178125874,3361960,1703480,0.5066925245987459,2206080,3638960,20400.0,-0.014740258485791044,0.004599619609517491,-0.0027189553816773238,0.019184906069026342,-0.04310271122130882,0.007539168904429735,0.5336322869951742,0.006176493420797232,20970.232500000002,21164.671153846153,-0.01263851032648311,-0.021709345281400894,0.004589073685037103,31.88238018059738,0,-170.4139173913427,-174.64460915540707,4.230691764064375,0.3685209753082846,0.09612567750725949,-1,-1,36.932130911551226,25.056878299605774,0.016246263878501224,0.14429060243942735,19.230769230769234,0.4403132401688741,0.6465442197914348,0.005951917079371549,-0.7450245398298898,0.008026304866035002,0.675913620557527,0.9527327177439481,0.7771837168468345,-0.05912738637227066,-0.014740258485791044,0.056706174576624045,0.05750849461180197,1,0.11843564892496479,0.21347491452061276,0.5547989052271008,0,0,0.013270002793066745,-0.0027189553816773238,0.019184906069026342,46.43400991444251,0.00032630274575207174,-0.27272727272728925,-0.8273507781647693,-0.01815485964878394,0.0,FINNIFTY
FINNIFTY,2024-02-08,20705.2,20705.2,20291.25,20329.3,6200,2800,640,18517560,10129240,12907760,4784600,28649600,0.5470072730964555,0.8562821737213505,8836440,2953880,0.3342839424021439,9655520,7129400,20500.0,0.008396747551563543,-0.01815485964878394,-0.021536092025942533,-0.011035626807549215,-0.056920714593877375,0.020362235787754656,0.09191931392677863,0.0,20908.8825,21133.73148148148,-0.027719439333976914,-0.03806386402639628,-0.0183216812800266,39.71569839307787,0,-185.29098265912398,-176.77904460439962,-8.511938054724368,0.21223962671258162,0.09632820189001973,-1,-1,7.629962641675712,22.181890358991286,0.014559211159684398,0.14719425706637504,22.22222222222222,0.45696106392565494,0.40647268628069794,0.008623319104897043,-0.6130225719986315,0.004493876987882369,0.666241372554689,0.5470072730964555,0.7510657478053856,-0.4057254446474926,0.008396747551563543,2.3009305144568435,0.8952146449527003,1,0.14157177204237745,0.22093232732656262,0.6407924711218894,0,0,0.013647598661886792,-0.021536092025942533,-0.011035626807549215,48.060356250468786,-0.02275447925830143,0.2943632567849417,-0.5528525378540193,0.006313547441377798,1.0,FINNIFTY
FINNIFTY,2024-02-09,20300.0,20457.65,20278.35,20457.65,2700,2920,120,22825080,16717280,4307520,6588040,39545280,0.7324083858632697,0.921081355133711,12631440,3540880,0.28032275021691905,9422120,13150040,20200.0,-0.01259431068573377,0.006313547441377798,-0.010663429755563225,-0.000622850554947596,-0.05530298657369448,0.008764447529408456,0.9999999999994423,-0.001441269497720004,20849.002500000002,21109.585714285717,-0.01877080210432136,-0.03088339691311537,0.006293700493358913,40.46630859375006,0,-185.55381021082212,-178.53739887749333,-7.01641133332879,0.29650770747399613,0.09224330745560831,-1,-1,23.8839992401669,22.815364264464616,0.014234982303162216,0.14604152701577616,21.428571428571427,0.4503519973571257,0.49036972677183627,0.012422402164015866,-0.5356652208842185,0.0034424900700159872,0.6584876610000276,0.7324083858632697,0.7652477934785891,0.18540111276681426,-0.01259431068573377,0.23261812031390744,0.6503982529785058,1,0.14489217131338686,0.22178323998985497,0.6533053230473327,0,0,0.013527482526911428,-0.010663429755563225,-0.000622850554947596,49.31259988939065,0.024468407090161737,-0.4567404426559466,-0.3716402176395971,-0.014231839922962841,0.0,FINNIFTY
FINNIFTY,2024-02-12,20469.75,20483.25,20107.0,20166.5,6100,3880,960,53283720,28730440,30458640,12013160,82018040,0.5391973383239759,0.819058276279349,33610000,7244280,0.21553942279083607,19473720,21378880,20200.0,0.0016611707534773014,-0.014231839922962841,-0.01735639072831552,-0.025309144689622864,-0.0634194143149398,0.018657178984950288,0.1581395348836789,0.000591465784193128,20780.725,21077.06551724138,-0.029557438443557627,-0.04320172162944225,-0.014334083795020524,36.43057310841261,0,-204.58901268954287,-183.75579671944007,-20.8332159701028,0.1771474710568212,0.0915508964427548,-1,-1,6.2519701586627825,12.588644013501801,0.01570621008674219,0.15102185546370764,37.93103448275862,0.4789062301789547,0.2905952532821835,0.015977098079885853,-0.5534750282228009,0.002444507356492964,0.6702211405752233,0.5391973383239759,0.7566411638287736,-0.19321104753929386,0.0016611707534773014,1.3344373820376534,0.7186073332503853,1,0.1471679762867612,0.22533138132149885,0.6531179783231024,0,1,0.013523711804009322,-0.01735639072831552,-0.025309144689622864,51.02707470605071,-0.02054538736434064,0.15749525616696092,0.33623534569993696,0.011891007363697081,1.0,FINNIFTY
FINNIFTY,2024-02-13,20166.5,20485.0,20166.5,20406.3,11000,3400,-480,72515840,74978400,19232120,46247960,147497640,1.0339589253878876,1.098568221682282,62929600,33310760,0.5293337316620478,7785400,41634400,20200.0,-0.010109623008580648,0.011891007363697081,-0.009902767534836876,-0.00716421250830146,-0.06083798934104079,0.015607925003552825,0.7529042386182857,0.0,20714.63,21054.706666666665,-0.014884649158589891,-0.030796281179884977,0.011820864831686295,51.91041951424663,0,-199.65785817856522,-186.9401510509914,-12.717707127573817,0.3191916297094975,0.08232278812466756,-1,-1,31.448986025004473,20.528318474611385,0.014378262735387783,0.1527687763733181,43.333333333333336,0.4889220327301009,0.4385700877772983,0.01884348474904316,-0.5885405663153306,0.0009532643576293104,0.671370581222121,1.0339589253878876,0.7610609280831073,0.4947615870639117,-0.010109623008580648,0.36093801258620833,1.6097198650629785,1,0.16140195636068755,0.22754761763330517,0.7093106839283945,0,1,0.014511367303700489,-0.009902767534836876,-0.00716421250830146,45.27647303222637,0.026122847286659923,0.996370235934628,1.3892668076513224,0.007289415523637377,1.0,FINNIFTY
FINNIFTY,2024-02-14,20480.55,20600.0,20186.3,20555.05,13700,3280,-120,5393080,5996480,2885320,3908280,11392840,1.1118841181662427,0.8855798901810135,2584520,1141880,0.44181511460541995,2339880,4836480,20000.0,-0.027003096562645153,0.007289415523637377,-0.007251801479821518,-0.009951039536838513,-0.0583820060010537,0.02012644094760172,0.8913463862700272,0.0036385822025550934,20650.9075,21038.58870967742,-0.004641805693042844,-0.022983419484549406,0.007262976141647168,49.975938402309865,0,-182.61406117534352,-186.07407535603795,3.4600141806944293,0.42883563618577786,0.06522654660642516,-1,-1,47.07891142166143,28.259955868442898,0.014527017517766791,0.15874598018383537,48.38709677419355,0.5231917542983483,0.41588273559531236,0.019698542567904688,-0.5889518996720344,0.000663044950786092,0.6934766841998374,1.1118841181662427,0.7928912081675662,0.07792519277835508,-0.027003096562645153,0.03978882406933437,0.052125412118690186,1,0.15664885259829714,0.22891321904737935,0.6843154501158064,0,1,0.014290566561465526,-0.007251801479821518,-0.009951039536838513,40.26172442134969,-0.0046015918400597045,1.2276422764227282,-0.815711506246777,0.003874960167939312,1.0,FINNIFTY
FINNIFTY,2024-02-15,20655.0,20655.0,20406.1,20634.7,8200,3600,320,11307600,13348240,5914520,7351760,24659440,1.1804662350985178,0.9753701257469651,5296440,2167880,0.4093088942761553,5297080,11169560,19300.0,-0.06468230698774398,0.003874960167939312,0.015022652034256012,-0.0068369692083698475,-0.053484521139229524,0.01206220589589388,0.9184411410201246,0.004862552024928217,20592.607500000002,21025.9671875,0.0020440587720618186,-0.018608760491769738,0.0038674718481811845,53.60354432600778,0,-161.32141682433212,-181.11961832442807,19.798201500095956,0.5524491421382056,0.03897220600239473,-1,-1,55.44814542397235,44.658680956879415,0.014570463484186525,0.16082283390882163,59.375,0.5350991948256435,0.44106899624396084,0.015830537787384014,-0.49888038822015146,0.004420476330209042,0.6988374712856797,1.1804662350985178,0.9195830005679788,0.06858211693227512,-0.06468230698774398,1.0966868653904633,1.226012594055179,1,0.15838300920955162,0.2301290935974935,0.6882354884591312,0,0,0.014392668364430436,0.015022652034256012,-0.0068369692083698475,35.47439968899922,-0.003414455355698065,0.24430955993928305,-0.5958969201074329,0.001570170634901391,1.0,FINNIFTY
FINNIFTY,2024-02-16,20650.0,20745.05,20607.7,20667.1,5100,3720,120,16914360,18805280,5606760,5457040,35723360,1.1117937657706234,0.9892956197756277,9183200,3512000,0.38243749455527487,6971440,15281960,20500.0,-0.00808531434018312,0.001570170634901391,0.010238223842914396,-0.0005343804934194729,-0.007748997767482169,0.006645828393920703,0.43247178740411507,0.0007414694664811832,20584.5375,21015.092424242426,0.004010898957530706,-0.016559166965213645,0.0015689392058573276,49.449183931942486,0,-140.41588946793127,-172.97370947000434,32.55782000207307,0.6065179532887232,0.037654675420357546,-1,-1,58.85257959440362,53.79321214667914,0.013685484935684568,0.14845965461895047,24.242424242424242,0.46421609875040004,0.4916059069399134,0.011397814275959251,-0.5125524819317693,0.0007117284214302327,0.880341983671891,1.1117937657706234,0.9954600765494493,-0.06867246932789439,-0.00808531434018312,0.4958399660405391,0.4088209381911023,1,0.15696675212588168,0.1686386169062319,0.9307877099115508,0,-1,0.013178940039622606,0.010238223842914396,-0.0005343804934194729,31.304442392409698,-0.002304789533037921,-0.21779141104295674,-0.407162476502808,0.003152353257109164,1.0,FINNIFTY
FINNIFTY,2024-02-19,20720.0,20792.7,20629.5,20732.25,5100,4000,280,38708200,39313600,21793840,20508320,78025800,1.0156400969303663,1.017321898876794,27490240,10041320,0.36526854621858523,10236120,29261400,20000.0,-0.03531936958120802,0.003152353257109164,0.02805395085909801,0.010210644798199109,-0.009270652888119013,0.007871793944217378,0.6295955882349056,0.002559623749824671,20574.8375,21006.773529411767,0.007650728711709132,-0.013068333841339541,0.0031473950089474616,54.421297441733884,0,-117.59963701506058,-161.89327653202974,44.293639516969165,0.7184504913633446,0.0350227123040903,1,-1,65.69822423031772,59.99964974956456,0.013619051064335624,0.14726495038987264,23.52941176470588,0.45736637727781704,0.5769824563570118,0.007605173327532677,-0.534580259952438,0.006478598939469069,0.8759658611705593,1.0156400969303663,1.0907486282707275,-0.09615366884025711,-0.03531936958120802,1.288481503290695,1.090561799664775,1,0.15172720845035506,0.16811722560224535,0.9025084004127044,0,-1,0.012571809718461105,0.02805395085909801,0.010210644798199109,27.569060730426376,0.0015821826222077728,-0.21898928024503495,0.3122442222155548,0.01090812622846049,1.0,FINNIFTY
FINNIFTY,2024-02-20,20732.25,20996.95,20732.25,20958.4,17900,5680,1680,72323040,76957240,33614840,37643640,149285960,1.0640763994433862,0.9308802740833639,62962800,34917920,0.5545801647957207,6929160,42025400,20800.0,-0.007557828841896397,0.01090812622846049,0.027055370155295355,0.016884679579241446,0.002441725039280529,0.012629780899305325,0.8543634302981316,0.0,20577.39,21005.391428571427,0.018515953675368957,-0.002237112730377744,0.010849061753202669,54.82478726795653,0,-81.47479813278551,-145.80305388245304,64.32825574966753,1.0137916023348597,0.036037867476270045,1,-1,89.4609645896723,71.33725613813122,0.012793881484955269,0.14972780426103405,31.428571428571427,0.47148691241491114,0.6300714691316414,0.003931758464470958,-0.557566987503664,0.007146870368748624,0.8663726540779381,1.0640763994433862,1.0967721230818275,0.04843630251301989,-0.007557828841896397,0.8684165112301786,0.9575220788734687,1,0.15913893896321912,0.1728214798443158,0.9208284700171223,0,-1,0.013026700629103497,0.027055370155295355,0.016884679579241446,24.961965322671634,0.007755772971351327,1.2601010101009815,1.4956912260429558,-0.0058950110695474844,0.0,FINNIFTY
FINNIFTY,2024-02-21,20996.0,21036.6,20810.0,20834.85,21000,5840,160,6177680,4180560,4268120,2724960,10364080,0.6767200631952448,0.8882058152401408,3031320,1572560,0.5187707005528944,3112160,2601280,20700.0,-0.0064723288144622375,-0.0058950110695474844,0.013612226679088568,0.0062617120336918575,0.0255667484599158,0.010876008226601034,0.10966460723736866,0.001794030078631887,20603.36,21000.654166666667,0.01123554604685828,-0.007895190566484467,-0.0059124552367928775,51.35279873335193,0,-61.57010256429567,-128.95099481298618,67.38089224869051,0.8160142683402094,0.03555392009945114,1,-1,76.47893243668399,77.21270708555801,0.012860149495402479,0.13605084153704403,11.11111111111111,0.3930713657297339,0.5460977554104024,0.006372067556060612,-0.5560036907014076,0.002739761356466001,0.9803719670686775,0.6767200631952448,1.0097393120876277,-0.38735633624814136,-0.0064723288144622375,0.05901466531274128,0.03540875426405625,1,0.16250860087438326,0.13877471613738637,1.1710245589434172,0,-1,0.013360384561320627,0.013612226679088568,0.0062617120336918575,22.518998709395074,-0.016803137298007975,1.164948453608225,-0.826140252132936,0.00031197728805332225,1.0,FINNIFTY
FINNIFTY,2024-02-22,20800.05,20861.5,20619.3,20841.35,30200,7360,1520,13944000,11573680,7766320,7393120,25525040,0.8300114744693058,0.8619665447781449,6963400,2790960,0.40080420484246204,6893480,8775440,21000.0,0.007612270798196924,0.00031197728805332225,0.010014684003159635,0.025187783150428134,0.013874193367921395,0.011621128189872572,0.9168042939715398,-0.0016702784037321734,20617.620000000003,20996.34864864865,0.010851397979009914,-0.007382171597661524,0.0003119286332583893,53.97022332506195,0,-44.79802232521615,-112.11602970861095,67.3180073833948,0.7940267197063473,0.03690616277950428,1,-1,78.99634251290024,81.64541317975217,0.01235507433882302,0.13365999567968534,10.81081081081081,0.3793636815948693,0.6938617811959135,0.0069305741564411605,-0.6156774546162682,0.0023400263011644686,1.0044443903588887,0.8300114744693058,0.9396483599617852,0.15329141127406098,0.007612270798196924,1.2571580269615779,1.7684520734064335,1,0.12463309940109188,0.13306858683484118,0.9366079724144072,0,-1,0.01248627380153242,0.010014684003159635,0.025187783150428134,21.028436884296518,0.006206988357600807,1.4958677685950206,-0.5730516869424842,-0.00018952706998331958,0.0,FINNIFTY
FINNIFTY,2024-02-23,20841.75,20975.0,20816.3,20837.4,32500,8120,760,20545600,16281920,6601600,4708240,36835640,0.7924772214002025,0.9443056113800395,10874640,4104520,0.3774396209897523,9562240,12169200,21000.0,0.007803276800368498,-0.00018952706998331958,0.00824014980331067,0.01856273814441045,0.01792832577770831,0.007616113334677105,0.1329552614996143,1.919261468194024e-05,20635.969999999998,20992.165789473685,0.00976111130225532,-0.007372549884837931,-0.00018954503250807347,58.26504884966908,0,-31.458507227675,-95.98117413402726,64.52266690635226,0.7609711916248294,0.037403022308624224,1,1,78.5714285714204,78.01556784033487,0.011920530255351322,0.13294497035169947,10.526315789473683,0.3752641528384289,0.6418268564782409,0.006569917121440905,-0.6145672689650787,0.0021819468161525194,1.0081405971660995,0.7924772214002025,0.8757850510877011,-0.037534253069103296,0.007803276800368498,0.4734366035570855,0.40680578692343317,1,0.12335743013309394,0.13187145783494483,0.9354369176228334,0,-1,0.012371440382059283,0.00824014980331067,0.01856273814441045,18.057933753540443,-0.0005015043580366418,1.155172413793089,-0.38614739299069323,-0.0042039793832244765,0.0,FINNIFTY
FINNIFTY,2024-02-26,20757.85,20864.0,20735.75,20749.8,54500,18120,10000,45272440,30810280,24726840,14528360,76100840,0.6805526717800057,0.9480673325068236,29329000,11288960,0.3849077704660916,15879800,19507200,21000.0,0.01205794754648241,-0.0042039793832244765,0.0008465072531924633,0.028924205985173312,0.0028830143812392794,0.00618078246537316,0.10955165691998689,-0.0038176547937843926,20638.952500000003,20985.951282051283,0.005370790983699303,-0.011252827135516008,-0.004212840949165805,53.6612911698271,0,-27.326064027634857,-82.24787027625348,54.92180624861862,0.6426243359183255,0.037656904406353914,1,1,69.14802065403734,75.57193057945265,0.01183901256191111,0.12744389584463,10.256410256410255,0.34372427271057704,0.7220656677286739,0.007056371059647582,-0.590925134512388,0.0015003793709162374,0.9978106205604209,0.6805526717800057,0.808767566057629,-0.11192454962019682,0.01205794754648241,1.2035102406354645,0.8923001709872055,1,0.09332735934685876,0.12772353101760933,0.7306982396291708,0,-1,0.011123800730101571,0.0008465072531924633,0.028924205985173312,14.559522092280824,-0.004014452313241157,1.735943775100388,0.27638190213086666,-0.0032675013735071756,0.0,FINNIFTY
FINNIFTY,2024-02-27,20749.85,20759.05,20660.0,20682.0,233100,44960,26840,96787320,71743480,51514880,40933200,168575760,0.7412487503528354,0.9271952282301329,66702800,41060840,0.6155789562057364,29937960,30650440,20550.0,-0.006382361473745286,-0.0032675013735071756,-0.013188029620581743,0.01351053351170961,0.006249528670229765,0.004789188666473226,0.22211004543137758,2.409661779837512e-06,20645.375,20978.3525,0.0017740050737755642,-0.014126585965222982,-0.0032728513132559145,49.38189374966695,0,-28.95719089514023,-71.58831750243387,42.63112660729364,0.5473315195196995,0.03748041668162808,1,1,61.854561101542494,69.85800344233341,0.011641075054913193,0.1272674065927608,10.0,0.3427123886067251,0.6007735220528718,0.005692512067320776,-0.6512997799272939,0.005278745894490061,1.010761096336534,0.7412487503528354,0.7442020362395189,0.06069607857282977,-0.006382361473745286,1.1378860958234194,1.3285565726763924,1,0.08272573076881007,0.12591245048207797,0.6570099333813222,0,-1,0.010041927096393611,-0.013188029620581743,0.01351053351170961,12.43305832686483,0.0009364780097173009,4.532874436268679,1.655561400241007,-0.011597040905134803,0.0,FINNIFTY
FINNIFTY,2024-02-28,20661.25,20735.2,20405.0,20442.15,212200,54040,9080,6226520,3809600,4644640,2766680,10090160,0.6118345399998715,0.9065534130455724,2861320,1672000,0.5843456866061818,3356400,2110520,20600.0,0.007721790516163835,-0.011597040905134803,-0.01884822784901241,-0.0054925675199037904,-0.015388950300192938,0.01615289976837078,0.11250757116895858,-0.0010032878831834446,20629.4,20965.274390243903,-0.00907685148380466,-0.02495194579887472,-0.01166481104894904,53.241605147502426,0,-48.28337903501233,-66.92683411501194,18.64345507999961,0.26178044078311546,0.03810288086186076,1,-1,36.053141135968794,55.68524096384954,0.011485023416253758,0.1227222059403614,9.75609756097561,0.3166529190341016,0.4496518738635646,0.003997792514044707,-0.6493859795904208,0.003233913184221124,0.9653298024731588,0.6118345399998715,0.7312249316004442,-0.12941421035296397,0.007721790516163835,0.047988104226876,0.038563504307290365,1,0.0977545993328812,0.12712982187995872,0.7689352333734224,0,-1,0.009644572978470517,-0.01884822784901241,-0.0054925675199037904,11.261055938779473,-0.008329539531627628,2.4236850596966706,-0.8409131672743299,0.005970507016140658,1.0,FINNIFTY
FINNIFTY,2024-02-29,20423.5,20582.5,20360.4,20564.2,124100,51280,-2760,12737920,11272440,6511400,7462840,24061640,0.8849513892378034,0.928570161008057,5244040,3010520,0.5740841030960863,7440600,8240480,21000.0,0.021192168914910343,0.005970507016140658,-0.013298082897700847,-0.0034165749926095,-0.01023018518295693,0.0108003228912381,0.9176046825750062,-0.0009123306501518408,20618.7725,20955.725,-0.002646738548572558,-0.01868343853529275,0.005952754166422319,53.071755989275495,0,-53.47803328296504,-64.23684510964613,10.758811826681082,0.42962059696839067,0.03760672063936021,1,-1,49.182444061957,49.030048766489436,0.011565522329374075,0.1226308337287095,9.523809523809524,0.31612904527110963,0.466419576939704,0.006269904426779637,-0.6337513478125724,0.0017560871939003037,0.9485741384388008,0.8849513892378034,0.7422129145541436,0.2731168492379319,0.021192168914910343,1.0457526836820568,1.9589563208735825,1,0.10091562792672075,0.1292791239656634,0.7806026584420831,0,0,0.009518384678004938,-0.013298082897700847,-0.0034165749926095,10.581367894503545,0.01756754792127546,0.6868288704635017,-0.6188726470078758,0.01895040896314959,1.0,FINNIFTY
FINNIFTY,2024-03-01,20616.9,20969.9,20608.35,20953.9,262800,66760,15480,16406120,22620040,3668200,11347600,39092920,1.3787562202397643,0.9496102113457578,8608440,4956520,0.5757744724944357,6863240,17659320,20000.0,-0.04552374498303425,0.01895040896314959,0.005590908654630633,0.013877128382792092,0.013335332222660146,0.017254544500069337,0.9557460932095272,0.002562706061991263,20632.56,20955.682558139535,0.01557441248201874,-8.506323449919417e-05,0.01877308668062939,71.47962245621694,1,-26.894317283906275,-56.76783122975383,29.873513945847556,0.8869436326169686,0.040249822375114166,1,-1,90.49534536259192,58.576976853505904,0.011450817543000865,0.12181135664212533,9.30232558139535,0.3114306524307344,0.6054890880464304,0.008765583944574096,-0.6700675641069667,0.0025818840592761443,0.8384194597553953,1.3787562202397643,0.8594687143220561,0.49380483100196093,-0.04552374498303425,0.2879748027935487,1.0066675892708234,1,0.14014197093736722,0.14528689087658012,0.9645878578264693,0,1,0.0105792562886198,0.005590908654630633,0.013877128382792092,10.424518194580639,0.012979901947008932,1.645460036239176,-0.38517932675921196,0.0035888307188636226,1.0,FINNIFTY
FINNIFTY,2024-03-04,20981.8,21055.5,20909.0,21029.1,219500,64760,-5560,37700080,42647600,18730480,16581040,80412440,1.1312336737746975,0.974222914111865,26190600,13862080,0.5292769161454873,10385760,28780240,20900.0,-0.006139111992429469,0.0035888307188636226,0.013460370702368163,0.014318272256990783,0.024675115847329954,0.0069665368465602435,0.8197952218424339,0.001331494375748563,20657.879999999997,20957.351136363635,0.017969898169609033,0.0034235654672918336,0.003582406232241062,68.66570760654557,0,0.03979675109439995,-45.40568701961217,45.445483770706566,0.9147480311647099,0.043327265759745305,1,1,96.96272434421324,78.88017125625406,0.010825645007564354,0.11910594481877303,9.090909090909092,0.2959194346685774,0.6089816009837611,0.011035009130783058,-0.6682675301986302,0.0023909500663243047,0.837181261001676,1.1312336737746975,0.9496049147209945,-0.24752254646506677,-0.006139111992429469,1.1416763988072745,0.7330243447845362,1,0.14031059219859227,0.14227019915919553,0.9862261593024612,0,1,0.010488730578854088,0.013460370702368163,0.014318272256990783,12.218213287555628,-0.015361578244285967,0.8173538665341928,0.2477378164838031,-0.0026439552810152422,0.0,FINNIFTY
FINNIFTY,2024-03-05,20960.0,21062.55,20910.0,20973.5,476700,85560,20800,80742880,73087840,43042800,30440240,153916280,0.9051923835265723,0.9793185083897319,60139000,41036960,0.6823685129450108,19834680,32034960,20850.0,-0.005888382959448829,-0.0026439552810152422,0.014094381587854254,0.0007204748454079368,0.017617319411559196,0.007273464133311048,0.41625696492926045,-0.0032859228402546256,20676.035,20957.71,0.014386946046473614,0.0007534220103246891,-0.0026474567038779627,63.28286194965563,0,16.823072300372587,-32.959393043055385,49.78246534342797,0.8175409054234253,0.04530737867389203,1,1,87.31752474541238,91.59186481740585,0.009964955777528787,0.11886249414657694,8.88888888888889,0.2945236337194643,0.5005434245671515,0.01209427072881537,-0.6080520299466139,0.002300795894903963,0.8344490628850622,0.9051923835265723,0.9823936413557417,-0.22604129024812525,-0.005888382959448829,1.141716410150854,0.7137620874328215,1,0.13093191354370726,0.14244427772759602,0.9191798753908355,0,1,0.00995309890225466,0.014094381587854254,0.0007204748454079368,12.967768639059262,-0.006232785999878865,1.8603144125765017,1.5021061636531425,0.004303049085750965,1.0,FINNIFTY
FINNIFTY,2024-03-06,20916.05,21151.9,20915.55,21063.75,302600,82200,-3360,6448400,7071120,3648720,4486600,13601720,1.0965696917064698,0.8596994424341551,3130040,2871960,0.9175473795862034,3274840,4188400,21000.0,-0.0030265266156311197,0.004303049085750965,0.03040776043615767,0.010986400190066137,0.01731690589803514,0.011220699068304656,0.6270361751636838,-0.002739170858464287,20693.9625,20960.015217391305,0.017869342326294335,0.004949174966372372,0.004293817443365989,63.52829891218666,0,36.77934904034919,-19.011158601339698,55.79050764168889,0.8701560800776703,0.04827515550343148,1,1,88.8629185091484,91.04772253292468,0.009879701925277859,0.12018182485043036,13.043478260869565,0.30208788906540734,0.582144103064711,0.011817763695843087,-0.6137551410264065,0.0010435971941609775,0.8442918759231238,1.0965696917064698,1.0793406716970615,0.1913773081798975,-0.0030265266156311197,0.04518937149628549,0.0613864084641166,1,0.12782357631693642,0.1423463001282559,0.8979761055395755,0,1,0.009987567986425024,0.03040776043615767,0.010986400190066137,13.62054239667872,0.006947004366766207,0.5532286212914479,-0.7813825803237058,-0.0006883864459082956,0.0,FINNIFTY
FINNIFTY,2024-03-07,21076.2,21119.7,21013.65,21049.25,91700,86280,4080,15217120,15015000,8768720,7943880,30318400,0.9867175917650646,0.9156099588129805,7409200,6074720,0.8198887869135669,7755800,8926480,21000.0,-0.0023397508224758602,-0.0006883864459082956,0.023587107692008447,0.009975361480902167,0.035414401873158585,0.0050381842583464625,0.3356907119280077,0.0005910628449350532,20729.96,20961.913829787234,0.015402345204718282,0.004166421583541746,-0.0006886234926505032,62.187071467296036,0,50.858825308012456,-5.03677227043318,55.89559757844564,0.8241061291543811,0.047522536043672535,1,1,87.03095388501724,87.73713237985935,0.009780294174037424,0.11271822259695206,8.51063829787234,0.25929604538211326,0.5741396043470595,0.009302541217919846,-0.5826248095500253,0.0006902857682011378,0.9118898032357922,0.9867175917650646,1.0996939122025136,-0.10985209994140521,-0.0023397508224758602,1.3598287947397805,1.1234259919220717,1,0.12809948587583297,0.12360947792791246,1.036324138889306,0,0,0.009329273593272411,0.023587107692008447,0.009975361480902167,14.55218723005272,-0.004991435531659261,-0.5437129919888543,-0.5223068026092752,-0.007154649215530218,0.0,FINNIFTY
FINNIFTY,2024-03-11,21020.4,21056.6,20880.0,20898.65,208600,89480,3200,42340080,26443440,27122960,11428440,68873000,0.624548654608116,1.0594998764616923,26773440,14704640,0.5492249034864403,15559200,11712600,21000.0,0.004849595548037722,-0.007154649215530218,-0.002636740654484382,0.002939426224001007,0.021556728167702488,0.008450306598751523,0.10560588901467186,-0.0013705951518461963,20752.010000000002,20960.595833333333,0.007066303456869871,-0.0029553469675142052,-0.007180366456871846,55.032359523377544,0,49.56671803644713,5.884169336078974,43.68254870036815,0.6525654071571237,0.046316550970098735,1,1,68.00379027162754,81.29922088859773,0.00989657226662966,0.11258591810888034,8.333333333333332,0.2585374903600359,0.5184075647003125,0.007999813382442444,-0.7120163930167529,0.0032445724241294436,0.8916948081778938,0.624548654608116,0.9488523990761841,-0.36216893715694853,0.004849595548037722,1.7823977204622163,0.7611348651348652,1,0.13455352152159955,0.12626059609988205,1.0656810245738824,0,-1,0.009412692919679853,-0.002636740654484382,0.002939426224001007,14.45026915367759,-0.006466262769621922,-0.04565834019580972,-0.007941995237176647,0.0031150337461989253,1.0,FINNIFTY
FINNIFTY,2024-03-12,20894.9,21125.0,20692.7,20963.75,1032400,77080,-12400,81954080,71913640,39614000,45470200,153944800,0.8774870024774849,0.9734103830973612,56881920,44308800,0.7789610477283467,24866160,27549320,20900.0,-0.00304096356806392,0.0031150337461989253,-0.003107598518243715,0.010310942756074803,0.039533384573426256,0.020621310595671065,0.6269951422621722,-0.0001794374277764353,20791.8725,20960.660204081632,0.00826657146921228,0.00014740928426326683,0.0031101920806076997,50.17925950745514,0,53.07022562356724,15.321548962055333,37.74867666151191,0.7138250136800282,0.03866045102458905,1,1,76.22867972203693,77.08780795956056,0.01043689361738374,0.11426454367612915,12.244897959183673,0.2681617281525866,0.5769712942918857,0.00698143432593108,-0.7476646956858868,0.0024839209483386,1.0147437932926526,0.8774870024774849,0.8981030648167415,0.25293834786936886,-0.00304096356806392,0.9356146705438441,1.7195266576511983,1,0.13265743524779613,0.11260432862948375,1.178084685949216,0,-1,0.010856745732709644,-0.003107598518243715,0.010310942756074803,14.647722016702897,0.010269682961729143,2.2632676928912336,0.8298260186157655,-0.008035299028084197,0.0,FINNIFTY
FINNIFTY,2024-03-13,20973.5,21012.45,20757.1,20795.3,231500,70400,-6680,7115280,4684640,4616080,2893400,11870320,0.6583915179725885,0.9791001583443744,2786720,2357000,0.8457972096227824,4325520,2315800,22000.0,0.05793135948988477,-0.008035299028084197,-0.008496435978735062,0.005478193598297931,0.019062740428201108,0.012279216938442927,0.14959859017029742,0.00046508854570389364,20811.322500000002,20957.353,-0.0007698934077833286,-0.007732512784415113,-0.008067756028044569,48.713528282861155,0,42.03562125537428,20.66443967700357,21.37118157837071,0.47766402917014233,0.034468768501276094,1,1,54.94630448514755,66.39292482627066,0.010620188215606417,0.11233810604294704,8.0,0.2571166837805709,0.538821340513625,0.007964943680811932,-0.38026913689181996,0.0013210075833782328,1.0073776268197887,0.6583915179725885,0.8487428917059449,-0.21909548450489635,0.05793135948988477,0.056325200648948776,0.04023437000268656,1,0.13901666963703324,0.11151538703202271,1.246614240530339,0,-1,0.011605748559906613,-0.008496435978735062,0.005478193598297931,14.955766861972634,-0.011150332774283123,-0.2678915910312769,-0.7869711247592677,0.00018032920900390437,1.0,FINNIFTY
FINNIFTY,2024-03-14,20752.55,20935.75,20662.7,20799.05,191500,67800,-2600,14243480,9802800,7128200,5118160,24114080,0.6882306851977186,0.8984636728268288,5945800,3763360,0.6329442631773688,8262440,5993280,20800.0,4.5675163048347283e-05,0.00018032920900390437,-0.012566613257373516,0.01745902461336013,0.011870562221935721,0.013128003442464885,0.4993590917412524,-0.002055752982645117,20823.5225,20937.705,-0.0011752334409319554,-0.006622263519330485,0.00018031295164651595,48.621611053180416,0,33.20607939944966,23.172796261861976,10.033283137587688,0.4637947456071623,0.03246030060119435,1,1,55.42008843966423,62.19835754894958,0.010724219203693026,0.10739064710208533,7.8431372549019605,0.22875090510738325,0.6330590070497735,0.00821866845487631,-0.7688869526344512,0.0020108043419419476,0.9852605715862554,0.6882306851977186,0.7670750904041945,0.029839167225130026,4.5675163048347283e-05,1.0018158104811055,1.092540728850029,1,0.12161134566662737,0.10899720348157431,1.1157290432282747,0,-1,0.011303258927316024,-0.012566613257373516,0.01745902461336013,14.864962790279638,0.008215628237088102,-0.39039918507671756,-0.5829754088778178,-0.005831997134484457,0.0,FINNIFTY
FINNIFTY,2024-03-15,20725.75,20767.65,20586.25,20677.75,310800,56760,-11040,24403240,16761800,10159760,6959000,41221800,0.6868678093564625,0.9495339409042285,10394160,6506480,0.6259745857289093,13993520,10016640,20600.0,-0.0037600802795275117,-0.005831997134484457,-0.017649084884259536,0.005521731941918517,0.002086291538040186,0.008772714632878405,0.5044101433293762,-0.003524199422569746,20825.675,20915.630999999998,-0.00710301106686817,-0.011373359952659201,-0.00584906964000196,45.16724685939149,0,16.398578520329465,21.817940337779525,-5.41936181745006,0.2781722561400031,0.03202039088200093,1,1,40.094756790898096,50.15371657190329,0.010974011057434055,0.10589890599989914,7.6923076923076925,0.2201981513709489,0.5386202283021415,0.00842284661724213,-0.6649743934230022,0.002050073440631169,0.9576817437818986,0.6868678093564625,0.7071051339224741,-0.0013628758412560504,-0.0037600802795275117,0.7132919763990261,0.7098992124699065,1,0.12456255193867564,0.11057839056838935,1.1264637800004076,0,-1,0.011100498101480056,-0.017649084884259536,0.005521731941918517,16.299948622395167,-0.006012326343488361,-0.06613383011327822,-0.3130249580033597,-0.00020553493489383623,0.0,FINNIFTY
FINNIFTY,2024-03-18,20625.0,20733.8,20450.0,20673.5,187800,73880,17120,39477120,31099600,15073880,14337800,70650600,0.7877879642689234,0.8153249971751398,21973280,14724600,0.6701138837715626,17443600,16091240,20600.0,-0.0035552760780709603,-0.00020553493489383623,-0.010773423163697227,-0.013381757095337954,0.00030967092625489023,0.013727719060633142,0.7875264270610354,-0.0025510512507405303,20825.995000000003,20893.471999999998,-0.007322339220767193,-0.010528264522047692,-0.00020555606009326104,47.56758479979598,0,2.712516250732733,17.996827597557534,-15.2843113468248,0.2708868043999229,0.031959482742102197,-1,-1,39.55780164244586,45.02421562433606,0.011513704570032712,0.10898292844906661,11.320754716981133,0.2378800966406129,0.38534225234027264,0.008254886503235869,-0.5534257326469032,0.0023445570575524807,0.9867117446648033,0.7877879642689234,0.7397529958546356,0.10092015491246087,-0.0035552760780709603,0.6176999447614333,0.8553854597954874,1,0.07109604912600423,0.11045062445001921,0.6436907841458817,0,-1,0.010747815557536436,-0.010773423163697227,-0.013381757095337954,18.225589222587253,0.0056264621995906205,-0.42270449724877834,0.17048087220213537,-0.0030038455026966115,0.0,FINNIFTY
FINNIFTY,2024-03-19,20624.0,20700.0,20570.25,20611.4,512100,77680,3800,76283960,70503120,36806840,39403520,146864760,0.9242194558331791,1.0778905168596877,51728040,45725800,0.8839654469800131,24506040,24604440,20600.0,-0.0005530919782257127,-0.0030038455026966115,-0.016807584520899144,-0.01986295181439035,-0.005829082709305489,0.006295060015331321,0.3171483622348343,-0.00239436960359881,20819.952500000003,20865.754,-0.010016953689015451,-0.01219002198530661,-0.0030083661016556172,47.741089140590034,0,-12.920509252788179,11.813324078686325,-24.733833331474504,0.19700824251656693,0.03306015243521635,-1,-1,31.711939355649815,37.12149926299792,0.011654784661470276,0.10851163885131357,11.11111111111111,0.2351780031860465,0.3325903716294555,0.006760612024450596,-0.5221356143038267,0.003392955016781863,0.9836950105696083,0.9242194558331791,0.7490994865257744,0.1364314915642557,-0.0005530919782257127,0.9323587941572232,1.2670105081737386,1,0.06581233434574046,0.11031024615049174,0.5966112540107495,0,0,0.010680667874413543,-0.016807584520899144,-0.01986295181439035,19.02356112153874,-0.0027983105678027753,0.44428462644893774,1.4915849386790705,-0.000953355909836362,0.0,FINNIFTY
FINNIFTY,2024-03-20,20644.55,20713.25,20397.55,20591.75,249100,64520,-13160,7768240,8154040,5719720,6183280,15986800,1.0496637591011606,0.8939956409919653,3522960,2862080,0.8124077480300657,4237800,5284600,20600.0,0.00040064588973739485,-0.000953355909836362,-0.009788269464734767,-0.01820154003862018,-0.01749417894495775,0.01533138271395101,0.6151409566041773,0.001608333252471827,20801.620000000003,20839.643,-0.01008911805907442,-0.011895261353565445,-0.0009538106426195356,55.571694599627534,0,-26.5649220116793,4.137638962928834,-30.702560974608133,0.20195174722845777,0.03385061970757056,-1,-1,29.229311433982225,33.49968414402596,0.011615608886360517,0.11006969412270044,14.545454545454545,0.24411096281583494,0.3461178517241938,0.004940643388166022,-0.5284848640019396,0.003943934985657366,1.0780693980412683,1.0496637591011606,0.8273539347514888,0.1254443032679815,0.00040064588973739485,0.07497932723995974,0.08770221800113243,1,0.06589380587399775,0.10209889476027967,0.6453919600615867,-1,0,0.011486459732477538,-0.009788269464734767,-0.01820154003862018,19.829868076916036,0.0020504895928602496,-0.24926916006148125,-0.7325173194148911,0.008088190658880334,1.0,FINNIFTY
FINNIFTY,2024-03-21,20700.0,20884.85,20700.0,20758.3,195800,54800,-9720,16674560,13676560,8906320,5522520,30405920,0.8202051508405619,0.8620047821664598,8288200,5565760,0.6715281967133998,8359960,8093240,21000.0,0.011643535356941596,0.008088190658880334,-0.001959224099177592,-0.014501216545012241,-0.003674132523152296,0.0089048717862252,0.31539085745181605,0.0052569597047361204,20797.792500000003,20822.052,-0.001898879412322474,-0.003061753952012025,0.008055656555102118,56.997116077865876,0,-23.829399469203054,-1.4557896509985404,-22.373609818204514,0.4439372864175936,0.03387062971066166,-1,-1,47.82262875322478,36.254626514285604,0.011766721882675496,0.10927713348957503,14.285714285714285,0.2395668928653724,0.3764049961294169,0.00510582705449174,-0.5025806884553844,0.0014007912317824884,1.040914608426563,0.8202051508405619,0.8537488278800576,-0.22945860826059872,0.011643535356941596,1.1465042274698,0.677274087446223,1,0.07747589321191138,0.10498184241132506,0.7379932696795026,0,0,0.011254877004269593,-0.001959224099177592,-0.014501216545012241,19.37979746617687,0.009041546568716696,-0.3902780805281353,-0.5017544659998555,0.002259337228963876,1.0,FINNIFTY
FINNIFTY,2024-03-22,20702.5,20865.05,20700.0,20805.2,209500,59720,4920,20130280,21629400,3455720,7952840,41819400,1.0744708965796799,0.9716563021760216,12893920,11384000,0.8828967451325896,7199640,10227520,20800.0,-0.0002499375156211297,0.002259337228963876,0.00616362998875597,-0.011594237324370149,-0.0017345325518739463,0.007933112875627212,0.6373826113295211,-0.0026880813939484096,20795.985,20807.03,0.00044311438001143344,-8.795104346936977e-05,0.002256788764445446,42.87971652940042,0,-17.716413098321937,-4.707924074606779,-13.008489023715157,0.5131026448216595,0.03381869737294385,-1,-1,54.03990190229286,43.69728069649995,0.010913995402248328,0.10774221221916136,10.526315789473683,0.23076656979897442,0.39999146730432134,0.00506913247177736,-0.4357648695588548,0.002367368954145818,1.0229423576006451,1.0744708965796799,0.931269445324701,0.254265745739118,-0.0002499375156211297,0.2072450487449144,0.5814941768982843,1,0.07966823145233606,0.1053257901741219,0.7563981361544098,0,0,0.01154436986599767,0.00616362998875597,-0.011594237324370149,20.434701551322405,-0.0058288534299164585,-0.37070079000330447,-0.3160673682326496,-0.004695941399265657,0.0,FINNIFTY
FINNIFTY,2024-03-26,20748.95,20780.5,20686.45,20707.5,559700,167560,107840,75106640,67281200,54976360,45651800,142555400,0.8958089457869504,1.0438076056673926,51308760,48211240,0.9396298020065189,23776800,19024000,20700.0,-0.0003621876131836291,-0.004695941399265657,0.001644617505502266,-0.00914652381852421,-0.006233983126493814,0.004541832669322674,0.22381711855371667,-0.0027036510103243417,20789.49,20788.075,-0.0039438196896606215,-0.0038760202664268606,-0.004707001972197602,34.92547107902881,0,-20.435872455665958,-7.853521283027513,-12.582351172638445,0.3839394463632961,0.03398070719193257,-1,-1,41.08835421223023,47.65029495591596,0.010869767682516678,0.10695679446839401,8.620689655172415,0.22626345287560706,0.41966503492200224,0.005334895757505143,-0.7747490026901704,0.0016672531889299572,1.0033201145441035,0.8958089457869504,0.9528736416283063,-0.1786619507927295,-0.0003621876131836291,2.731028083066902,2.1106364485376385,1,0.07532049321222165,0.1066028606599419,0.7065522695665292,0,0,0.011153522473054785,0.001644617505502266,-0.00914652381852421,22.073001263826168,-0.006955278628229533,0.520841258627248,0.887489597022797,0.018647832910781093,1.0,FINNIFTY
FINNIFTY,2024-03-27,0.0,0.0,0.0,21093.65,0,0,0,4435080,4428360,2927320,3171360,8863440,0.9984848074893802,0.7990415062145648,3171560,1338600,0.422063590157525,1209960,3089520,20800.0,-0.013921251182227895,0.018647832910781093,0.02339724618415051,0.006196410470455049,0.016571244060183732,0.0,210936500000000.0,-1.0,20806.6825,20779.307,0.013792083384749132,0.015127694104524414,0.01847609383054303,54.29951690821261,0,8.165790673225274,-4.6496527543841655,12.81544342760944,0.8798775914341544,0.0363066516576449,-1,1,99.72461102785046,64.95095571412452,0.08027517421458251,0.10890353426805148,15.254237288135593,0.2374248977610398,0.5439520984904302,0.009443988505953937,-0.37143457875700214,0.001252485405448714,0.8727044651937247,0.9984848074893802,0.9677267119595466,0.10267586170242982,-0.013921251182227895,0.03897551534724493,0.04713590126216536,1,0.1235021348123017,0.12478856076049344,0.989691154066358,0,1,0.009091391413487679,0.02339724618415051,0.006196410470455049,27.410654209923564,0.02334377431004675,-1.0,-0.8150606248875354,0.038170255029357,1.0,FINNIFTY
FINNIFTY,2024-03-28,21300.0,21900.0,21300.0,21898.8,600,80,80,8579680,8083200,4144600,3654840,16662960,0.942133039926897,0.8651214642699264,3729880,9000,0.002412946261005716,333480,8074000,21000.0,-0.041043344840813165,0.038170255029357,0.06347444971894078,0.05306487523623127,0.058833768494342964,0.027398761575976767,0.9979999999998324,0.009782564895122397,20867.5225,20782.719,0.04942021746951508,0.05370235723246797,0.037459793479807255,69.76777217527165,0,94.11745698537925,15.103799465645958,79.01365751973329,1.3421398587461784,0.0586840973696318,1,1,99.99452054794476,80.26916192934182,0.0791829102181724,0.12426637280779237,38.333333333333336,0.3255062508392944,0.9136699177645139,0.01293837501109707,-0.7256568694965864,0.005321380257388517,0.687403394921059,0.942133039926897,0.9462205681246939,-0.05635176756248317,-0.041043344840813165,0.9345039999278479,0.8253258542665908,1,0.2158548183325519,0.18077648969615973,1.194042536039647,0,1,0.010603345877241061,0.06347444971894078,0.05306487523623127,25.759742350803297,0.01952242211857591,-0.9975174810707932,-0.6532986621453414,0.0,0.0,FINNIFTY
FINNIFTY,2024-04-01,0.0,0.0,0.0,21898.8,0,80,0,29825400,30700520,21245720,22617320,60526000,1.0293414338114493,1.0634689154313426,15282760,28880,0.0018897110207842039,739640,30671440,21200.0,-0.03191042431548757,0.0,0.05494187867021871,0.05287501111829629,0.07125718185220231,0.0,218988000000000.0,-1.0,20940.355000000003,20784.105,0.045770236464472314,0.053632090484531325,0.0,70.2500417133459,1,160.37632860538724,44.15834091435838,116.21798769102887,1.1531196864402817,0.07007940108792274,1,1,99.99452054794476,99.90455070791332,0.15026557228184712,0.12246971893766774,33.33333333333333,0.3152053091556015,0.9122269976813251,0.01876411670322513,-1.0717426172665876,0.006715500783376394,0.7081668976408828,1.0293414338114493,0.9880478247188712,0.08720839388455226,-0.03191042431548757,2.47628349775283,2.7980651227236737,1,0.21597563429652697,0.17293906178731958,1.2488539716796219,0,1,0.009290545532994573,0.05494187867021871,0.05287501111829629,26.59754281040395,-0.038170255029357,-1.0,0.11908121668234561,0.0,0.0,FINNIFTY
FINNIFTY,2024-04-02,0.0,0.0,0.0,21898.8,0,80,0,97381080,81422560,67555680,50722040,178803720,0.8361229922691348,0.9660923115215903,34137160,78680,0.0023048197331002346,2059520,81343120,21150.0,-0.034193654446818975,0.0,0.052563782131390235,0.05905139582401375,0.06489919374446851,0.0,218988000000000.0,-1.0,21007.085,20786.067,0.042448297800480095,0.053532637992555365,0.0,75.68372666341384,1,210.4528209564487,77.41726954303871,133.03555141341,1.0393997077059458,0.07869544086519221,1,1,99.99452054794476,99.99452054794476,0.22111811736585696,0.12349814517204068,36.666666666666664,0.32110169178244585,0.9588922375330925,0.01759834601724184,-1.3875013188263077,0.007007652162855689,0.7134178752116502,0.8361229922691348,0.9403782438567623,-0.1932184415423145,-0.034193654446818975,2.2650385242109077,1.6521557289583368,1,0.20948534648207817,0.17310772464743834,1.210144416072213,0,1,0.008413274069706734,0.052563782131390235,0.05905139582401375,28.256706252014386,0.0,-1.0,1.1943871395683656,-0.007922808555719918,0.0,FINNIFTY
FINNIFTY,2024-04-03,21537.6,21725.3,21537.6,21725.3,200,120,40,6126720,6541920,4188080,5181840,12668760,1.0677687245377625,0.8282546855982356,3708480,205720,0.05547286219691086,1374120,6335760,21200.0,-0.024179182796094843,-0.007922808555719918,0.049151273693106345,0.050876726243741954,0.03681414915600434,0.008639696574961024,0.9999999999994673,-0.016494054468738046,21045.655,20804.002999999997,0.03229383927466256,0.044284602343116486,-0.00795436076868558,68.52514048018679,0,233.54178279578264,108.64219669384303,124.8995861019396,0.8835524340578549,0.08419667405835642,1,1,99.20228310502239,99.73044140030396,0.2226502214994894,0.11847865872322857,23.333333333333332,0.09249118746648906,0.8971417914658035,0.017791852002739916,-0.7199050609975943,0.008125874458374684,0.7100617599172565,1.0677687245377625,0.9747701996069246,0.23164573226862772,-0.024179182796094843,0.0430071221226957,0.06364132987221233,1,0.2190743943780022,0.16685683603920412,1.3129482701879494,0,1,0.00790447182113952,0.049151273693106345,0.050876726243741954,27.330307410857046,-0.007922808555719918,-0.9988419224088014,-0.7717545180093403,0.0,0.0,FINNIFTY
FINNIFTY,2024-04-04,21725.3,21725.3,21725.3,21725.3,100,120,0,10083720,12291800,3957000,5749880,22375640,1.2189747434478546,0.8539743285762805,7257760,1580840,0.21781376071956085,2178280,10710480,20700.0,-0.047193824711281286,0.0,0.029945030850516474,0.05404290829346858,0.033106504795735514,0.0,0.0,0.0,21080.465,20819.984,0.030589220873448397,0.043483030534509526,0.0,74.6422893481717,1,248.96539732638485,136.70685443682257,112.25854288956228,0.84427395964032,0.08885139295868469,1,1,99.20228310502239,99.46636225266316,0.22181068024048328,0.11737356054395773,23.333333333333332,0.12430176558257308,0.9211773263998209,0.01470765885187455,-1.0607111808096668,0.007770274024366638,0.7034667293742616,1.2189747434478546,1.0188681867986196,0.1512060189100921,-0.047193824711281286,0.6458594484487622,0.8789285102844425,1,0.21648252438873006,0.1668501942913713,1.2974664199727508,0,1,0.007274965819606388,0.029945030850516474,0.05404290829346858,26.207435154136835,0.007922808555719918,-0.9991769547325103,-0.6155878144461867,0.005716837051732426,1.0,FINNIFTY
FINNIFTY,2024-04-05,21815.85,21949.95,21621.45,21849.5,1000,200,80,17007640,22029880,6923920,9738080,39037720,1.2952931741264515,0.7730689711568229,11661840,2198840,0.1885500058309838,3619040,19830320,21000.0,-0.038879608229021256,0.005716837051732426,-0.0022512649094926784,0.06108028700814638,0.04176699167997722,0.01503466898556031,0.6942161339419478,0.004167951650840231,21124.265,20838.827,0.03433184539201717,0.048499514871926275,0.00570055795263117,76.163789882687,1,268.0541263497762,162.97632201110292,105.07780433867327,0.8642454701930106,0.09425469415946607,1,1,99.54236797805872,99.31564472936782,0.2207311053211417,0.12128356973202035,31.666666666666664,0.1675119194234237,0.9745494641480835,0.011946541838505853,-1.0336486460391678,0.005635705881492472,0.7279281178893339,1.2952931741264515,1.0895002136385306,0.0763184306785969,-0.038879608229021256,0.6866434212770683,0.7922419824598513,1,0.2136068304535781,0.16661476137354836,1.2820402500020394,0,-1,0.007245294446767319,-0.0022512649094926784,0.06108028700814638,25.47703336819969,0.005716837051732426,-0.9896576688385562,-0.3772137006693812,0.006334241058147949,1.0,FINNIFTY
FINNIFTY,2024-04-08,21951.4,22000.0,21843.0,21987.9,900,360,160,29668360,35839800,12660720,13809920,65508520,1.2080141942459914,1.0183130174967563,24834320,5229280,0.21056666741831465,2700880,30609000,21600.0,-0.017641521018378355,0.006334241058147949,0.004068716094032698,0.05923413767023322,0.04387395406800798,0.007140290796301602,0.922929936305154,0.004663722281974482,21170.4725,20872.276,0.03861167954565037,0.053450040618473915,0.006314264068256742,82.35657306561951,1,290.92750642192186,188.56656917375216,102.3609372481697,0.8830737630700972,0.10079437243677973,1,1,99.94499999999955,99.56321702769355,0.2191604733252639,0.11961966663660704,30.0,0.16730733903254214,0.9605150815997588,0.004435971633917557,-0.6427916051025699,0.004779766037563458,0.7157442128848883,1.2080141942459914,1.125234765725439,-0.08727897988046007,-0.017641521018378355,0.7444136870253604,0.6268722298986649,1,0.21331405799862088,0.1671262783710007,1.2763645546958946,0,0,0.007068836347774959,0.004068716094032698,0.05923413767023322,23.84166414547634,0.0006174040064155228,-0.9883419689119172,0.028732418501383084,0.0005503026664663846,1.0,FINNIFTY
FINNIFTY,2024-04-09,22005.95,22031.25,22000.0,22000.0,600,400,40,73209720,85324000,43541360,49484200,158534120,1.165473655683972,1.1119869540957814,63165320,28085760,0.44463892528368415,7859280,57231800,21700.0,-0.013636363636363636,0.0005503026664663846,0.004621257785814681,0.05742795070463158,0.045167880090739576,0.0014204545454545455,0.0,0.0008209060437785906,21218.010000000002,20901.153000000002,0.03685501137948366,0.052573511135964424,0.000550151305481048,82.63383192284981,1,306.4887372340272,212.15101036555433,94.33772686847288,0.846869723567527,0.10625029766342493,1,1,99.85815602836836,99.78184133547553,0.21825925324675324,0.11909722888606812,28.333333333333332,0.1827595617386551,0.9468400906944426,0.0055927593122538696,-0.5359695295363867,0.004780018321677859,0.7135846583851436,1.165473655683972,1.1911048984084063,-0.04254053856201945,-0.013636363636363636,1.467602523361588,1.3807052494712582,1,0.21429006641169276,0.16689992899262865,1.2839434239229832,0,0,0.006417570514757692,0.004621257785814681,0.05742795070463158,22.030456477619598,-0.0057839383916815645,-0.9893446989877465,1.6588553060805817,0.0019477272727272954,1.0,FINNIFTY
FINNIFTY,2024-04-10,22046.0,22046.0,22042.85,22042.85,300,440,40,7644080,7465640,5831360,5836880,15110160,0.976656445249134,0.8880267268012993,5164080,1161760,0.22496940403711793,2145200,6303000,21700.0,-0.015553796355734334,0.0019477272727272954,0.014616599080334858,0.06448629723530108,0.054749947963145695,0.00014290348117423362,0.0,0.0020909090909090908,21275.219999999998,20932.602,0.03608094299377407,0.05303917783369694,0.0019458329113635237,85.55249236271504,1,318.5855099409273,233.43791575370705,85.14759418722025,0.8268928483186242,0.11037544314399274,1,1,99.98571169373085,99.92962257403292,0.2175635831379077,0.11749471695430053,25.0,0.19240453431691457,0.9999999919984117,0.004287682522362069,-0.5408612963113834,0.007339329951399295,0.7200594431436544,0.976656445249134,1.1728824425506807,-0.188817210434838,-0.015553796355734334,0.07965281112945112,0.0684084196709015,1,0.2077791377450138,0.16317363517841396,1.2733621910824746,0,0,0.005977677595942848,0.014616599080334858,0.06448629723530108,20.4821355452805,0.0013974246062609108,-0.1891891891894083,-0.7486383696687611,-0.008143230117702571,0.0,FINNIFTY
FINNIFTY,2024-04-12,22000.0,22000.0,21750.2,21863.35,2000,480,40,16711640,12392200,9067560,4926560,29104320,0.7415310526076435,0.9728516504845673,12545200,2350400,0.18735452603386155,4073760,10040760,21600.0,-0.012045272110632568,-0.008143230117702571,0.0063543426327830055,0.03648965446947283,0.0429121698169459,0.011425513473461262,0.452962369895728,-0.0019439410058136107,21320.2,20956.066,0.025475839813885237,0.04329457637707379,-0.008176567321107539,79.25908881730324,1,310.17581560938925,248.78549888165824,61.390316727731005,0.7277034333088627,0.11188166749917129,1,1,99.17150503492653,99.67179091900857,0.2192744936160286,0.11052862152545415,16.666666666666664,0.07681897050728398,0.7856289363757094,0.004721312289304058,-0.5728485771484088,0.0047508912588020745,0.6593101957822524,0.7415310526076435,1.0773937043826385,-0.23512539264149046,-0.012045272110632568,1.186219924438258,0.65989787881548,1,0.20688395845687094,0.16764282149221751,1.2340758553927555,0,0,0.007120228943288974,0.0063543426327830055,0.03648965446947283,19.23976034258218,-0.010090957390429867,2.5087719298239457,-0.5264430733688857,-0.01772143793151537,0.0,FINNIFTY
FINNIFTY,2024-04-15,21650.0,21792.3,21451.35,21475.9,2500,480,0,34409880,20579560,17698240,8187360,54989920,0.5980712516288926,0.9593536565849768,25024280,5723000,0.2286978886105814,9159960,14816640,21300.0,-0.008190576413561315,-0.01772143793151537,-0.017098789445982643,-0.019311560450800846,0.032728549239491755,0.01587593535078859,0.07200469277018817,-0.009758339870147922,21354.23,20974.513000000003,0.005697700174625897,0.023904583624897446,-0.017880342759678047,64.9880947407996,0,269.27391480225924,252.88318274005422,16.390732062205018,0.5520759684734611,0.1094113146935902,1,1,97.4140433638751,98.85708669751081,0.2236259182219537,0.11290168896931745,23.333333333333332,0.11619430512032738,0.338406621687276,0.005493586441720133,-0.6017995403948362,0.001679028669697543,0.6320827903577313,0.5980712516288926,0.9379493198831266,-0.14345980097875088,-0.008190576413561315,1.0590366953811834,0.660686560901212,1,0.11629541651931341,0.17861851426489833,0.6510826547450419,0,1,0.005967946320770157,-0.017098789445982643,-0.019311560450800846,19.074742571174685,-0.0095782078138128,2.289473684210093,-0.14941340220779753,-0.004165133940836063,0.0,FINNIFTY
FINNIFTY,2024-04-16,21375.8,21403.55,21355.3,21386.45,1600,560,80,44788400,43951320,10378520,23371760,88740280,0.9813103392842789,0.8787527714832875,35944440,16396120,0.4561517720125839,8338920,27492440,21100.0,-0.013393994795770253,-0.004165133940836063,-0.027353680888124843,-0.02339625915575272,0.028241674499556613,0.002256101410004933,0.6455958549209719,-0.0046610386526293275,21383.6,20987.009,0.00013327970968424196,0.019032774036548128,-0.004173832272755717,61.92821523117652,0,227.05184316031227,247.71691414401639,-20.665070983704112,0.5012515505675702,0.10649166972179405,1,1,97.00830082554616,97.86461640811592,0.22441278740243736,0.10886955151812468,10.0,0.04929070246163911,0.30507893481058584,0.00808136643857289,-0.5889340923531315,0.0034149686434029724,0.6056322405469231,0.9813103392842789,0.8926085488907841,0.3832390876553863,-0.013393994795770253,0.3016145362901585,1.1356783138220643,1,0.1162457394999168,0.17976181611343142,0.6466653594659841,0,1,0.006193556461770651,-0.027353680888124843,-0.02339625915575272,16.411637393697433,0.013556303990679308,0.7391304347824195,0.2806018723223469,-0.0039347343762056175,0.0,FINNIFTY
FINNIFTY,2024-04-18,21440.0,21470.0,21201.85,21302.3,2000,760,200,10749560,6401320,8578640,4676640,17151640,0.5954960016968136,0.8608035062089117,6698600,1908120,0.2848535514883707,3966760,4487560,20500.0,-0.03766259981316568,-0.0039347343762056175,-0.031713636363636444,-0.027238935466783576,0.030203963197156236,0.012587842627322002,0.3746037665484346,0.0025039218757670987,21414.8275,20997.52,-0.0052546535805623185,0.014515047491322708,-0.003942495809653728,62.274547030418084,0,184.69612880380373,235.11275574860107,-50.41662694479734,0.4483966043764705,0.10182767077770541,1,1,96.62659892951059,97.01631437297728,0.22580023216808917,0.11084041018248535,20.0,0.08199235179103234,0.2735948103872529,0.0069706586731626665,-0.1435792185625133,0.003987888423441508,0.6196844926568931,0.5954960016968136,0.7786130180933526,-0.3858143375874653,-0.03766259981316568,0.19153709442623537,0.1064049953448497,1,0.11570452443885593,0.1788658768033542,0.646878691687929,0,1,0.00745234072450285,-0.031713636363636444,-0.027238935466783576,12.898295098667214,0.00023039956463044575,0.7857142857141262,-0.5818637799059485,0.004978335672673806,1.0,FINNIFTY
FINNIFTY,2024-04-19,21122.5,21412.0,21049.35,21408.35,1000,880,120,11697320,11866200,947760,5464880,23564400,1.014437495084344,0.6863312722503279,7533520,2203560,0.29250071679639794,3307000,9657560,20500.0,-0.04242970616605197,0.004978335672673806,-0.028784844065082305,-0.014588981510036736,0.035545505115244014,0.016939652051652813,0.9899351992276287,-0.008440403148955713,21451.57,21012.124,-0.0020147709468352204,0.018857017976859458,0.004965984734090249,57.34319581855511,0,157.83828698792058,219.65786069439267,-61.819573706472084,0.47908343996007313,0.09632420163695624,1,1,97.10763857389053,96.91417944298242,0.156801468318937,0.1132698521067882,28.333333333333332,0.1223030850319925,0.3768244546921891,0.008473787761686368,-0.399294096598082,0.003069767842997234,0.6323051332413023,1.014437495084344,0.7861692280603945,0.4189414933875304,-0.04242970616605197,0.08816732963953873,0.8537114220192086,1,0.11761359520778299,0.17913796059651987,0.6565531657861944,0,1,0.00828233627217203,-0.028784844065082305,-0.014588981510036736,8.261612939808591,0.008913070048879423,-0.16666666666673613,-0.4482711728782167,0.003337482804606662,1.0,FINNIFTY
FINNIFTY,2024-04-22,21452.1,21539.45,21374.2,21479.8,1100,800,-80,27970400,31224080,16273080,19357880,59195280,1.1163258301633154,0.9098630522328345,22414240,10514440,0.46909643155422626,4456160,20701720,21300.0,-0.008370655220253414,0.003337482804606662,-0.01754305721675764,-0.011300189180356579,0.04213202402553917,0.0076932746114954514,0.6390317700449903,0.002043595139279767,21494.989999999998,21031.266,-0.0007066762999191623,0.02132700903502438,0.003331925769777225,35.13235398481298,0,140.6789683553543,203.86208116195155,-63.18311280659725,0.49204276397402447,0.08880926713931224,-1,1,97.43173364782683,97.05532371707598,0.15414798355398363,0.11373563996529253,30.0,0.13003171189202098,0.4035296179470211,0.006783766857213824,-0.5164784067481267,0.0022658811576452484,0.6379208032609656,1.1163258301633154,0.8611281835715289,0.10188833507897144,-0.008370655220253414,1.391180201960791,1.6313461765350323,1,0.1199311602298926,0.17829115984319543,0.6726702561591014,0,1,0.009051663733321575,-0.01754305721675764,-0.011300189180356579,8.187316936654204,-0.0016408528680671441,-0.1538461538462189,0.21480279715871098,0.0018249704373412001,1.0,FINNIFTY
FINNIFTY,2024-04-23,21552.6,21742.15,21480.3,21519.0,500,760,-40,76199880,63990720,48229480,32766640,140191360,0.8397745508260643,1.0579323280410216,60928120,31592560,0.5185218253903124,14354200,32382400,21350.0,-0.00785352479204424,0.0018249704373412001,0.00200690075852461,-0.015126204260967113,0.04503016984957564,0.012168316371578707,0.14779453885806998,0.0033892308122049214,21541.3525,21049.438,-0.001037655365418666,0.022307578948188578,0.0018233072020553197,36.88807567492924,0,128.7496667172345,188.8395974629974,-60.0899307457629,0.48692224503610715,0.07934506865176025,-1,1,97.60954368139302,97.38297196770345,0.08204875425703533,0.11162222776784896,21.666666666666668,0.09496473026668895,0.3723885037037084,0.005170627767904357,-0.6122541341399886,0.006987869201956413,0.6273471380656113,0.8397745508260643,0.9094688434109631,-0.2765512793372511,-0.00785352479204424,1.7243042645081943,1.0494028967386708,1,0.11522723146362027,0.17792737215522325,0.6476082347708456,0,0,0.008765028471923415,0.00200690075852461,-0.015126204260967113,12.440443148423087,-0.0015125123672654617,-0.6000000000000321,1.131585240565892,0.0023142339328035,1.0,FINNIFTY
FINNIFTY,2024-04-24,21519.0,21684.85,21519.0,21568.8,3500,1440,680,7133080,5280680,5015000,3546000,12415200,0.7403085343217797,0.7930270800641361,4766680,1817040,0.38119613651430345,2329920,3463240,22000.0,0.01999184006527951,0.0023142339328035,0.008526426779573049,-0.019060483265796235,0.039044623114609545,0.007689347576128415,0.30027132951443886,0.0,21581.8775,21066.71,-0.0006059482081667289,0.023833337051680115,0.002311560217729181,38.98604899539416,0,121.89782139477029,175.45124167183303,-53.55342027706274,0.4915195255989503,0.07145215933840096,-1,1,52.119600662213195,82.38695933047767,0.009887131941905514,0.11113999877423365,21.666666666666668,0.08696330239626913,0.34022206185126463,0.002557219668860955,-0.3072148459094549,0.007749148634451702,0.6293464183124626,0.7403085343217797,0.8612684824184633,-0.09946601650428466,0.01999184006527951,0.06581375193766709,0.05541428507133534,1,0.1091838028454826,0.17659590247500126,0.6182691741622466,0,0,0.008819934149906096,0.008526426779573049,-0.019060483265796235,16.703603522819712,0.0004892634954622999,1.3178807947018334,-0.7541718629983746,0.00601563369311231,1.0,FINNIFTY
FINNIFTY,2024-04-25,21568.8,21788.45,21548.75,21698.55,900,1440,0,9737760,11482840,2604680,6202160,21222040,1.1792075384893446,0.7365946585780868,6475480,2995080,0.4625263300944486,3176720,8487360,22000.0,0.013892633378728106,0.00601563369311231,0.01860127779629428,-0.013702272727272757,0.0429387845346354,0.011046821100949176,0.6249478514807523,0.0,21626.545,21094.095,0.003329473108164116,0.02865517577312504,0.005997612007205767,49.0803451713824,0,125.46479449452454,165.45395189137756,-39.98915739685302,0.5529697188468705,0.06285615971998432,-1,1,65.13821301358898,71.6224524523984,0.009428049339702432,0.11255729288857139,26.666666666666668,0.11047988223114044,0.38395339047618576,0.0032514197079966277,-0.6104309281448215,0.009388938417559577,0.6352760958163064,1.1792075384893446,0.9780107897769696,0.4388990041675649,0.013892633378728106,0.36515502419712104,1.1745002537551983,1,0.11586246315562566,0.17717854263099855,0.6539305571077754,0,0,0.009782570805455557,0.01860127779629428,-0.013702272727272757,17.571419279931828,0.00370139976030881,-0.4155844155844536,-0.5864573393609405,-0.008919950872293247,0.0,FINNIFTY
FINNIFTY,2024-04-26,21700.0,21700.0,21500.0,21505.0,1200,1520,80,19167080,14694440,9429320,3211600,33863040,0.7666499018108132,0.8605686576349907,9922160,5001280,0.5040515371652946,9206400,9686480,21400.0,-0.004882585445245292,-0.008919950872293247,0.0045145936048318625,-0.024400202333182852,0.038512616201859196,0.009300162752848175,0.0249999999999875,6.68247417454497e-05,21666.42,21115.042,-0.007450238664255537,0.01846825594758461,-0.00895997180164234,43.315735178105484,0,111.42458705063109,154.64807862491068,-43.22349157427959,0.34762516523978565,0.04889415418222572,-1,1,45.718155821999204,54.32532316593379,0.010177201315308741,0.11409430785962209,36.666666666666664,0.13598294112939605,0.2969947045278558,0.004455922611301855,-0.6547845715108401,0.005604976915882531,0.6339987122764457,0.7666499018108132,0.9284532711222635,-0.4125576366785314,-0.004882585445245292,0.9683253643548414,0.27968690672342383,1,0.11996090946829188,0.17995984153745898,0.6665982164507628,0,0,0.010698296732622953,0.0045145936048318625,-0.024400202333182852,18.606537552033167,-0.014935584565405557,-0.2638036809816403,-0.36559198929644066,0.01873517786561263,1.0,FINNIFTY
FINNIFTY,2024-04-29,21600.0,21978.95,21528.0,21907.9,4900,1520,0,23561960,28762920,4394880,14068480,52326400,1.220735456642826,0.8364859028734662,18434080,9108440,0.4941087377292493,4094160,19653120,21800.0,-0.004925163981942653,0.01873517786561263,0.01993035316902403,0.0020376566262718665,0.03860166448196489,0.020583898958823104,0.842443729903352,0.004417577307602883,21707.1325,21149.87,0.009248918529428218,0.035840882237101246,0.01856183613272485,51.5156233779716,0,131.22633576885346,149.96372995024265,-18.73739418138919,0.7155962826125123,0.04289924862038449,-1,1,86.14358099632925,65.66664994397247,0.010464261750327518,0.12026796432872691,53.333333333333336,0.23841989035543149,0.5120646585164291,0.009658777785269601,-0.4614190473867107,0.0013972640966921131,0.6679046818282293,1.220735456642826,0.9493351964181656,0.45408555483201274,-0.004925163981942653,0.22929314220006386,0.9574015750174896,1,0.1549643893566288,0.18006755684468578,0.860590280592476,0,0,0.011614135281159137,0.01993035316902403,0.0020376566262718665,19.372342051721308,0.027655128737905876,1.5520833333332003,0.006207107783752219,-0.0005728527152306651,0.0,FINNIFTY
FINNIFTY,2024-04-30,21907.9,22055.0,21880.0,21895.35,9000,2640,1120,41720440,40474000,18158480,11711080,82197080,0.9701239967747224,1.0629981738858247,26730920,22190120,0.8301293034433532,14177000,18262240,21850.0,-0.002071216034454738,-0.0005728527152306651,0.017489195594590834,0.019531195433020176,-0.00015754287906188935,0.007992564631302995,0.08771428571422728,0.0,21706.96,21179.651,0.00867878321054616,0.03379182215986454,-0.0005730168580367668,47.4302374010828,0,144.24502164466685,148.81998826891933,-4.5749666242524825,0.702433494866517,0.04287226882224086,1,1,84.12469547058267,71.99547742963703,0.010528980550012425,0.10434637622664815,1.6666666666666667,0.0,0.6492805768001646,0.013217881427985167,-0.3019324141182201,0.0026474471277769503,0.8781525378905993,0.9701239967747224,0.9754050856078973,-0.2506114598681035,-0.002071216034454738,0.7706693331115069,0.4071589393566439,1,0.11903647635569421,0.11882488706288112,1.0017806807804754,-1,-1,0.010825798209210577,0.017489195594590834,0.019531195433020176,20.01622142818976,-0.019308030580843294,2.5019455252916925,1.0343419011704365,0.0038501325623934157,1.0,FINNIFTY
FINNIFTY,2024-05-02,21950.0,22000.0,21890.0,21979.65,2800,2880,240,11238400,9808560,7667760,7140200,21049840,0.8727719248291572,0.9499434756864856,4863040,3079400,0.6332253076265052,6239960,6727000,23000.0,0.04642248625433064,0.0038501325623934157,0.019048347613219274,0.027737188733988116,0.003691983122362963,0.005004629282085929,0.8149999999992723,0.0024959637548612585,21711.0025,21208.142999999996,0.012373795268090682,0.036377866746749365,0.003842739771427192,49.45673936837613,0,159.51282750485552,150.95855614633473,8.554271358520793,0.7835864353291131,0.04363324096840775,1,1,92.5073335653467,87.59187001075287,0.010705194512716487,0.10215330336836032,1.6666666666666667,0.0,0.7134154392193152,0.014004625784417524,-0.3354385987453446,0.0025763796923156355,0.8541229295631192,0.8727719248291572,1.0018977637093727,-0.09735207194556517,0.04642248625433064,0.18378904920465844,0.1764144883134852,1,0.11418737537298734,0.11960023522047239,0.9547420627310547,-1,-1,0.011100650996418677,0.019048347613219274,0.027737188733988116,20.780359205307793,0.004422985277624081,0.04089219330851157,-0.5003797617374859,-0.0024408941907628767,0.0,FINNIFTY
FINNIFTY,2024-05-03,22100.0,22205.0,21849.9,21926.0,9200,3520,640,22426640,14315960,11188240,4507400,36746120,0.638346181148848,0.9533746749572881,8983680,5146800,0.5729055353708057,13398120,9156280,21300.0,-0.028550579221016146,-0.0024408941907628767,0.010482267248272281,0.029278528609586685,0.001242077191444313,0.016195384475052383,0.21430582934378323,0.005475519400900312,21712.3625,21233.968999999997,0.009839440549134215,0.032590751168564136,-0.002443878029466765,46.89847378898479,0,165.38366222907644,153.84357739550634,11.540084833570091,0.7243709155547837,0.043853458122242235,1,1,75.85774239604763,84.16325714399233,0.011738347167746068,0.10533093410789021,5.0,0.05116117030885408,0.7253685333217964,0.01452255118298702,-0.3427011350088935,0.0027986026363625025,0.877972291654368,0.638346181148848,0.8937254922412734,-0.23442574368030922,-0.028550579221016146,0.9955367312072892,0.4595373836730366,1,0.11195850036609653,0.11997068133165949,0.9332155075727645,-1,-1,0.011461405181191715,0.010482267248272281,0.029278528609586685,20.789517663444805,-0.0062910267531562925,1.697947214076167,-0.18768863087892573,-0.0021321718507707477,0.0,FINNIFTY
FINNIFTY,2024-05-06,21968.95,22002.0,21838.5,21879.25,6000,3920,400,40293680,28235280,17867040,13919320,68532880,0.7007371875688694,0.9239944456813639,24749720,14285000,0.5771782468650151,15495680,13898120,21800.0,-0.003622153410194591,-0.0021321718507707477,0.01740292955126721,0.021996090310556493,0.007086208245685954,0.007472833849423541,0.2492354740059638,0.0019588616254675147,21720.06,21258.211999999996,0.007329169440599914,0.02921402797187289,-0.002134448165409592,50.45402627070249,0,164.37451645608962,155.94976522667613,8.424751229413488,0.6651675799450215,0.04437414075472058,1,1,71.81239994807498,80.05915863648977,0.011341796450975258,0.10490597676268494,5.0,0.04691827877733609,0.6684731797408882,0.011597178737904335,-0.3965777050602955,0.0015436931363432488,0.9000650404607533,0.7007371875688694,0.8805429493928847,0.06239100642002138,-0.003622153410194591,0.7966882243617412,0.9722938594407919,1,0.11395657074439176,0.11655377329062343,0.9777167004492657,-1,-1,0.010514723360968788,0.01740292955126721,0.021996090310556493,21.58609177938208,0.00030872233999212906,0.5345268542199095,0.3136337066122319,-0.009572997246249382,0.0,FINNIFTY
FINNIFTY,2024-05-07,21874.85,21909.35,21635.0,21669.8,11400,5160,1240,84303280,62096760,44009600,33861480,146405200,0.7365877104663069,1.016453504324565,48993760,37660440,0.7686782969912903,35228240,24240000,21550.0,-0.005528431273015869,-0.009572997246249382,-0.01086822561724321,0.008845519976908633,-0.0025546252525856517,0.01266047679258685,0.12684527063964562,-0.00020110378555030246,21717.285,21276.963,-0.002186507199219423,0.0184630203098064,-0.009619112930592639,56.16338207247287,0,145.0261499098342,153.7650421474969,-8.738892237662697,0.45078421491195986,0.04442694951040957,1,1,53.68840046726485,67.11951427046249,0.010997695278353167,0.10829069454184563,15.0,0.10460951547569868,0.565168834028463,0.007554318069418886,-0.5147857923920129,0.0028335700538866795,0.8890739076150269,0.7365877104663069,0.7837134001575807,0.03585052289743751,-0.005528431273015869,1.092220914049052,1.1992613496306748,1,0.12792542241214583,0.12180167871918766,1.0502763480136326,0,-1,0.011011443579077927,-0.01086822561724321,0.008845519976908633,22.886591024410652,-0.007440825395478634,1.3076923076922609,1.0624452428967062,-0.004213236854977875,0.0,FINNIFTY
FINNIFTY,2024-05-08,21600.0,21650.05,21543.8,21578.5,3800,5200,40,8131800,5457040,4529360,3197960,13594040,0.6710740549447847,0.8670453896116265,4041960,1815200,0.44908905580460967,4076880,3640600,21500.0,-0.0036378802975183633,-0.004213236854977875,-0.014471109162447648,0.0027649983735302808,-0.012403029817615985,0.004923882568297147,0.3265882352938171,-0.003221072644879015,21703.735,21289.365,-0.005770204990062755,0.013581194178407863,-0.0042221375466549435,56.09740610216841,0,120.94092752751749,147.2002191854933,-26.259291657975808,0.37008910224413283,0.04441663547663309,1,1,45.7880846276948,57.09629501434488,0.011062102158563921,0.10394017381779799,3.3333333333333335,0.030456532205583493,0.5168535853969718,0.004764664031504528,-0.21918563492920912,0.0027855754800898197,0.8618129538427727,0.6710740549447847,0.7239034117915932,-0.06551365552152222,-0.0036378802975183633,0.05372697242622114,0.05149962735575898,1,0.13028568594658244,0.1206064184439949,1.080254994049564,0,0,0.010287000198749771,-0.014471109162447648,0.0027649983735302808,24.22021128202068,0.005359760391271506,-0.2789373814041882,-0.7626142710138664,-0.013022221192390604,0.0,FINNIFTY
FINNIFTY,2024-05-09,21540.0,21540.0,21280.0,21297.5,4400,6280,1080,18340560,10195240,10208760,4738200,28542080,0.5558848802871886,0.8425351525200101,7045880,3518760,0.4994067455023361,11290080,6410400,22000.0,0.03298509214696561,-0.013022221192390604,-0.031035526043408423,-0.012578353918623164,-0.03139908768004229,0.012208005634464138,0.06730769230766642,-0.0017841833306300253,21669.215,21298.618,-0.017154059341789707,-5.249166870824329e-05,-0.013107753674832679,49.86453688547724,0,78.3043751803707,133.42105032064805,-55.11667514027735,0.12455135695154432,0.04568949617851299,1,1,21.4727642452282,40.316416446729285,0.011309845219928566,0.10602199842074714,11.666666666666666,0.06594044660242748,0.3941375859906526,0.005641863843462258,-0.5878881543591388,0.0030859328264401884,0.8459268804148832,0.5558848802871886,0.6605260028831996,-0.11518917465759604,0.03298509214696561,1.255412085885044,0.8682729098558926,1,0.14552347627604284,0.12533234348121927,1.1611007351964107,0,0,0.010738866004583344,-0.031035526043408423,-0.012578353918623164,25.029037442810584,-0.008808984337412729,-0.17910447761195558,-0.5142936336057357,0.0011691513088392114,1.0,FINNIFTY
FINNIFTY,2024-05-10,21317.0,21480.0,21265.0,21322.4,5600,6920,640,22234000,13100080,3893440,2904840,35341000,0.5891913285958442,0.8528573416287344,10287440,3614200,0.3513216115962766,11920200,9228160,20500.0,-0.03856976700559043,0.0011691513088392114,-0.027528961050807155,-0.017335259729336694,-0.03079999999999994,0.010083292687502344,0.2669767441859291,0.0009156004225848104,21635.335,21308.238999999998,-0.014464070004000296,0.0006645786167502887,0.001168468383691123,47.457927893289266,0,45.991691565981455,115.93517850492351,-69.94348693894206,0.18226666477909712,0.04552267074509209,-1,-1,6.106382978722909,24.455743950548634,0.010802020410460359,0.10812679029266814,18.333333333333332,0.10181582942796244,0.3553580294023652,0.007221932993076963,-0.4863950963557109,0.002190364121594403,0.8616368808850193,0.5891913285958442,0.6506950323725988,0.03330644830865559,-0.03856976700559043,0.21228577535255194,0.2849211985200937,1,0.1407239327448989,0.1254899744953389,1.1213958182610533,0,0,0.010642513163238661,-0.027528961050807155,-0.017335259729336694,24.274688872222605,0.014191372501229815,-0.03945111492282949,-0.395705148022401,0.008908471841818866,1.0,FINNIFTY
FINNIFTY,2024-05-13,21284.15,21631.8,21183.0,21512.35,22600,7840,920,31780000,27294320,9546000,14194240,59082160,0.8588521082441787,0.7954012184453548,22908680,7016840,0.30629612880358015,8104480,20250320,21800.0,0.013371388992834417,0.008908471841818866,-0.01676931339054133,0.00034178098116699474,-0.024066760877109794,0.02086243483394419,0.7338458110515279,-0.0017938881176603008,21608.81,21321.737999999998,-0.00446392004002083,0.008939796558798507,0.008869025504502614,50.89964345927418,0,35.28822002297966,99.80578676072277,-64.51756673774311,0.39418924481520107,0.042187772237580294,-1,-1,32.22602739725698,19.935058207069364,0.011648126375248233,0.11699934460090926,53.333333333333336,0.25304516791737214,0.4980137274330339,0.008708052631674467,-0.4477424325463589,0.0005000592750639445,0.897318262115095,0.8588521082441787,0.6823180165076606,0.26966077964833446,0.013371388992834417,0.4293424485022938,1.0835231540570744,1,0.14358530707522527,0.13038778931724276,1.101217435443669,0,1,0.011798740371348263,-0.01676931339054133,0.00034178098116699474,25.917927320064504,0.007739320532979654,1.8356336260978314,0.04398545004659238,-0.0006043040393076682,0.0,FINNIFTY
FINNIFTY,2024-05-14,21540.0,21540.0,21414.7,21499.35,25700,9280,1440,90515600,77012000,58735600,49717680,167536880,0.8508146662011852,0.9098074866584344,72516520,34419240,0.4746399854819288,17321160,42573120,21250.0,-0.01159802505657141,-0.0006043040393076682,-0.007865785563318517,-0.01864852404840278,-0.016648866710728183,0.005828083174607571,0.6755786113322486,0.001285308206681346,21590.609999999997,21336.729,-0.0042268375001909275,0.0076216462232800986,-0.0006044867045875814,49.44891606136239,0,25.46419221629185,84.93746781657754,-59.47327560028569,0.3967355760959944,0.040932175287416314,-1,-1,30.954011741679803,23.095474039219898,0.011199840260951397,0.11511255559759334,53.333333333333336,0.22088556168362639,0.3432671559085608,0.009122442728804048,-0.5876189491166736,4.305365992314687e-05,0.9009225985225938,0.8508146662011852,0.7051634076546363,-0.008037442042993503,-0.01159802505657141,1.848193832599119,1.8215394265180447,1,0.09913761565788676,0.1277718593098586,0.7758955384681324,0,0,0.010323158792926708,-0.007865785563318517,-0.01864852404840278,20.278297403755634,-0.009512775881126534,1.557213930348233,1.7546694440337558,-0.0027931076986048575,0.0,FINNIFTY
FINNIFTY,2024-05-15,21450.5,21523.9,21370.0,21439.3,10200,10520,1240,8293040,6131760,6205400,4333840,14435320,0.7393862805436848,0.9078476485516203,5047440,1927920,0.3819599638628691,3184640,4202840,21200.0,-0.011161745019660123,-0.0027931076986048575,-0.00645086544477147,-0.020828623429175575,-0.0017042359109514793,0.007178406011390365,0.45029239766051715,-0.0022721617165169434,21588.78,21351.875,-0.0069239669865550635,0.004094488188976397,-0.002797015702593189,46.38893536333725,0,12.691216746454302,70.48821757514068,-57.79700082868638,0.33173214300059795,0.04114848260402565,-1,-1,25.07827788649454,29.41943900847711,0.011191396840648444,0.11115239641995686,36.666666666666664,0.1533861435971731,0.32550158968106685,0.008488251382409185,-0.5862809245947966,0.0008875287088719059,0.9967267949130806,0.7393862805436848,0.7188258527744164,-0.11142838565750035,-0.011161745019660123,0.0685561383894047,0.05627486625460967,1,0.09895488895805533,0.11151741569260934,0.8873491934397338,-1,0,0.010241742930935447,-0.00645086544477147,-0.020828623429175575,14.398109987982647,-0.0021888036592971893,0.002949852507364792,-0.7633068605809769,0.007747454441143331,1.0,FINNIFTY
FINNIFTY,2024-05-16,21500.0,21637.0,21352.0,21605.4,39600,12080,1560,9968880,11099960,1675840,4968200,21080920,1.1134610909149272,0.9483846072693499,6284120,2581960,0.41087057535502186,3498840,8517400,21200.0,-0.01876382756162818,0.007747454441143331,0.014457095903275041,-0.017027113716551412,0.01023779075068565,0.013191146657779998,0.889122807017237,0.0028312491545899694,21599.7275,21375.14,0.00026261905387459095,0.01077232710522602,0.007717597029455461,47.454152887479914,0,15.778319059045316,59.54623785531486,-43.76791879626954,0.5065374194144852,0.04017166977086156,-1,-1,41.330724070446195,32.45433789954018,0.011255122727254686,0.11458919210598126,55.00000000000001,0.2119650285568257,0.35668635470367216,0.008834566942876276,-0.45843459256533137,0.001983451476380815,1.0078245137689368,1.1134610909149272,0.8303410948999641,0.37407481037124235,-0.01876382756162818,0.2020778869992186,0.810240452985766,1,0.10709903988917555,0.11369954832381722,0.9419478034333245,-1,-1,0.011060394668504853,0.014457095903275041,-0.017027113716551412,14.11759977020375,0.010540562139748189,1.8592057761732645,-0.6456705724570713,0.0026983994742055817,1.0,FINNIFTY
FINNIFTY,2024-05-17,21567.0,21673.6,21525.75,21663.7,8400,12760,680,20863720,22619920,10894840,11519960,43496400,1.0841748259658393,0.9652686361013463,13663000,6424120,0.47018370782405033,6795120,16194760,21500.0,-0.007556419263560737,0.0026983994742055817,0.016006640903462932,-0.011962966341329873,0.01696530421597675,0.006824780623808423,0.9330402434894067,-0.001777333444416741,21617.7975,21397.13,0.002123366175485808,0.012458212853780015,0.002694765330457466,54.683626490378934,0,22.66420889987421,52.16983205527053,-29.50562315539632,0.5558149579988394,0.038042959300037774,-1,-1,47.035225048919145,37.814742335286624,0.011052887021673504,0.11236445327956116,41.66666666666667,0.21463493464226377,0.3978088666003832,0.007006103436017863,-0.6234545223444299,0.0020011323360004532,0.99724094073301,1.0841748259658393,0.929337794373963,-0.029286264949087926,-0.007556419263560737,1.092885058301434,1.037837974190898,1,0.10918442003394085,0.11267533109625938,0.969017964045404,-1,-1,0.010123334283380457,0.016006640903462932,-0.011962966341329873,14.084315566746795,-0.005049054966937749,-0.38997821350762973,-0.28841800692912467,-0.0013709569464126492,0.0,FINNIFTY
FINNIFTY,2024-05-21,21643.35,21687.0,21606.0,21634.0,17800,11720,-1080,79163480,69967360,54577840,44227680,149142560,0.8838338082156065,1.0250319827678662,67790080,35285600,0.520512735786711,11136720,34678200,21450.0,-0.008505130812609781,-0.0013709569464126492,0.00565489126013663,-0.01120925077413526,0.01054027984407968,0.003744106499029306,0.3456790123452522,-0.000939359389208777,21629.079999999998,21410.731999999996,0.00022747153369451212,0.010427854591800179,-0.0013718975676862432,39.6328538985617,0,25.433257612945454,46.822517161611486,-21.389259548666033,0.506162117405795,0.036914508230284464,-1,1,44.12915851271584,44.165035877360395,0.0097706652227314,0.10659911454703527,13.333333333333334,0.09344945476904935,0.4038997948487132,0.006272110613545578,-0.9748694231591426,0.0028358204356731687,0.9530336049948136,0.8838338082156065,0.9343341343682485,-0.20034101775023272,-0.008505130812609781,2.615920842495969,1.9552535994822262,1,0.1090656340492218,0.1118524193617622,0.9750851575142451,-1,-1,0.009750461548341032,0.00565489126013663,-0.01120925077413526,13.379380081051819,-0.004069356420618231,0.19063545150500882,0.8845785338943353,-0.004150873624849782,0.0,FINNIFTY
FINNIFTY,2024-05-22,21610.25,21620.5,21440.45,21544.2,47100,17200,5480,6852600,4734800,4857160,3038720,11604600,0.6909494206578525,1.0282870199433858,3271600,1581680,0.48345763540775155,3565120,3149160,21400.0,-0.006693216735826846,-0.004150873624849782,0.0020861095800572826,-0.0057960848738797255,0.0029981657184889876,0.008357237678818396,0.5762288253259806,-0.0010978090043450126,21632.3,21421.034,-0.004072613637939537,0.005749769128791771,-0.004159512414745416,37.443232612193924,0,20.154119129849278,41.488837551114415,-21.334718421265137,0.38852672369595115,0.03653443922140619,-1,-1,35.342465753421266,42.16894977168542,0.009872892538528747,0.10682523638237157,15.0,0.09820245964809407,0.44728539560671376,0.004925538773007698,-0.4232993063454028,0.0022590587101297705,0.9492895358109903,0.6909494206578525,0.9023610852595821,-0.19288438755775406,-0.006693216735826846,0.06135606974327051,0.04343053675313746,1,0.10032480297901467,0.11253177482482249,0.8915242210125739,-1,-1,0.009320137636964187,0.0020861095800572826,-0.0057960848738797255,14.084800673095742,-0.002779916678437133,1.5431965442764444,-0.7579952936230344,0.016150518469007835,1.0,FINNIFTY
FINNIFTY,2024-05-23,21585.0,21903.35,21585.0,21892.15,54100,12560,-4640,9980320,13054320,3127720,8319520,23047200,1.3080061561152347,0.8939017371715242,5253920,2366800,0.45048268721259555,4278200,10686760,22500.0,0.027765660293758196,0.016150518469007835,0.02112242470603065,0.014535301341613183,0.017340489799712033,0.014541742131311841,0.9648185958847382,0.0018937811568774552,21650.957499999997,21439.407000000003,0.01114003849483347,0.02111732847834813,0.016021486282861354,47.36747096696552,0,43.52785051675164,41.89664014449537,1.6312103722562696,0.7958137497206582,0.03765896110424066,1,1,69.38845401173504,49.62002609262405,0.010528888208787144,0.10825247996618104,23.333333333333332,0.17992977984054537,0.6102277813046626,0.008548056459919785,-0.8032749012993206,0.00010036947401933713,0.8591262825455597,1.3080061561152347,1.016085060373892,0.6170567354573823,0.027765660293758196,0.4564282170271138,1.7571006167103151,1,0.12787722111913058,0.12600298940863533,1.0148745011352829,0,1,0.010281923593265657,0.02112242470603065,0.014535301341613183,13.194836603983216,0.020301392093857618,1.2972399150743006,-0.5360340599218075,0.006388134559647929,1.0,FINNIFTY
FINNIFTY,2024-05-24,21918.95,22045.0,21847.3,22032.0,28700,13120,560,14553995,15460840,4573675,2406520,30027955,1.0623090086261537,0.7896246676662374,7588800,3331520,0.43900484925152855,6379195,12127480,22500.0,0.021241830065359478,0.006388134559647929,0.01974506373406637,0.03448761591736127,0.02147546455992,0.008973311546840992,0.9342438037425728,0.0012241830975943098,21674.1175,21458.772,0.01651197563176443,0.02671299177790787,0.006367816910085033,53.03186316572278,0,72.49409222972827,48.01613056458532,24.47796166514295,0.9072240276435696,0.04054764579415409,1,1,98.4918793503366,67.74093303849764,0.00995175848117023,0.10871761419573384,28.333333333333332,0.20834655512788738,0.7655414561727629,0.008392420813842127,-0.7717786397622655,0.00011724319996628783,0.8531187715472871,1.0623090086261537,1.0058546439161373,-0.245697147489081,0.021241830065359478,0.45826937412828445,0.18434663774137602,1,0.10045244742696992,0.1274354963649934,0.7882611220066479,0,1,0.009958454184503342,0.01974506373406637,0.03448761591736127,13.284184108386537,-0.009762383909359906,0.1046959199384101,-0.4165221328732347,0.0039374546114743225,1.0,FINNIFTY
FINNIFTY,2024-05-27,22047.95,22310.0,22027.5,22118.75,68300,17360,4240,32251000,27883960,17697005,12423120,60152320,0.864592105671142,0.8783420497023409,19757720,9305800,0.4709956411974661,11709880,18571520,22500.0,0.01723650748799096,0.0039374546114743225,0.02100518378670313,0.03734804712415096,0.01936534929753364,0.012771969482904775,0.3230088495574078,0.0007239469862019212,21695.1275,21480.162,0.019526158580999375,0.02972919850418254,0.00392972312533753,56.69705273754265,0,101.27861573330301,58.66862760256704,42.60998813073597,0.9390647523687171,0.04447216151069543,1,1,83.03016858916743,83.63683398374637,0.010297016913575248,0.10955086197590277,36.666666666666664,0.24024547250139475,0.78769227940209,0.007872745810089298,-0.7597594677310471,9.283339007358851e-05,0.8654569751687472,0.864592105671142,0.9619380998571978,-0.19771690295501176,0.01723650748799096,1.2159551380909503,0.803521671526256,1,0.09967829288085146,0.1265815228631057,0.7874632138049434,0,1,0.010227321864043586,0.02100518378670313,0.03734804712415096,13.218153473218653,-0.0024506799481736063,1.1178294573643348,0.09777169700399457,0.00314213054535184,1.0,FINNIFTY
FINNIFTY,2024-05-28,22041.95,22222.15,22041.95,22188.25,173300,35840,18480,87221720,78306080,54970720,50422120,165563640,0.897781882769567,0.9857474705963609,66246040,38514280,0.5813823739502014,20226800,39786040,22000.0,-0.008484220251709801,0.00314213054535184,0.02561939539613567,0.03141916155138791,0.03177168100441752,0.00812141561412012,0.8118756936732381,-0.0034721672788923094,21729.29,21505.953999999998,0.021121720958208856,0.03172591181028306,0.003137204369597213,65.72824075478572,0,128.2176122959754,72.57842454567603,55.639187750299385,0.9404993699497137,0.04794949187013769,1,1,89.1969831410746,90.23967702685955,0.009961675339747057,0.10914687021801021,35.0,0.276528390094426,0.741552390533545,0.0072179393391901495,-0.624471106282592,0.00031030831645659836,0.9006747022816884,0.897781882769567,0.9647277147679899,0.03318977709842508,-0.008484220251709801,1.7044655979659546,1.8082840457381233,1,0.09533581416996356,0.12118345263993745,0.7867065347160596,0,0,0.008953219942061177,0.02561939539613567,0.03141916155138791,13.717721762742036,-0.0007953240661224825,2.662299239222308,1.8506556992412921,-0.015756087118181883,0.0,FINNIFTY
FINNIFTY,2024-05-29,22118.05,22131.4,21809.65,21838.65,180200,47400,11560,2055920,1401760,1683080,1128320,3505080,0.6818164130900035,0.8168903060770416,1151720,1046400,0.9085541624700448,891560,344760,21700.0,-0.006348835665208309,-0.015756087118181883,0.013667251510847578,0.015781872475214564,-0.0031609602015710836,0.014733053554134526,0.09013209013206212,-0.003163836715378668,21725.8275,21523.451999999997,0.005193012786279372,0.014644398119781243,-0.015881533701856243,56.82289071310556,0,119.98665807635552,82.06007125422623,37.926586822129295,0.6091421736997759,0.04758025802712526,1,1,58.17657497781218,76.80124223601807,0.01094733419877143,0.10456886305100743,6.666666666666667,0.09618339350783009,0.620314060806533,0.010441599536209467,-0.6131434692112495,0.004133848192266094,0.8840569176798664,0.6818164130900035,0.9629011132544202,-0.21596546967956354,-0.006348835665208309,0.019296569707637042,0.014409098246266445,1,0.13427448739287562,0.11828295313500176,1.1351972851582617,0,0,0.009843716980013874,0.013667251510847578,0.015781872475214564,13.451883775070337,-0.018898217663533723,1.870798151983427,-0.9379183980853869,-0.003486937150419145,0.0,FINNIFTY
FINNIFTY,2024-05-30,21800.0,21923.0,21692.4,21762.5,210900,61920,14520,3079200,1850680,1023280,448920,4991800,0.6010262405819693,0.7957256097217448,1385080,1141400,0.8240679238744333,1681960,689280,22000.0,0.010913268236645606,-0.003486937150419145,-0.005922214126981684,0.015075119057058828,-0.006067498350106226,0.010596209075244046,0.30398959236760015,-0.0017697980415456748,21719.185,21542.796000000002,0.0019943197684442193,0.010198490483779299,-0.0034930306850699624,63.663610719322996,0,106.09839797631503,86.86773659962331,19.230661376691714,0.5423768403444966,0.047061549474412115,1,1,51.41969831410369,66.26441881099683,0.010762780011487632,0.10561435096122636,11.666666666666666,0.15651592768223774,0.6147623232047283,0.00883515111099049,-0.500767766035223,0.0014546513069143693,0.8884275692560761,0.6010262405819693,0.8215051301477672,-0.08079017250803422,0.010913268236645606,0.4977236468345072,0.320254537153293,1,0.13495345148840213,0.11887784049837588,1.135227985376493,0,0,0.010185497286399243,-0.005922214126981684,0.015075119057058828,14.494100546768067,0.012269149967762738,1.5458715596330244,-0.9055444864219395,0.006173463526708778,1.0,FINNIFTY
AXISBANK,2024-01-01,1104.95,1112.3,1102.1,1105.9,844800,43365000,30000,10058750,6108750,1132500,400000,59532500,0.6073070709581211,0.5897178383548514,3550625,1781250,0.5016722408026756,5905625,3455625,1100.0,-0.005335021249660991,0.0,0.0,0.0,0.0,0.009223257075685002,0.3725490196042069,0.0,1105.9,1105.9,0.0,0.0,0.0,50.0,0,0.0,0.0,0.0,0.0,0.0,0,0,37.25490196042069,37.25490196042069,0.009223257075685002,0.08782834726869782,100.0,0.0,0.5,0.0,0.0,0.0,0.0,0.6073070709581211,0.6073070709581211,0.0,-0.005335021249660991,0.0,0.0,0,0.0,0.0,0.0,0,0,0.009223257075685002,0.0,0.0,0.0,0.0,-1.1102230246251565e-16,0.0,-0.00736956325165028,0.0,AXISBANK
AXISBANK,2024-01-02,1105.2,1106.8,1088.65,1097.75,1795000,44191875,826875,11341250,7197500,1282500,1088750,62730625,0.6346302215364268,0.7435351931201847,2721250,2047500,0.752411575562701,8048750,3963750,1100.0,0.0020496470052379866,-0.00736956325165028,0.0,0.0,0.0,0.016533819175586304,0.501377410465556,-0.0006329686228411659,1101.825,1101.825,-0.003698409457037255,-0.003698409457037255,-0.007396852639487518,0.0,-1,-0.18285256410263173,-0.1015847578347954,-0.08126780626783633,0.32322330470196164,0.02092136325340394,0,-1,38.47780126833609,37.86635161437839,0.012912776132999276,0.12759774117918196,100.0,0.9999999974855035,0.02994237276697476,0.0,-0.05372065678410953,0.0,0.0,0.6346302215364268,0.6209686462472739,0.0273231505783057,0.0020496470052379866,0.12750093202435692,0.1782279517086147,1,0.0,0.0,0.0,0,0,0.012878538125635653,0.0,0.0,49.999999999894605,0.0,0.3599515114781422,0.02615772335280986,0.007014347529036735,1.0,AXISBANK
AXISBANK,2024-01-03,1094.4,1108.4,1088.45,1105.45,1785300,44167500,-24375,12270625,7455625,929375,258125,63893750,0.6075994499057709,0.610124333925398,4583125,1852500,0.404200190917769,6893750,4696250,1100.0,-0.004930118956081275,0.007014347529036735,0.0,0.0,0.0,0.018046949206205656,0.8521303258102632,-0.003051696652243142,1103.0333333333335,1103.0333333333335,0.0021909280469007975,0.0021909280469007975,0.00698986142940179,48.58044164037842,0,0.005786078763094338,-0.05758031660615206,0.0633663953692464,0.6318844676926826,0.01661247973452682,0,1,71.27882599550854,49.0038430747551,0.014564204622551886,0.14439064957898143,100.0,0.999999998232038,0.36821111877584034,0.014383910780687015,-0.03613111917406908,0.0,0.8942867924100649,0.6075994499057709,0.6165122474667729,-0.027030771630655925,-0.004930118956081275,0.08194643447591755,0.03586314692601598,1,0.16145899806976471,0.16145899806976471,0.9999999993806477,0,0,0.014601341819158987,0.0,0.0,59.579180509257945,0.014383910780687015,0.2103455289146008,0.02967591178139406,0.02162015468813583,1.0,AXISBANK
AXISBANK,2024-01-04,1108.5,1134.65,1105.7,1129.35,2170800,43739375,-428125,12682500,7866875,411875,411250,64288750,0.620293711807609,0.5103027577094981,5443125,1500625,0.27569181306694224,4988750,6125000,1100.0,-0.02598840040731386,0.02162015468813583,0.0,0.0,0.0,0.025634214371098463,0.8169257340213518,0.0027590573974399153,1109.6125,1109.6125,0.017787741215965047,0.017787741215965047,0.02138975409301222,79.49685534591173,1,0.9543412264083599,0.28521153400851995,0.66912969239984,0.8607096687394646,0.04931318109117627,0,1,88.52813852794652,66.09492193059705,0.01715588612918936,0.17554200043468318,100.0,0.9999999988599267,0.7099587800261318,0.014494858969893054,-0.026148125554567025,0.0,0.7628910811960148,0.620293711807609,0.6174576135519819,0.012694261901838089,-0.02598840040731386,0.03356593490551622,0.055159694861262466,1,0.23010099958593025,0.23010099958593025,0.9999999995654082,0,0,0.017359559957143857,0.0,0.0,53.401092403719076,0.014605807159099093,0.31645416091814615,0.026789747275481446,0.009784389250453884,1.0,AXISBANK
AXISBANK,2024-01-05,1127.0,1144.55,1123.35,1140.4,1974400,42186875,-1552500,13071875,9116250,389375,1249375,64375000,0.6973942146784604,0.6319219675451909,5663125,1899375,0.3353934444321819,4816875,7029375,1100.0,-0.0354261662574536,0.009784389250453884,0.0,0.0,0.0,0.018589968432129116,0.8042452830150812,-0.0020808429627661128,1115.77,1115.77,0.022074441865258976,0.022074441865258976,0.009736832074276024,83.95669291338571,1,1.8893855511596485,0.7624170364927918,1.1269685146668567,0.8389986429126043,0.06511660836021337,0,1,92.60249554350717,84.13648668898742,0.017309715889161706,0.1760854871911495,100.0,0.9999999988669472,0.7416608098210266,0.013608494459156018,-0.019946494994219466,0.0,0.9312185798153667,0.6973942146784604,0.6334449337772776,0.07710050287085146,-0.0354261662574536,0.03070175438596491,0.15881465003575118,1,0.18909146672410704,0.18909146672410704,0.9999999994711554,0,0,0.01760564165214091,0.0,0.0,52.21306142295706,-0.011835765437681944,0.15188499819142853,0.02240760115383167,-0.01376709926341635,0.0,AXISBANK
AXISBANK,2024-01-08,1144.9,1148.15,1122.9,1124.7,1663200,40358750,-1828125,13522500,8543125,450625,-573125,62424375,0.6317711222037345,0.7886325946027415,3360625,1711250,0.5092058768830203,8188750,6411250,1100.0,-0.021961411932070813,-0.01376709926341635,0.016999728727733032,0.0,0.0,0.02245043122610474,0.07128712871258716,0.003945983865310417,1117.2583333333334,1117.2583333333334,0.006660649954128628,0.006660649954128628,-0.0138627446285409,64.13533834586457,0,1.7446186376578225,1.0286482797611343,0.7159703578966883,0.6117353428531039,0.05961095016131634,1,1,60.72026800659841,80.6169673593507,0.018367861059245434,0.18256294623729946,100.0,0.9999999989444195,0.5391363685876231,0.01609424297283457,-0.009897001820618301,0.0,0.8149976058663722,0.6317711222037345,0.6383377440264002,-0.06562309247472586,-0.021961411932070813,0.034472866363853695,-0.06286850404497463,0,0.22400427294719305,0.22400427294719305,0.9999999995535799,0,0,0.01841310658113488,0.016999728727733032,0.0,51.99628597896581,-0.023551488513870233,-0.024849758147261425,-0.017596490537828968,-0.005957144127322844,0.0,AXISBANK
AXISBANK,2024-01-09,1129.3,1138.0,1115.65,1118.0,1594300,40280625,-78125,13908750,8350625,386250,-192500,62540000,0.6003864473802463,0.8693199188460552,4585000,3274375,0.7141494002181025,8494375,4657500,1150.0,0.028622540250447227,-0.005957144127322844,0.018446823047141958,0.0,0.0,0.019991055456171653,0.105145413869772,0.004089979550102168,1117.3642857142856,1117.3642857142856,0.0005689409388165423,0.0005689409388165423,-0.005974958694931566,58.26502732240427,0,1.3182064666166298,1.1019277321447547,0.21627873447187507,0.5104543996564102,0.054421196574593045,1,1,49.497487437102905,67.6067503290695,0.01869409660107334,0.18351115238660365,100.0,0.9999999989548802,0.4653427319450487,0.014437385405486359,0.00047668129383031664,0.0006584554028468102,0.8762083876732107,0.6003864473802463,0.6314889891951643,-0.03138467482348828,0.028622540250447227,0.028563505268996116,-0.022532738312970955,0,0.209437794571107,0.209437794571107,0.9999999995225313,0,0,0.018638527848997277,0.018446823047141958,0.0,49.322475584123715,0.007809955136093505,-0.056451749268672136,-0.015185961597134034,-0.005143112701252228,0.0,AXISBANK
AXISBANK,2024-01-10,1119.8,1119.8,1103.55,1112.25,1739200,41719375,1438750,14186875,7673125,278125,-677500,63579375,0.5408608308736068,0.7375647261886062,3769375,2318750,0.6151550323329464,9656250,4783750,1150.0,0.03394021128343448,-0.005143112701252228,0.006151341082816897,0.0,0.0,0.014610024724657226,0.5353846153813235,0.0016100178890876159,1116.725,1116.725,-0.004007253352436679,-0.004007253352436679,-0.005156384028893293,54.0215326155794,0,0.7376201078600388,1.0143777592227443,-0.27675765136270547,0.42115961109006844,0.05082741736665445,1,1,39.865996649849365,50.027917364516895,0.018268150146100243,0.17859026058223906,75.0,0.9485707814151366,0.4181026223794645,0.011723409534563078,0.0008611248851777775,0.0018623793332969568,0.9121611811116598,0.5408608308736068,0.6181412653887314,-0.059525616506639456,0.03394021128343448,0.019996405140648873,-0.08113165182246838,0,0.19578805170526248,0.19578805170526248,0.9999999994892436,0,1,0.01813496495845477,0.006151341082816897,0.0,44.59850126759534,0.0008140314260706161,0.025547283850519742,0.002173261981510466,0.013486176668914274,1.0,AXISBANK
AXISBANK,2024-01-11,1116.35,1129.5,1116.0,1127.25,1229600,41895625,176250,13989375,8021875,-197500,348750,63906875,0.5734262610016531,0.572340955822791,3532500,1613125,0.45665251238499643,8730625,6014375,1150.0,0.0201818585052118,0.013486176668914274,-0.001859476690131423,0.0,0.0,0.011976047904191617,0.8333333333271605,0.0036862216228365106,1117.8944444444444,1117.8944444444444,0.008368907817772442,0.008368907817772442,0.013396047615042306,61.36242682277799,0,1.068556367535166,1.0268932865243756,0.041663081010790304,0.6703561879806533,0.049125939696789904,1,1,64.99162479051077,51.451702959154346,0.017722579532293434,0.17265791659105845,44.44444444444444,0.8865706761959133,0.4921995396834656,0.01252810597677656,0.0010673442456764937,0.0007618304674432402,0.8873504708646976,0.5734262610016531,0.6087677752275402,0.03256543012804625,0.0201818585052118,-0.013921318119740957,0.045450843039830574,0,0.19457691427612947,0.19457691427612947,0.9999999994860643,0,-1,0.017450640841314417,-0.001859476690131423,0.0,42.06145186549932,0.018629289370166502,-0.25209845505048456,0.00854965566626742,-0.002129075182967455,0.0,AXISBANK
AXISBANK,2024-01-12,1130.0,1131.65,1122.4,1124.85,1444800,42493125,597500,14138750,8358125,149375,336250,64990000,0.5911502077623553,0.5425207711801863,3753750,1550000,0.4129204129204129,8668750,6412500,1150.0,0.022358536693781475,-0.002129075182967455,-0.013635566467906202,0.0,0.0,0.008223318664710851,0.2648648648619818,0.002439565313816811,1118.59,1118.59,0.0055963310953968115,0.0055963310953968115,-0.002131344885685537,59.83393876491943,0,1.164144963222725,1.057645629553704,0.10649933366902098,0.6191949201993364,0.046951087227395744,1,1,60.971524288004794,55.276381909454976,0.01680668533582255,0.16565609306616846,40.0,0.8133932279705588,0.46822461041819485,0.013284003259616517,-0.002054032991953192,0.001549887886368775,0.9021594948033731,0.5911502077623553,0.5875189738443192,0.017723946760702214,0.022358536693781475,0.010677746504043246,0.04191663420335021,1,0.1836217364337084,0.1836217364337084,0.9999999994554021,0,0,0.016527908623654063,-0.013635566467906202,0.0,40.22739970220002,-0.015615251851881728,-0.11042151538660461,0.023655998661166855,-0.001644663732942142,0.0,AXISBANK
AXISBANK,2024-01-15,1127.15,1134.5,1118.95,1123.0,1408900,42734375,241250,14764375,8538125,625625,180000,66036875,0.5782923422088643,0.4785673770358947,4068125,1536875,0.37778460593025043,8982500,6618750,1150.0,0.02404274265360641,-0.001644663732942142,-0.0015115141815595923,0.015462519215118764,0.0,0.013846838824576985,0.2604501607700271,0.002044717073387725,1118.990909090909,1118.990909090909,0.0035827734403561795,0.0035827734403561795,-0.0016460176770648734,58.70672097759667,0,1.118332815146914,1.0709236389987993,0.047409176148114796,0.5800106099032354,0.04477872927899587,1,1,57.87269681732337,61.278615298612976,0.016562778272484407,0.16285288204461373,36.36363636363637,0.7840963128647489,0.4513230634205669,0.008670587846847534,-0.011335876651246534,0.0030483311925636677,0.935626816072355,0.5782923422088643,0.5768232178453451,-0.012857865553491,0.02404274265360641,0.04424896118822385,0.021535930606445822,1,0.174057518610558,0.174057518610558,0.9999999994254772,0,-1,0.01699026679854326,-0.0015115141815595923,0.015462519215118764,38.29301187419489,0.0004844114500253127,-0.16164350956532092,0.028441554649250023,-0.0006678539626001623,0.0,AXISBANK
AXISBANK,2024-01-16,1122.45,1131.15,1118.3,1122.25,1095400,43121250,386875,14433750,8560000,-330625,21875,66115000,0.5930544730232961,0.6129384965831408,4886875,2916250,0.5967515027497122,8835000,5295625,1150.0,0.02472711071508131,-0.0006678539626001623,0.003801431127012478,0.02231837850148022,0.0,0.011450211628425161,0.3073929961065575,-0.0004897595725734234,1119.2625,1119.2625,0.0026691683139568045,0.0026691683139568045,-0.0006680770764016642,58.261748357756375,0,1.0283327260174246,1.0617768970843222,-0.033444171066897566,0.5623394176557015,0.04281670272648643,1,1,56.6164154102903,58.48687883853949,0.01614687755253583,0.15905865352633847,33.33333333333333,0.74444207708399,0.4828440987201848,0.007303958773697228,-0.01120203863611371,0.0031274536897391613,0.9612040939995218,0.5930544730232961,0.5753568229739552,0.014762130814431784,0.02472711071508131,-0.022393430131651355,0.0025620379181611887,0,0.16752775621685506,0.16547854344687923,1.0123835551489204,-1,-1,0.016481906043827148,0.003801431127012478,0.02231837850148022,36.60951171708346,0.0009768097703419798,-0.3198765669723518,0.018319038130168108,-0.03577634216974834,0.0,AXISBANK
AXISBANK,2024-01-17,1090.15,1115.65,1080.0,1082.1,4117500,44553125,1431875,15641875,8195625,1208125,-364375,68390625,0.5239541295400967,0.7452851022481328,2286875,2556875,1.118065045094288,12905000,4090000,1100.0,0.01654190925053146,-0.03577634216974834,-0.027107215104517968,-0.021122619747614202,0.0,0.0329451991498014,0.058906030855372035,-0.028603252394742623,1116.4038461538462,1116.4038461538462,-0.030727094207017802,-0.030727094207017802,-0.03643200108443857,41.44500359453626,0,-1.3200550530277724,0.5576985043561398,-1.8777535573839121,-0.056116384062596614,0.055252992157041284,-1,-1,3.0814380043973952,39.19018341067036,0.01846125411415126,0.17529258444607385,61.53846153846154,0.9141061131954376,0.2815809907106792,0.014162850129912741,-0.014762004680442331,0.0035872226472656622,0.755088727143824,0.5239541295400967,0.5719754827072532,-0.06910034348319938,0.01654190925053146,0.08370139430155019,-0.04256717289719626,0,0.25062754147092337,0.23214832650676887,1.0796008962642925,1,1,0.017971731038186722,-0.027107215104517968,-0.021122619747614202,35.11139207625072,-0.03510848820714818,1.2331476670589705,0.03798498585665411,0.015340541539599073,1.0,AXISBANK
AXISBANK,2024-01-18,1074.0,1110.95,1070.0,1098.7,2705100,41378125,-3175000,17516875,9743750,1875000,1548125,68638750,0.5562493310022478,0.6635999567052702,5837500,3932500,0.673661670235546,11072500,5050000,1100.0,0.001183216528624697,0.015340541539599073,-0.02532712353071631,-0.027139505025014277,0.0,0.0372713206516793,0.7008547008529896,-0.0074854449681174655,1115.1392857142857,1115.1392857142857,-0.01474191244527423,-0.01474191244527423,0.015224065129232411,47.6878612716763,0,-2.098637393307854,0.0019910526307894004,-2.1006284459386433,0.2357596797296299,0.05578979177065605,-1,-1,36.72424824051604,32.140700551734575,0.0195458268863202,0.19413894260525383,100.0,0.99999999905936,0.252045255992018,0.020660368997748924,-0.014457407527017407,0.003924197770451696,0.827518417106203,0.5562493310022478,0.568540096707372,0.032295201462151146,0.001183216528624697,0.11987053981699765,0.18889651490886905,1,0.23557339248780015,0.2346037725678634,1.0041330103472355,1,1,0.019135441666244805,-0.02532712353071631,-0.027139505025014277,34.25496316246042,0.051116883709347416,0.4258080158546098,0.026999629680889647,0.01829434786565942,1.0,AXISBANK
AXISBANK,2024-01-19,1106.25,1126.25,1103.95,1118.8,2901000,37700625,-3677500,17154375,10666875,-362500,923125,65521875,0.6218165919772652,0.7376242676628478,7079375,3392500,0.479208969718372,8671875,6836875,1100.0,-0.016803718269574504,0.01829434786565942,-0.005378494910432408,-0.018940722553490108,0.0,0.019932070075080403,0.6659192825082219,0.006871757531628247,1115.3833333333334,1115.3833333333334,0.0030632219117492365,0.0030632219117492365,0.018129019620969397,53.66894197952213,0,-1.4662623664821695,-0.30236832477517916,-1.1638940417069903,0.556878635712396,0.05385540411321194,-1,-1,62.4440179141874,34.08323471970028,0.020302364778589307,0.1939090550083953,93.33333333333333,0.9978375843356487,0.29207126940720174,0.018128079892584647,-0.001985740622363452,0.006448521280868386,0.8115107130071898,0.6218165919772652,0.5746733735503541,0.06556726097501742,-0.016803718269574504,-0.020694330467049632,0.09474021808851828,0,0.2514841256332991,0.23894823792119949,1.0524627748499547,1,1,0.019269651830539934,-0.005378494910432408,-0.018940722553490108,35.031057595026894,0.0029538063260603487,0.4578622041308609,-0.021194155268194792,-0.030121558813014038,0.0,AXISBANK
AXISBANK,2024-01-23,1124.7,1142.55,1076.75,1085.1,4312300,25054375,-12108750,19969375,10391250,2696250,-688125,55415000,0.5203593001783982,0.6762470816939655,3795625,3130625,0.8247982875020583,15596875,5412500,1100.0,0.01373145332227453,-0.030121558813014038,-0.03374888691006239,-0.03520938917044558,0.0,0.06063957238964147,0.12689969604843807,0.005273507329281455,1113.490625,1113.490625,-0.025496959168381017,-0.025496959168381017,-0.030584533701642803,46.858703749689575,0,-3.011884649040212,-0.8599665853696591,-2.151918063670553,0.0662828019652137,0.05878706051758163,-1,-1,19.3218170185292,39.49669439107755,0.024069539344629208,0.23502519347328835,100.0,0.9999999993206375,0.21514917766393116,0.02771437893831428,0.032086292798834994,0.00862960143452338,0.8932938948216445,0.5203593001783982,0.5630867651442608,-0.10145729179886709,0.01373145332227453,0.15717564761176084,-0.06451045878010195,0,0.28451328427121386,0.2630995182508039,1.0813903653440289,1,1,0.023088565946893607,-0.03374888691006239,-0.03520938917044558,29.18709564477677,-0.04841590667867346,0.9124893006506092,-0.14504464543999385,-0.024375633582158107,0.0,AXISBANK
AXISBANK,2024-01-24,1037.0,1071.55,1022.25,1058.65,4847100,11707500,-13346875,21221875,10181250,1252500,-210000,43110625,0.47975261375349726,0.8002302469041467,1933125,2000000,1.0345942450695118,18823750,4749375,1100.0,0.039059179143248385,-0.024375633582158107,-0.05667186455780793,-0.05308586762075129,0.0,0.04656874321069281,0.7383367139944481,-0.044327711731637555,1110.264705882353,1110.264705882353,-0.04648864870592584,-0.04648864870592584,-0.024677637124216414,39.368468877782846,0,-5.790106244663548,-1.8687093857274568,-3.921396858936091,-0.12373919315693313,0.07453219104385858,-1,-1,28.911834789492577,36.89255657406972,0.027565430366167147,0.25268223362097153,100.0,0.9999999993934022,0.1285190611919899,0.02866820203041707,0.07673100552539876,0.00899489639988538,0.9344956456635509,0.47975261375349726,0.5404263932903011,-0.040606686424900895,0.039059179143248385,0.06272104159494225,-0.020209310718152292,0,0.3034820170336853,0.2703942331888573,1.122368673852156,1,1,0.02574633472234572,-0.05667186455780793,-0.05308586762075129,26.36858701379766,0.0057459252308559305,0.8786553957420089,-0.28405951137894603,-0.014830208284135504,0.0,AXISBANK
AXISBANK,2024-01-25,1056.0,1063.55,1026.55,1042.95,2447500,895000,-10812500,22366250,9047500,1144375,-1133750,32308750,0.4045157324093221,0.6502562561559896,2011875,1611875,0.8011804908356632,20001875,4141250,1100.0,0.05470060884989688,-0.014830208284135504,-0.036179650679234676,-0.06230613621038428,0.0,0.03547629320676926,0.4432432432420477,-0.002503188022481548,1106.525,1106.525,-0.057454644043288705,-0.057454644043288705,-0.014941275288808842,29.613025011798086,-1,-8.836577089833781,-3.2878478524280004,-5.548729237405781,-0.1212386284471654,0.09248401727189781,-1,-1,16.441620333585057,21.558424047202276,0.028514584317834706,0.25813183013431645,100.0,0.9999999994128129,0.08295646385316745,0.02355558944859195,0.13372720058386292,0.005807077713311945,0.9703586298659992,0.4045157324093221,0.5165387138641461,-0.07523688134417517,0.05470060884989688,0.05392431158886762,-0.11135666052793125,0,0.3072380966819612,0.26601693651441743,1.1549569008355751,1,1,0.027832961570556924,-0.036179650679234676,-0.06230613621038428,28.02912600999594,0.009545425298022603,-0.07673562385888677,-0.39038944131021336,0.035524234143535116,1.0,AXISBANK
AXISBANK,2024-01-29,1077.5,1086.0,1075.0,1080.0,1000,3750,3750,10512500,5796250,-455625,440000,16312500,0.5513674197384066,0.5233944745346126,3179375,1000000,0.3145272262630234,6189375,4063125,1100.0,0.018518518518518517,0.035524234143535116,-0.01702011468098663,-0.041916167664670656,0.0,0.010185185185185186,0.45454545454132234,0.0331271873052399,1105.128947368421,1105.128947368421,-0.022738475386296808,-0.022738475386296808,0.034907804905128806,37.30559058427909,0,-8.693624236648475,-4.384812049428414,-4.30881218722006,0.25457137484893183,0.09264801680050046,-1,-1,45.8697378871756,30.40773100341774,0.02898148148148147,0.25223181840758285,89.47368421052632,0.9653558945243373,0.18661097311807046,0.02340310119225659,0.23347397473069184,0.009935133887107112,0.8516585546156914,0.5513674197384066,0.5155623316113779,0.14685168732908455,0.018518518518518517,-0.020371094841558152,0.0486322188449848,0,0.36191431074713143,0.2961654256337928,1.222000541928337,1,1,0.02765387529865628,-0.01702011468098663,-0.041916167664670656,28.104200243732254,0.05035444242767062,-0.9996044397680435,-0.6164810297704764,-0.004166666666666652,0.0,AXISBANK
AXISBANK,2024-01-30,1080.0,1080.0,1075.0,1075.5,1300,7500,3750,11397500,6424375,885000,628125,17829375,0.5636652774731301,0.587326120556412,1893750,745625,0.3937293729372937,8336250,4565000,1100.0,0.02278010227801023,-0.004166666666666652,-0.038702180908115835,-0.04387251633551137,0.0,0.004649000464900047,0.099999999998,0.0,1103.6475,1103.6475,-0.02550406719536813,-0.02550406719536813,-0.0041753714104806215,39.14865460961622,0,-8.771865120654638,-5.272456507515394,-3.499408613139244,0.227042800161089,0.09343614020967472,-1,-1,44.26433915208292,35.52523245761453,0.027757853490071052,0.24604410733139767,85.0,0.9290224563090169,0.17702729971271647,0.030750520089084875,0.2057943045768776,0.007896162839874314,0.8542292959578289,0.5636652774731301,0.5039320687105509,0.012297857734723472,0.02278010227801023,0.08418549346016647,0.10836747897347423,1,0.3617577976635601,0.2880305187497588,1.2559703711545183,1,1,0.027296443478675204,-0.038702180908115835,-0.04387251633551137,28.12081663007683,-0.03969090081020177,-0.9994546316456281,-0.45963812973079454,0.015202231520223153,1.0,AXISBANK
AXISBANK,2024-01-31,1075.5,1101.65,1075.5,1091.85,3800,11875,4375,10251875,6415625,-1145625,-8750,16679375,0.6258001585075901,0.5770982433311632,2731250,926875,0.33935926773455377,5656250,5011875,1100.0,0.007464395292393728,0.015202231520223153,0.006220624827204757,-0.02773820124666082,-0.012704584501311289,0.02395017630626926,0.6252390057337411,0.0,1102.945,1103.0857142857142,-0.010059431793969842,-0.010185712805636071,0.015087835524591873,44.46795007404271,0,-7.64547737539192,-5.751478882670734,-1.8939984927211855,0.3929328902749976,0.09395445361178316,-1,-1,57.85536159596183,49.329812878406784,0.02759078628016669,0.25054888056359303,85.71428571428571,0.9554739014218853,0.2562655294031087,0.024941118390728146,0.18784398023288185,0.006008513131329659,0.8747919519120924,0.6258001585075901,0.5250202403763893,0.062134881034459966,0.007464395292393728,-0.10051546391752578,-0.0013620001945714563,-1,0.3747955022397527,0.2864096770991915,1.3085992970101035,1,1,0.028306777226844427,0.006220624827204757,-0.02773820124666082,28.205679523473744,0.019368898186889805,-0.9983059914407989,-0.3393816372502909,0.012318541924257076,1.0,AXISBANK
AXISBANK,2024-02-01,1080.0,1106.5,1080.0,1105.3,2100,18750,6875,10477500,6973125,225625,557500,17469375,0.6655332856120257,0.5164465899947926,2821875,698125,0.24739756367663343,5123125,5962500,1100.0,-0.004795078259296078,0.012318541924257076,0.0440655551882112,-0.015103586544887526,0.006877704395354067,0.023975391296480596,0.9547169811284711,-0.010853139167467976,1103.3224999999998,1103.1863636363635,0.0017923136707538312,0.0019159377176032333,0.01224328608453318,48.57611145257119,0,-5.780141321727342,-5.757253983202661,-0.022887338524681056,0.5191011413921485,0.09383280474764837,-1,-1,69.03574397334245,57.051814907129064,0.027917436765713254,0.2533825945463947,95.45454545454545,0.9721131030016542,0.3173461620460772,0.024368671263750176,0.1339631007260268,0.0011434115972859017,0.877820690399613,0.6655332856120257,0.5621763747480949,0.03973312710443566,-0.004795078259296078,0.022008169237334636,0.08689722357525573,1,0.3822249615872695,0.2886496037627736,1.3241832189348244,1,1,0.029559295193649977,0.0440655551882112,-0.015103586544887526,29.352971504879,-0.002883689595966077,-0.9990158725695567,-0.1317354108810318,-0.01388763231701795,0.0,AXISBANK
AXISBANK,2024-02-02,1106.55,1114.0,1089.6,1089.95,4200,22500,3750,12327500,7097500,1850000,124375,19447500,0.5757452849320625,0.556988582407631,4258750,1528750,0.3589668329909011,6848750,5099375,1100.0,0.009220606449837106,-0.01388763231701795,0.04506448055995005,0.007254412716015235,-0.014021439232891564,0.02238634799761465,0.014344262295028718,0.0011309146837962544,1102.5475000000001,1102.6108695652174,-0.011425811586348922,-0.011482627203022067,-0.013984967705485468,42.36906710310966,0,-5.307808360220179,-5.666831096091944,0.3590227358717657,0.3790861802739666,0.09449549780390656,-1,-1,56.27597672480781,61.05569409803736,0.02877917073522377,0.2548185232545147,95.65217391304348,0.9805446904425869,0.42029822489641927,0.02770082105240066,0.06120396972045912,0.0006522494907465516,0.8729339322073126,0.5757452849320625,0.596422285252643,-0.08978800067996329,0.009220606449837106,0.17656883798616083,0.01783633593259837,1,0.34038133435173756,0.2919104341870223,1.1660471650597322,1,1,0.028503410078431296,0.04506448055995005,0.007254412716015235,29.86563229370153,-0.026206174241275026,-0.9975617402208367,0.10826963762902397,-0.006651681269782994,0.0,AXISBANK
AXISBANK,2024-02-05,1097.0,1099.0,1082.7,1082.7,4600,33125,10625,13359375,7017500,1031875,-80000,20410000,0.5252865497076024,0.5445144743663186,4633750,1393125,0.3006474237928244,7464375,5024375,1100.0,0.01597857208829773,-0.006651681269782994,0.0024999999999999467,-0.014562664967689098,-0.0413069464736352,0.015054955204581097,0.0,0.006468186614064823,1100.215,1101.78125,-0.01591961571147449,-0.017318546671582946,-0.00667390229457159,41.54463390170514,0,-5.376723631398136,-5.608534304337744,0.23181067293960833,0.32898821127818245,0.09309075023711129,-1,-1,50.24937655856178,58.520365752237346,0.02943698953674016,0.2508216505064454,79.16666666666666,0.9570755712063337,0.3168592958721122,0.019077122776313526,-0.04771563780732613,0.005060633006143371,0.8943083866617614,0.5252865497076024,0.5912061112464821,-0.050458735224460094,0.01597857208829773,0.08370513080511052,-0.011271574498062698,0,0.33211428436719687,0.2804643836040402,1.1841585016287137,1,-1,0.026281773533721475,0.0024999999999999467,-0.014562664967689098,30.496275937488594,0.007235951047234956,-0.996833024667984,0.11122453840761692,-0.00877436039530799,0.0,AXISBANK
AXISBANK,2024-02-06,1077.0,1086.5,1072.85,1073.2,3000,39375,6250,14773125,7326875,1413750,309375,22139375,0.4959597241612726,0.5535473023688697,3210625,1290625,0.4019855947050808,10498125,4991250,1100.0,0.024972046216921312,-0.00877436039530799,-0.0021385402138539567,-0.040757954951733955,-0.05892669238863557,0.01271897130078279,0.02564102564084762,-0.005264616237184857,1096.855,1100.638,-0.021566205195764243,-0.02492917744072065,-0.008813081765383465,40.307512650836905,0,-6.027396888322073,-5.692624504930463,-0.3347723833916101,0.25799671996615137,0.08911534253904045,-1,-1,42.35245220279111,49.625935162053565,0.02957110909962197,0.24909711863320982,72.0,0.9469493433500089,0.18954346168588368,0.011563478439378171,-0.04606428648641627,0.004311140159917114,0.8964090985017048,0.4959597241612726,0.5776650005841106,-0.02932682554632976,0.024972046216921312,0.10582456140350877,0.04408621303883149,1,0.3148152628299277,0.27788330011366474,1.132904577525407,0,-1,0.025560463656291714,-0.0021385402138539567,-0.040757954951733955,31.608461776551234,-0.0021226791255249955,-0.9974197765526495,0.15134594007787672,0.015607528885575928,1.0,AXISBANK
AXISBANK,2024-02-07,1085.15,1092.05,1080.5,1089.95,4400,38125,-1250,13987500,7161250,-785625,-165625,21186875,0.5119749776586238,0.45644391408114454,5458125,1419375,0.26004809343868085,7020000,5150625,1100.0,0.009220606449837106,0.015607528885575928,-0.0017401657736867415,0.004469634135102929,-0.030897128123055007,0.010596816367723248,0.8181818181747416,0.01113492359299296,1095.1175,1100.2269230769232,-0.004718671740703617,-0.009340730408761933,0.015486984059955194,44.082081348479306,0,-5.287150077291926,-5.611283782152876,0.32413370486094983,0.44519622836689626,0.08610122260078212,-1,-1,56.27597672480781,49.625935162053565,0.029509872667815688,0.24559297827565463,65.38461538461539,0.9263734849087425,0.40462712547919644,0.012566076658176994,-0.05035976713320025,0.004460204943532487,0.8704102323286689,0.5119749776586238,0.5548999644143173,0.016015253497351167,0.009220606449837106,-0.05317933747937555,-0.02260513520429924,-1,0.29129368909218956,0.2821577332926816,1.032378895271296,0,0,0.020556188054099894,-0.0017401657736867415,0.004469634135102929,32.5303571481145,0.024381889280883917,-0.9939882497608963,0.0524698065758018,-0.03165282811138126,0.0,AXISBANK
AXISBANK,2024-02-08,1090.0,1093.85,1050.95,1055.45,8000,62500,24375,17905625,7700625,3918125,539375,25668750,0.43006736709832805,0.4950105517033456,3258750,1933750,0.5934023782125047,14167500,4259375,1100.0,0.042209484106305324,-0.03165282811138126,-0.04510087758979453,-0.003022717612053083,-0.05594812164579599,0.04064616988014578,0.10489510489486072,4.587366392949633e-05,1091.99,1098.5685185185184,-0.03346184488868942,-0.039249730710166464,-0.03216460735934473,45.01403180542565,0,-7.09404394420676,-5.908554571228313,-1.1854893729784468,0.12726266878397618,0.08977325877055206,-1,-1,27.59767248543014,42.07536713767636,0.030518465380372613,0.25651986110298003,96.29629629629629,0.9905347259887699,0.3703993343673649,0.021441410138375215,-0.08319502281099847,0.0020638124259351916,0.8502309849146179,0.43006736709832805,0.5078067807115778,-0.08190761056029572,0.042209484106305324,0.28011617515638965,0.07531855472159191,1,0.3104244113096971,0.3017060840751613,1.0288967561206828,1,1,0.01996393072104519,-0.04510087758979453,-0.003022717612053083,33.320304460842905,-0.04726035699695719,-0.9677406347030122,0.17906111481132725,0.016343739637121546,1.0,AXISBANK
AXISBANK,2024-02-09,1057.75,1073.3,1057.65,1072.7,5300,71875,9375,16276250,7869375,-1629375,168750,24217500,0.4834882113508947,0.40380562659846464,3601875,1016875,0.282318237029325,11019375,5828750,1100.0,0.025449799571175494,0.016343739637121546,-0.01582641405569063,0.028524857375713086,-0.03555855248370421,0.014589353966626143,0.9616613418468958,0.0021791652849495044,1090.0125,1097.6446428571428,-0.01588284538021356,-0.022725608893068072,0.01621161835130403,45.14744307577454,0,-7.186794066079074,-6.164697923497794,-1.0220961425812796,0.3224896479260629,0.08947560068850263,-1,-1,41.93682460511898,41.93682460511898,0.028489525762761498,0.2565382155790746,96.42857142857143,0.9906425010957433,0.517023884981626,0.02579948883982077,-0.049240724358151876,0.0004630770543674091,0.8303439797434137,0.4834882113508947,0.4893553659953443,0.05342084425256666,0.025449799571175494,-0.09099794059129464,0.02191380569758948,0,0.3085323140478411,0.3089541464193112,0.9986346437611455,1,1,0.01787523679703088,-0.01582641405569063,0.028524857375713086,33.43274590220093,0.047996567748502805,0.40583554376654085,0.06570001540187898,-0.00680525776079044,0.0,AXISBANK
AXISBANK,2024-02-12,1070.0,1075.15,1056.95,1065.4,3600,83125,11250,17603750,7626875,1327500,-242500,25313750,0.433252858055812,0.38568486096807325,4691875,1653125,0.3523378180364993,12130625,4831875,1100.0,0.03247606532757641,-0.00680525776079044,-0.015978572088297782,-0.013518518518518485,-0.05486804169438897,0.017082785808147215,0.4642857142831647,-0.002517013144402019,1086.92,1096.5327586206897,-0.019799065248592318,-0.028392000490574443,-0.006828519120484697,39.533516268130164,0,-7.7018150444655475,-6.472597799672354,-1.229217244793194,0.2691934777669862,0.08578208733906008,-1,-1,35.86866167910577,35.13438625655163,0.028057872294778605,0.2578360640085165,96.55172413793103,0.9982632990197876,0.3179299895315219,0.028982098109956177,-0.04839565032454833,0.0007730158484333012,0.8477355840710031,0.433252858055812,0.47094862766498624,-0.05023535329508272,0.03247606532757641,0.08156055602488288,-0.030815661980779924,0,0.2514271708517074,0.3041467985637224,0.8266638740120226,1,1,0.018564996859327085,-0.015978572088297782,-0.013518518518518485,35.045050144188984,-0.023148997397911986,-0.1066997518610644,0.0678541673258033,0.025248732870283286,1.0,AXISBANK
AXISBANK,2024-02-13,1070.0,1093.5,1066.95,1092.3,8500,61875,-21250,16208750,7756250,-1395000,129375,24026875,0.47852240302305854,0.48278905560458885,5906250,880000,0.14899470899470899,7032500,6362500,1100.0,0.00704934541792552,0.025248732870283286,0.017797241893402926,0.015620641562064108,-0.028937191625550085,0.02430650920076898,0.9548022598834077,0.004317627182278871,1085.2925,1096.3916666666667,0.006456784691684536,-0.0037319388600485226,0.024935249366598515,51.44985904148209,0,-6.060734545548257,-6.39012305005275,0.3293885045044931,0.5811235081470033,0.07959202996905164,-1,-1,76.34877384187858,51.38475337536778,0.024901583813970504,0.26252401035231887,100.0,0.9999999994275759,0.4562833270407325,0.03496836041106592,-0.02128190135524972,0.0029047438864885852,0.8206981810450894,0.47852240302305854,0.46746116343734345,0.045269544967246556,0.00704934541792552,-0.07924447915927005,0.01696304187494878,0,0.2832141699010823,0.31987887427257,0.8853794126185915,1,1,0.020530747732913975,0.017797241893402926,0.015620641562064108,34.47215026775475,0.032053990631073725,0.7894736842104886,-0.0023201254009612704,0.019866337086881014,1.0,AXISBANK
AXISBANK,2024-02-14,1084.3,1116.5,1084.0,1114.0,7300,51875,-10000,15613750,9136250,-595000,1380000,24801875,0.5851413017372509,0.6516228276484565,3920000,735000,0.1875,6057500,8094375,1100.0,-0.012567324955116697,0.019866337086881014,0.022065232350107822,0.02028666941429691,-0.00801424755120217,0.02917414721723519,0.9230769230740828,-0.007323995239403094,1084.8425,1096.9596774193549,0.026877173414574074,0.015534137609080734,0.019671576637732,61.363169780332576,0,-3.1217037723276917,-5.735791175606653,2.614087403278961,0.8496282201342257,0.07687358132640809,-1,-1,97.2206781544222,69.81270455846885,0.02247050525775839,0.2683636634400779,100.0,0.9999999994460917,0.4782206313711334,0.031168461711569596,-0.0363375897358799,0.0029769399351113578,0.8168271861530185,0.5851413017372509,0.48209442825306886,0.10661889871419233,-0.012567324955116697,-0.036708567903138735,0.17792103142626914,0,0.2903212740456639,0.3285439905866721,0.883660277696387,1,1,0.021053144824010567,0.022065232350107822,0.02028666941429691,34.44354077449846,-0.005382395783402272,0.43137254901957967,-0.00015621378107899542,-0.018895870736086118,0.0,AXISBANK
AXISBANK,2024-02-15,1111.0,1111.0,1090.05,1092.95,8800,76875,25000,17571250,9476250,1957500,340000,27124375,0.5393042612221669,0.9005708653332773,6857500,1247500,0.18191760845789282,7965000,7748750,1100.0,0.006450432316208385,-0.018895870736086118,0.035529868776351226,-0.0111734370759069,-0.026108264646914625,0.019168305960931466,0.13842482100172995,-0.0026929982046678637,1083.3775,1096.834375,0.00883579361764486,-0.003541441705818049,-0.019076679011217915,60.044194455604675,0,-2.3386927886072044,-5.055832779663795,2.717139991056591,0.6257399428362781,0.07027038042391869,1,-1,64.07322654452472,79.21422618027516,0.022050414017109648,0.27031979780734444,100.0,0.9999999994520291,0.3314057575998817,0.029468831876771583,-0.012757979800846031,0.002095938479945176,0.8064587766609107,0.5393042612221669,0.5039418070778365,-0.04583704051508397,0.006450432316208385,0.1253702665919462,0.037214393213845946,1,0.3018027319281133,0.33519357163665553,0.9003834123800688,1,1,0.020572436290455656,0.035529868776351226,-0.0111734370759069,33.06950604269946,-0.03876220782296713,0.5251299826689511,0.0807869505665546,-0.005672720618509541,0.0,AXISBANK
AXISBANK,2024-02-16,1087.75,1094.0,1079.0,1086.75,13900,108125,31250,18405000,9203750,833750,-272500,27716875,0.500067916327085,0.7900925096985962,7683125,1521875,0.19808020824859676,8723750,7153750,1100.0,0.012192316540142627,-0.005672720618509541,0.013097790621795502,-0.0029359144914904434,0.004297199889104597,0.013802622498274672,0.5166666666632223,-0.0047577656800403,1083.6100000000001,1096.5287878787879,0.002897721504969475,-0.008917949065162856,-0.005688871607109909,51.54781013529007,0,-2.1587803373770384,-4.47605481326289,2.317274475885852,0.5412196642469934,0.0702994931631642,1,-1,54.61479786414243,71.96956752102977,0.020332577475434613,0.2629561278061013,93.93939393939394,0.9596492324682976,0.3700440378450443,0.02251414835058634,-0.028434267798043145,0.0006198515524079434,0.848287596171218,0.500067916327085,0.5072577480730747,-0.039236344895081876,0.012192316540142627,0.047449669203955325,-0.028756100778261445,0,0.29468356029069664,0.30998464307168483,0.9506392228839746,1,0,0.01971406374052166,0.013097790621795502,-0.0029359144914904434,30.899358216762245,0.013223150117576576,1.0623145400593166,0.07443282584046429,-0.004324821716126137,0.0,AXISBANK
AXISBANK,2024-02-19,1083.5,1088.0,1080.0,1082.05,7200,122500,14375,19709375,9171250,1304375,-32500,29003125,0.46532424290470903,0.4863501809012156,8838750,1483125,0.16779804836656767,8833750,7172500,1100.0,0.016588882214315464,-0.004324821716126137,0.01562793317063993,-0.0006003509744159086,-0.01515427323200158,0.007393373688831385,0.2562499999967912,-0.0029905682079595123,1082.7775,1096.1029411764705,-0.0006718831892978949,-0.012820822432414225,-0.004334200809269918,51.50057273768614,0,-2.34317954166022,-4.049263349960506,1.7060838083002858,0.4902797552600981,0.06912204448773172,1,-1,47.44469870320745,55.37757437062487,0.020618930997379308,0.25096486510139127,64.70588235294117,0.8939406052271561,0.38098826400655644,0.018153928651480623,-0.028662246659969838,0.0006034328386537967,0.8222074194253124,0.46532424290470903,0.5136720250428541,-0.034743673422376,0.016588882214315464,0.0708706873132301,-0.0035311693603150888,0,0.2934725949404627,0.30523303376973193,0.9614706220353318,0,0,0.018947905588946688,0.01562793317063993,-0.0006003509744159086,28.54113457685241,0.0013478989023834043,0.028571428571413815,0.09302939084309658,0.020100734716510305,1.0,AXISBANK
AXISBANK,2024-02-20,1079.05,1104.85,1079.05,1103.8,12000,100000,-22500,18118125,10561875,-1591250,1390625,28780000,0.5829452550967609,0.4785289747399696,6131250,896250,0.14617737003058104,7256875,9280625,1100.0,-0.003442652654466348,0.020100734716510305,0.010528243156642025,0.02851285874021614,-0.013407222023596677,0.023373799601377022,0.9593023255776789,-0.0027725151333117693,1082.0275,1096.3228571428572,0.020121946993029383,0.00682020155689278,0.019901381945769278,52.67158506595127,0,-0.8325165438047861,-3.405652909317716,2.57313636551293,0.8119425739490368,0.06450529255503828,1,1,80.62547673519347,60.89499110084779,0.020189993011156253,0.2523945326850073,68.57142857142857,0.9017747672035815,0.5168003162820222,0.016628241811793166,-0.03729101849766068,0.002134221542665883,0.8227254612230157,0.5829452550967609,0.5345565954575945,0.11762101219205184,-0.003442652654466348,-0.08073569050261614,0.15162873108900096,0,0.30462588970023863,0.30677856040524104,0.9929829815960505,0,-1,0.020013388419006108,0.010528243156642025,0.02851285874021614,27.166686809628086,0.02442555643263644,0.5189873417721327,0.04710708470907132,-0.006115238267802137,0.0,AXISBANK
AXISBANK,2024-02-21,1103.8,1104.0,1093.0,1097.05,8300,114375,14375,17760000,10195000,-358125,-366875,28069375,0.5740427927927928,0.6884973962707863,7095625,1440000,0.20294195366863385,7710000,8228750,1100.0,0.002689029670479965,-0.006115238267802137,-0.015215439856373525,0.0065140602779942824,0.011012809879273888,0.0100268902967048,0.36818181817846696,0.0,1082.625,1096.3430555555556,0.013324096524650608,0.0006448204700728599,-0.006134012917442003,48.09864023968657,0,-0.1488612982595896,-2.754083140627148,2.6052218423675586,0.703035508482179,0.06562446452934238,1,1,70.32799389768057,66.13272311202716,0.01930501930501929,0.21947611848635187,44.44444444444444,0.7213914446783114,0.414628753668022,0.0207949572519752,-0.025901583837061825,0.003909157082526883,0.7640722007800848,0.5740427927927928,0.5323368936687028,-0.008902462303968073,0.002689029670479965,-0.019766118182758977,-0.03473578318243683,-1,0.29887973431421877,0.2872452605733712,1.0405036226309656,0,-1,0.019956395811904264,-0.015215439856373525,0.0065140602779942824,26.058174139823603,-0.02621597298431244,0.0012062726175994243,-0.0024654613300164607,0.017683788341461337,1.0,AXISBANK
AXISBANK,2024-02-22,1105.0,1124.0,1100.0,1116.45,23200,116875,2500,18200000,11816875,440000,1621875,30133750,0.6492788461538461,0.5539397925082873,6004375,1233750,0.20547517435203497,6655625,10265000,1100.0,-0.014734202158627833,0.017683788341461337,0.02150144105402818,0.05779525320953138,0.054597836867708915,0.021496708316539027,0.6854166666638127,0.007246707078073056,1085.5149999999999,1096.8864864864865,0.028497994039695662,0.017835495062190843,0.017529249386070634,55.99547511312217,0,1.8530300342097235,-1.832421228547238,3.6854512627569616,0.9215031287301855,0.06761039740194427,1,1,89.66461327845363,80.20602797044255,0.019132710184705328,0.2005124142763363,43.24324324324324,0.6174758686683107,0.6466801843850627,0.017802321009234467,-0.021882252400697744,0.0041263849689751435,0.7234452239983723,0.6492788461538461,0.5543318106550388,0.07523605336105332,-0.014734202158627833,0.024774774774774775,0.1590853359489946,1,0.2469423105142451,0.2771632288838538,0.89096346373072,0,-1,0.01804144965554359,0.02150144105402818,0.05779525320953138,25.40244891891092,0.023799026609263474,1.364933741080506,0.0484723279330217,-0.005911594787048391,0.0,AXISBANK
AXISBANK,2024-02-23,1109.0,1122.3,1108.0,1109.85,8800,135625,18750,18468125,11281875,268125,-535000,29885625,0.610883617042878,0.7467689822294009,7509375,1861250,0.2478568456096546,6937500,9103125,1100.0,-0.008875073208091102,-0.005911594787048391,0.021256038647342823,0.03463223641279001,0.06414497339277991,0.012884624048294775,0.12937062936971874,-0.006672936539925698,1088.8600000000001,1097.2276315789475,0.019277042043972292,0.011503873998222724,-0.005929137434359917,56.16065350578621,0,2.8976708865257024,-0.8862062843773657,3.783877170903068,0.8250093304889873,0.05931227271196699,1,1,80.62970568092987,80.20743761902135,0.019117770097632224,0.18776253129085016,36.84210526315789,0.5476102232319537,0.5420037277182155,0.019876767611421098,-0.015866663569681562,0.0037171652103095976,0.6918699136481867,0.610883617042878,0.5764949507981973,-0.038395229110968154,-0.008875073208091102,0.014732142857142857,-0.04527423705505897,0,0.24545936995143824,0.2713841540407547,0.9044720047439819,0,-1,0.01787097666371045,0.021256038647342823,0.03463223641279001,24.922888092291828,-0.023595383128509728,-0.13385826771654397,0.024379271192613405,-0.010091453800062933,0.0,AXISBANK
AXISBANK,2024-02-26,1103.5,1106.0,1092.55,1098.65,10900,173125,37500,18369375,10318125,-98750,-963750,28860625,0.5617025620087782,0.7935753276482258,9031250,2462500,0.2726643598615917,6981250,7497500,1100.0,0.0012287807764073263,-0.010091453800062933,0.015341250404325324,0.031208935611038102,0.017268518518518627,0.01224229736494793,0.4535315985096478,-0.0057214938955713925,1089.7925,1097.2641025641026,0.008127694033497335,0.0012630481874500443,-0.010142717696393633,55.73069128574647,0,2.829333905158137,-0.14297475595089842,2.9723086611090355,0.6371502474783887,0.0592612421987756,1,1,65.29774127301133,78.53068674413161,0.019549967167497746,0.1883191514666522,38.46153846153847,0.5506603396831853,0.5265473274346909,0.020443159633547325,0.0002741709091415467,0.0010277363669331466,0.7636268054363397,0.5617025620087782,0.5957706146190112,-0.04918105503409975,0.0012287807764073263,-0.0053470506616129145,-0.08542463021439256,-1,0.2498441281658732,0.24661149929471524,1.0131081834346416,0,-1,0.017386927819390524,0.015341250404325324,0.031208935611038102,23.947283982029187,-0.004179859013014542,0.0009182736455370932,-0.009786976716259166,-0.0030036863423293925,0.0,AXISBANK
AXISBANK,2024-02-27,1094.65,1102.8,1090.0,1095.35,8100,181250,8125,17590000,9821875,-779375,-496250,27593125,0.5583783399658897,0.5830090137323293,7639375,2051250,0.2685101857154545,7626875,7263125,1100.0,0.00424521842333509,-0.0030036863423293925,-0.007655372350063416,0.002792273185022287,0.0184565318456531,0.011685762541653313,0.417968749996729,-0.0036408319300960264,1090.785,1097.21625,0.0041850593838381744,-0.0017008953339873178,-0.0030082064617675424,51.29434324065193,0,2.4912784271800774,0.3839459204467592,2.1073325067333184,0.5721042996553263,0.05804174513574225,1,1,60.78028747424929,68.90257814273016,0.01921434114340489,0.18969885031527203,40.0,0.5582206875449148,0.3936639890369147,0.016975601838566744,0.007519137169944656,0.004507290099760346,0.7701175638660581,0.5583783399658897,0.5908572315928369,-0.003324222042888514,0.00424521842333509,-0.04242795413561975,-0.04809497849657762,-1,0.21825418368611446,0.24632453425156972,0.8860432204232181,0,-1,0.01612485315347896,-0.007655372350063416,0.002792273185022287,22.838217143277387,0.00708776745773354,-0.2534562211981636,-0.0455013231402529,-0.008033961747386686,0.0,AXISBANK
AXISBANK,2024-02-28,1094.0,1101.6,1079.85,1086.55,32200,263750,82500,16198750,7730625,-1391250,-2091250,24193125,0.4772358978316228,0.5665956718518226,7043125,1697500,0.24101517437217143,7761875,5382500,1100.0,0.012378629607473237,-0.008033961747386686,-0.0095711225559455,-0.02464093357271102,-0.004854146631863343,0.020017486539965948,0.3080459770100801,-0.0012324827680649192,1090.52,1096.9560975609756,-0.0036404650992187815,-0.009486339138013888,-0.008066407915763156,58.5019136139967,0,1.5236585689742697,0.6119126917374219,0.9117458772368477,0.4373949130475279,0.05814966924369244,1,1,44.146159582335244,56.741396109865285,0.017979581506340502,0.18753694559511908,34.146341463414636,0.546374079319778,0.26243682496673304,0.012738462322715716,0.02722463173616114,0.004025542086326019,0.7737647754862275,0.4772358978316228,0.571495852600603,-0.08114244213426691,0.012378629607473237,-0.07909323479249573,-0.2129175946547884,-1,0.19178048886112842,0.24236945317121203,0.7912733484880439,0,-1,0.015209187085752035,-0.0095711225559455,-0.02464093357271102,23.271256174322186,-0.005030275405057294,1.4137931034482576,-0.14005225133960708,0.0034512907827528583,1.0,AXISBANK
AXISBANK,2024-02-29,1082.4,1092.75,1071.0,1090.3,39500,281250,17500,14053750,7551250,-2145000,-179375,21886250,0.5373121053099706,0.6039486673247764,6143750,1536250,0.2500508646998983,6543750,5493750,1100.0,0.008896633953957669,0.0034512907827528583,-0.023422455103229045,-0.0024246305869436435,-0.01357097620555503,0.019948637989544164,0.8873563218349987,-0.003819428466246251,1089.77,1096.797619047619,0.00048634115455548077,-0.005924173188177728,0.003445348746590835,55.19480519480516,0,1.0369197482955315,0.6969213347846099,0.3399984135109215,0.5085663823103358,0.05677322548656995,1,1,49.73900074563787,51.555149267407465,0.018173241964858946,0.18530124676501603,33.33333333333333,0.53412310086419,0.36754518414795123,0.01027570750689093,0.061004223450516835,0.009746752403742513,0.7774727575026036,0.5373121053099706,0.5491025044318278,0.060076207478347854,0.008896633953957669,-0.1324176248167297,-0.02320316921335597,-1,0.1695702134845994,0.23833792875584867,0.7114696947255874,0,-1,0.015287220288613304,-0.023422455103229045,-0.0024246305869436435,23.291607355366786,0.011485252530139545,1.4070688604509303,-0.1735970170387502,0.021416124002568315,1.0,AXISBANK
AXISBANK,2024-03-01,1109.85,1115.6,1090.6,1113.65,37100,335000,53750,6940625,5020625,1188750,1235625,12296250,0.7233678523187753,0.5316085114485635,2185625,490625,0.22447812410637688,3185000,4287500,1100.0,-0.012256992771517164,0.021416124002568315,0.003423886110735852,0.024752703013572575,0.021744116702601124,0.022448704709738247,0.9219999999963193,0.017930844721636207,1090.9550000000002,1097.1895348837209,0.02080287454569607,0.015002389826862306,0.02119002128515767,63.00889727689402,0,2.4437600577327885,1.0463128577291276,1.3974472000036608,0.8467248665658565,0.059998219198008546,1,1,81.85801928118882,58.58105986972064,0.018247589971201503,0.18558560310160388,34.883720930232556,0.5356812907716773,0.4949557283388176,0.009149597525152075,0.14699232948385793,0.002755447984978678,0.7573791075056961,0.7233678523187753,0.5715993514870072,0.18605574700880467,-0.012256992771517164,0.08458596460019567,0.1636318490316173,1,0.19731062750399203,0.24503660212791148,0.8052292013112027,0,-1,0.01615182850975966,0.003423886110735852,0.024752703013572575,23.44225246733611,0.017964833219815457,0.9807794981313298,-0.4645860434231224,0.00700399586943834,1.0,AXISBANK
AXISBANK,2024-03-04,1111.5,1123.5,1108.85,1121.45,40900,364375,25000,7818750,6035000,451250,952500,14218125,0.7718625099920063,0.5594993581514744,3016250,881250,0.29216742644011606,3438125,4871250,1100.0,-0.019127023050515,0.00700399586943834,0.02075274200154742,0.0364123654174946,0.035790154244019545,0.013063444647554585,0.8600682593797987,-0.0019305886050375708,1092.8925,1097.740909090909,0.026130200362798783,0.021598075386227045,0.006979581821341201,58.76164712954615,0,4.120069584202838,1.6610976750931177,2.4589719091097204,0.9060255262781743,0.06435605318275907,1,1,95.1886792451035,75.59523309064339,0.017264001324815446,0.18495999343146174,31.818181818181817,0.5322531319842232,0.5482400538169411,0.011196051349175163,0.10887331401888597,0.004121267158771022,0.7579290218028965,0.7718625099920063,0.6136313410836529,0.04849465767323102,-0.019127023050515,0.065015758667267,0.18971741566040085,1,0.19448671908160198,0.24403339631421145,0.7969676361488198,0,0,0.01671883560563198,0.02075274200154742,0.0364123654174946,24.908313201867,-0.014412128133129976,0.8506787330316661,-0.29041977803978813,-0.005038120290695169,0.0,AXISBANK
AXISBANK,2024-03-05,1117.05,1124.3,1109.0,1115.8,55900,501875,137500,8581250,6108750,762500,73750,15191875,0.7118718135469774,0.5907887965889856,3275000,1036875,0.3166030534351145,3873125,4739375,1100.0,-0.014160243771285136,-0.005038120290695169,0.018669831560688355,0.010871534698314811,0.03969437197167336,0.013712134791181175,0.4444444444415379,-0.003923491907798021,1095.0225,1098.1422222222222,0.018974495957845505,0.016079682048874444,-0.005050854407406844,50.59880239520956,0,4.947861720162791,2.318479117107124,2.6293826030556673,0.7942554974072583,0.06448306361295178,1,1,84.05253283286292,87.03307711971843,0.01625035208562722,0.18530243479099787,35.55555555555556,0.5341296109005653,0.4300011535756546,0.012186921089655156,0.08639241507893007,0.003652051798806729,0.765000702839291,0.7118718135469774,0.6443300357998705,-0.05999069644502897,-0.014160243771285136,0.09752198241406874,0.012220381110190555,1,0.17490448639165782,0.24222518231257828,0.7220739175406865,0,0,0.015752669124612397,0.018669831560688355,0.010871534698314811,23.37955773784364,-0.01204211616013351,1.110230275575681,-0.13471738681589385,0.018327657286252075,1.0,AXISBANK
AXISBANK,2024-03-06,1115.8,1142.0,1111.8,1136.25,61200,515000,13125,9535625,7660000,954375,1551250,17710625,0.8033034017172446,0.5396175279393396,3333750,1006250,0.30183727034120733,3681875,6418125,1100.0,-0.0319031903190319,0.018327657286252075,0.045741107174083195,0.03573219087552992,0.042479012798752214,0.026578657865786618,0.8096026490039421,0.0,1097.3375,1098.970652173913,0.03546083133037903,0.03392205947660498,0.018161730080260678,64.46225784903133,0,7.126991841585777,3.280215173613392,3.846776667972385,0.9900479291776547,0.07236196547100081,1,1,91.90140845057478,90.38087350951373,0.016350777934936344,0.1925809899646062,47.82608695652174,0.5740139734180221,0.5449666557115164,0.015854021524033146,0.028589423031956284,0.004523070372278528,0.7878920655935069,0.8033034017172446,0.7095435365769948,0.0914315881702672,-0.0319031903190319,0.1112163146394756,0.253939021894823,1,0.1890020684235714,0.24442559875349007,0.7732498940786483,0,0,0.017407845881520577,0.045741107174083195,0.03573219087552992,22.62854945987098,0.023365777576947244,0.9257394587791004,0.08917246415805047,-0.010297029702970306,0.0,AXISBANK
AXISBANK,2024-03-07,1137.95,1138.25,1121.8,1124.55,38600,537500,22500,9684375,7063125,148750,-596875,17285000,0.7293320425943853,0.7202858006955969,2698750,916250,0.33950903195924037,4938750,5815000,1120.0,-0.004046062869592241,-0.010297029702970306,0.03141337246629372,0.007255139056831839,0.0654697048652233,0.014628073451602904,0.16717325227861857,0.0014961496149615361,1100.7925,1099.5148936170212,0.021582178294274224,0.022769228982994383,-0.010350410874507828,62.17783505154633,0,7.84185684669319,4.192568940940472,3.6492879057527183,0.8278765942230435,0.06582408953387338,1,1,75.42253521116132,83.792158831533,0.016612994404110848,0.17543096776265554,19.148936170212767,0.4800368465886145,0.41336077499511703,0.019281908415849713,0.014325359445591967,0.00038632232808069426,0.815156294337043,0.7293320425943853,0.7479475240338778,-0.07397135912285924,-0.004046062869592241,0.015599396998099233,-0.0779210182767624,0,0.18262684500848328,0.21521144950958865,0.8485926066656001,0,-1,0.01672098239502697,0.03141337246629372,0.007255139056831839,24.182575468081378,-0.02862468698922238,0.15846338535413818,0.1267651540461039,-0.00600240096038418,0.0,AXISBANK
AXISBANK,2024-03-11,1125.3,1132.35,1116.5,1117.8,28400,575000,37500,10555000,6933750,870625,-129375,18063750,0.6569161534817622,0.6191783066399025,3926875,1527500,0.3889861531115709,5490000,5084375,1120.0,0.0019681517266058736,-0.00600240096038418,0.0037264849818163803,0.007163130152723296,0.042043441782418034,0.01417963857577376,0.08201892744427508,0.0006669334400426838,1103.0475000000001,1099.8958333333333,0.013374310716446791,0.01627805663415094,-0.006020487781583025,61.36724960254369,0,7.7859557480473995,4.911262329759997,2.8746934182874027,0.7141956913709268,0.06243968135298052,1,1,65.91549295765357,77.74647887312989,0.01721493750479257,0.17521002943629135,16.666666666666664,0.47882616890705193,0.41293367431502376,0.016547867520403846,-0.08232027408313272,0.0016237373391882713,0.8272928868267279,0.6569161534817622,0.7346571842664752,-0.07241588911262309,0.0019681517266058736,0.0898999677315263,-0.018316963100610567,0,0.18272058409984937,0.21178718219809725,0.8627556309931178,0,-1,0.016850483847774867,0.0037264849818163803,0.007163130152723296,25.324164205477285,0.004294628742586126,-0.19501133786848301,0.09517927109305724,-0.005993916621935935,0.0,AXISBANK
AXISBANK,2024-03-12,1115.65,1132.5,1100.0,1111.1,62900,609375,34375,11497500,6941250,942500,7500,19048125,0.6037181996086106,0.5657916666666655,4422500,1807500,0.4087054833239118,6111875,4758750,1120.0,0.00801008010080109,-0.005993916621935935,-0.009229123010388474,0.011332089382423804,0.04289468744133651,0.029250292502925032,0.34153846153740786,-0.0019234210055464873,1105.3325,1100.1244897959184,0.005217886925427351,0.009976607471139598,-0.006011952245634743,52.56680731364273,0,7.130075117732986,5.355032804484422,1.775042313248564,0.5972562088038262,0.053650938994529634,1,1,56.47887323935694,65.93896713605729,0.0177494632089178,0.18228233299853505,28.57142857142857,0.5175803326637292,0.4322061626403931,0.0136671387614675,-0.061959643468637936,0.0018786795574567312,0.8624604167217612,0.6037181996086106,0.701028322189796,-0.05319795387315163,0.00801008010080109,0.0892941733775462,0.001081665765278529,1,0.1769657579401197,0.21135153495525025,0.837305288054134,0,-1,0.018551283361572572,-0.009229123010388474,0.011332089382423804,24.81955346810812,8.4843384482447e-06,0.5538537549407077,0.09096571424480415,-0.017820178201781944,0.0,AXISBANK
AXISBANK,2024-03-13,1109.8,1109.8,1085.0,1091.3,104200,746875,137500,12707500,6508125,1210000,-433125,19962500,0.5121483375959079,0.5502887730666278,3376875,2122500,0.6285397001665741,8891250,3646875,1100.0,0.007972143315312055,-0.017820178201781944,-0.021957340025094085,-0.003697448304194939,-0.0009154994049254128,0.022725190140199723,0.25403225806349045,-0.0011700117001169604,1105.2825,1099.948,-0.01265061194762429,-0.007862189848974799,-0.017980869470918804,48.14814814814815,0,4.986610611426158,5.2813473141983085,-0.29473670277215014,0.26497482764675306,0.053826625552407636,1,1,28.591549295734314,50.32863849758161,0.019059836891780434,0.18111434888563943,28.000000000000004,0.5111801198931685,0.36251779766141906,0.013623967845410001,-0.05786302057444903,0.0007067537027762739,0.8869926691862664,0.5121483375959079,0.6610836269995822,-0.09156986201270267,0.007972143315312055,0.10524026962383126,-0.06239870340356564,0,0.20080533911064577,0.2041892284894483,0.9834276788145063,-1,-1,0.019655226121427213,-0.021957340025094085,-0.003697448304194939,24.184347370431166,-0.011826261579846009,1.0802555400279457,0.08409362441620516,-0.017364611014386577,0.0,AXISBANK
AXISBANK,2024-03-14,1091.7,1094.4,1070.0,1072.35,231200,1460000,713125,15621875,6888125,2914375,380000,23970000,0.44092818563712743,0.5073529411764696,2390625,1513750,0.633202614379085,12658750,3725625,1100.0,0.025784492003543706,-0.017364611014386577,-0.05623762376237629,-0.013068887764023818,-0.03738779174147222,0.022753765095351416,0.09631147540943727,0.000366535324842015,1103.2,1099.277,-0.027964104423495395,-0.024495190930038713,-0.017517144238073695,35.75581395348837,0,1.7667735835179883,4.578424542103008,-2.8116509585850196,0.03040168965269161,0.059548988587323284,1,1,3.2638888888842295,29.444770474658498,0.019226798286806672,0.17648510072623252,25.49019607843137,0.4858131882193481,0.3186317214041268,0.009041925767499626,-0.06485413009787741,0.006693090911461649,0.8871992659789554,0.44092818563712743,0.5886085837835587,-0.07122015195878051,0.025784492003543706,0.22934290773165453,0.058388552770575246,1,0.2157742956733985,0.19892385781313177,1.0847079779019024,-1,-1,0.01992885397696576,-0.05623762376237629,-0.013068887764023818,24.81912491352375,0.00045556718739536706,2.3033290470067103,0.21886262370731036,-0.011423509115494057,0.0,AXISBANK
AXISBANK,2024-03-15,1063.15,1066.95,1043.15,1060.1,311700,2290000,830000,17466875,7078750,1845000,190625,26835625,0.4052671127491323,0.49223104693140723,3675000,2273750,0.6187074829931973,13428125,3194375,1100.0,0.03763795868314319,-0.011423509115494057,-0.05731181361433468,-0.027698798495826904,-0.030056269728716,0.02245071219696251,0.7121848739465813,-0.008579288478574924,1101.5575,1098.524,-0.037635348132076585,-0.03497784299660267,-0.011489258601918571,34.49672795263325,0,-1.7360227763904277,3.3155235425800798,-5.051546318970507,-0.04690831536719286,0.06881473013772715,-1,-1,17.14719271621921,16.33421030027925,0.020452922231056353,0.17836143007053298,26.923076923076923,0.49609492655686505,0.24866910851766869,0.004505208749433653,-0.09357066286521172,0.006297612201349819,0.9286212319991805,0.4052671127491323,0.5237955978145081,-0.03566107288799514,0.03763795868314319,0.11810362072414483,0.02767443970601579,1,0.21962102775266196,0.19207123833867742,1.1434352667163143,-1,-1,0.020179061397707598,-0.05731181361433468,-0.027698798495826904,25.84989196408838,0.00594110189889252,2.2064602407159724,0.24377201520207636,0.012734647674747634,1.0,AXISBANK
AXISBANK,2024-03-18,1062.5,1077.5,1056.0,1073.6,141200,2503125,213125,16347500,7305625,-1119375,226875,26156250,0.4468955497782536,0.44479986167545527,3113750,1278750,0.4106784423926134,12241250,4605625,1100.0,0.024590163934426316,0.012734647674747634,-0.03954195741635358,-0.035962824945000804,-0.012100299056820862,0.02002608047690015,0.8186046511589791,0.0022639373643996707,1100.9,1097.887,-0.024797892633300234,-0.022121584461788912,0.012654243938365325,42.30414746543775,0,-3.3998619039552977,1.9724366386544585,-5.372298542609756,0.1536369008163936,0.07159507664576252,-1,-1,30.80424886188067,17.071776822328037,0.020475170321481783,0.18108765424696116,30.18867924528302,0.511033841047859,0.20783637316921866,0.008477914358964767,-0.07949672776622721,9.139309742054597e-05,0.9157827411162822,0.4468955497782536,0.4817914770738064,0.04162843702912128,0.024590163934426316,-0.0640855905821734,0.032050150097121664,0,0.195956569426806,0.19774084619092983,0.9909766904633417,-1,-1,0.019936798974423787,-0.03954195741635358,-0.035962824945000804,26.163372121417506,0.02415815679024169,0.31202378740011016,0.12769190971997668,-0.010199329359165232,0.0,AXISBANK
AXISBANK,2024-03-19,1069.15,1072.7,1057.4,1062.65,219900,2960000,456875,16870000,7040000,522500,-265625,26870000,0.4173088322465916,0.5397167039934831,3732500,1811250,0.485264567983925,12588125,3700625,1100.0,0.035147979108831606,-0.010199329359165232,-0.0436054360543604,-0.05243211913148149,-0.017928931195415942,0.014397967345786434,0.3431372548997191,-0.0041449329359163735,1099.9299999999998,1096.553,-0.03389306592237662,-0.030917794215145067,-0.010251698912717126,40.40492957746484,0,-5.52510365337389,0.4729198140636117,-5.998023467437502,0.058481753606062906,0.0767648136836942,-1,-1,19.726858877066554,22.55943348505548,0.02091469439608523,0.18298384897556808,37.03703703703704,0.5214244359057058,0.12692169925347202,0.013063012898057691,-0.07405541465498167,9.582131425400417e-05,0.9134723910473695,0.4173088322465916,0.44450960360140257,-0.029586717531661977,0.035147979108831606,0.031962073711576694,-0.03635896997176833,0,0.1888212772256236,0.2003167809750825,0.9426133757353551,-1,-1,0.020070251244246974,-0.0436054360543604,-0.05243211913148149,26.77542698798311,-0.022933977033912867,0.7519120458891,0.08526740411266664,-0.016374158942267014,0.0,AXISBANK
AXISBANK,2024-03-20,1060.75,1068.55,1042.0,1045.25,1055600,7209375,4249375,18075625,7533750,1205625,493750,32818750,0.416790567407766,0.5886830753615824,3219375,2025625,0.629198213939041,14441875,3328750,1100.0,0.05237981344176035,-0.016374158942267014,-0.04219737927242739,-0.06322817709266892,-0.05304402971552813,0.02540062186079881,0.12241054613889886,-0.0017879828730062493,1097.0025,1094.65,-0.04717628264292928,-0.0451285799113873,-0.016509697068025672,38.46368715083802,0,-8.49606542223296,-1.3208856224743664,-7.1751797997585935,-0.031241173172797516,0.08880388988144441,-1,-1,3.24999999999675,17.927035912981324,0.021590870263436607,0.1839097259876104,40.0,0.5264979722757774,0.07360340998093402,0.011932726498708846,-0.10873273738338178,0.00021924456671034397,0.9607895135127887,0.416790567407766,0.4254380495637742,-0.0005182648388256106,0.05237981344176035,0.07146561944279786,0.07013494318181818,1,0.1967757592053701,0.19141520937206138,1.0280048265134916,-1,-1,0.021239099951208734,-0.04219737927242739,-0.06322817709266892,26.220763278307487,-0.006174829583101782,3.6813605924874695,0.20082692633129184,0.0026787849796698904,1.0,AXISBANK
AXISBANK,2024-03-21,1050.0,1059.7,1038.1,1048.05,955600,9860000,2650625,18886875,8683750,811250,1150000,37430625,0.4597769615142791,0.47720875104943394,4258125,2463125,0.5784529575810949,14150000,4074375,1100.0,0.04956824578980015,0.0026787849796698904,-0.022660511959714635,-0.07762376237623769,-0.04466523859441229,0.02060970373550893,0.46064814814601474,0.004544367376225784,1094.5525000000002,1093.117,-0.0424853992841826,-0.041227974681575685,0.0026752034298949457,38.13535523729291,0,-10.505714737127846,-3.1578583183358844,-7.347856418791961,0.06460097045056938,0.09757807528453656,-1,-1,9.576515880645294,10.851124919236199,0.0215229644169103,0.18786807751869933,51.78571428571429,0.5481885858208848,0.0,0.015652201845617154,-0.09668757843879332,0.00014829679023734,0.9792441377537205,0.4597769615142791,0.4292078047392045,0.042986394106513115,0.04956824578980015,0.04488088240378963,0.1526464244234279,1,0.15226924169741227,0.191850091491713,0.7936886578165676,-1,0,0.020642204538180966,-0.022660511959714635,-0.07762376237623769,26.16385979154882,0.019052943921936905,2.034325088114818,0.24676281757696383,-0.005772625351843863,0.0,AXISBANK
AXISBANK,2024-03-22,1050.3,1057.2,1039.6,1042.0,2156900,18028125,8168125,18958750,9231250,71875,547500,46218125,0.48691237555218564,0.5003557423432657,4721875,2481875,0.5256121773659828,13511875,4725625,1100.0,0.05566218809980806,-0.005772625351843863,-0.01707386095651342,-0.07340714063403131,-0.06668458059026383,0.01689059500959706,0.1363636363628657,0.0021468441391155,1090.83,1091.597,-0.04476407872904109,-0.045435265945216075,-0.00578935135325712,27.71384136858474,-1,-12.43705407223706,-5.0137030239476355,-7.423351048289425,0.07330011131214191,0.10490764098088133,-1,-1,3.7536092396499843,5.526708373430677,0.02112009871126953,0.1856290609908218,47.368421052631575,0.5359194273477516,0.02128022913417288,0.0161542635321414,-0.11973101318397719,0.00021864505724157254,1.0482488606623448,0.48691237555218564,0.4455368572998152,0.027135414037906536,0.05566218809980806,0.0038055527979086005,0.06304879804232043,1,0.15205704350783586,0.17708491547389388,0.8586673970227893,-1,-1,0.02086845669398038,-0.01707386095651342,-0.07340714063403131,26.85472175530882,-0.008451410331513753,3.0946541119295308,0.36341679265459637,0.0072456813819576915,1.0,AXISBANK
AXISBANK,2024-03-26,1036.55,1052.6,1036.55,1049.55,3584100,31500000,13471875,17191875,9390000,-1766875,158750,58081875,0.5461882429926928,0.6178239976523227,5189375,2878750,0.5547392508731783,11172500,4785625,1100.0,0.04806821971321047,0.0072456813819576915,-0.022401266766020833,-0.06105743424584009,-0.054331666441410964,0.015292268114906346,0.8099688473469808,-0.005230326295585457,1087.815,1090.3429999999998,-0.035176017980998675,-0.03741299756131777,0.00721955754670312,27.601246105918975,-1,-13.212163609649451,-6.65339906737999,-6.558764542269461,0.17744079553452258,0.10905290406859183,-1,-1,12.328117591263789,8.55274757051969,0.021063448961119377,0.18650407325627505,48.275862068965516,0.5407142397205562,0.08359168627951724,0.013926293520853372,-0.17613232971678752,0.0018369672645273689,1.0320213151330129,0.5461882429926928,0.46539539594270296,0.05927586744050711,0.04806821971321047,-0.09319575393947385,0.017197020988490182,0,0.16939645298583653,0.18071726854695358,0.937356204274904,-1,-1,0.020979719647893642,-0.022401266766020833,-0.06105743424584009,28.614442493757824,0.013018306733801555,3.0620856142259694,0.44181449773637715,0.00900385879662724,1.0,AXISBANK
AXISBANK,2024-03-27,1055.15,1062.1,1051.65,1059.0,3594300,41287500,9787500,14290000,8928125,-2901875,-461875,64505625,0.6247813156053184,0.5817532289090397,4253750,2188750,0.5145459888333823,9070000,5373750,1100.0,0.03871576959395656,0.00900385879662724,-0.0034348092034066635,-0.04689046890468895,-0.03608974650707697,0.009867799811142415,0.7033492822899237,0.00533562002763102,1085.8325,1088.9779999999998,-0.024711454114699993,-0.027528563478784518,0.008963565741391143,32.7145465611686,0,-12.922174468248613,-7.907156549275902,-5.0150179189727115,0.27798646689336176,0.11130607116123915,-1,-1,21.289710763374817,12.457145864762865,0.020690004046944543,0.18587019059696885,47.45762711864407,0.5372407473619396,0.15413270618867494,0.009691133597004709,-0.19279438024805423,0.0010444040776228514,1.0151658353424242,0.6247813156053184,0.5068898926144484,0.0785930726126256,0.03871576959395656,-0.1687933980441342,-0.04918796592119276,-1,0.1859054905341072,0.18309342574827356,1.0153586327461257,-1,-1,0.01904147037871538,-0.0034348092034066635,-0.04689046890468895,30.62231922898088,0.0017581774146695484,1.9092572057597512,0.3491795821045367,-0.0042020774315392195,0.0,AXISBANK
AXISBANK,2024-03-28,1057.05,1064.55,1051.35,1054.55,4026400,48969375,7681875,14291875,9103750,1875,175625,72365000,0.6369877990116762,0.7933098147914804,3455000,2218750,0.6421852387843705,9820625,4911875,1100.0,0.043098952159689015,-0.0042020774315392195,0.008897392968189477,-0.033675432969852426,-0.03724836810151999,0.012517187425916312,0.24242424242240848,-0.0018413597733711478,1083.7925,1087.572,-0.026981640858374734,-0.03036304722813743,-0.004210930969782944,22.454484153742385,-1,-12.899255020566443,-8.905577773610084,-3.9936772469563593,0.263470789934045,0.11407318720117195,-1,-1,17.699115044230375,17.105647799622997,0.019625839051186342,0.18610695669614738,48.333333333333336,0.5385381566287845,0.2181845199243042,0.011097354926017645,-0.1728844049576539,0.004916188661838414,1.0155926753108495,0.6369877990116762,0.5509293389352303,0.012206483406357882,0.043098952159689015,0.0001312106368089573,0.01967098354917746,1,0.17102882011367254,0.1832496050029359,0.9333107158271984,-1,0,0.01802067010728704,0.008897392968189477,-0.033675432969852426,33.1365321674961,-0.01320593622816646,1.4736897074995854,0.2987199447238662,0.0061163529467545,1.0,AXISBANK
AXISBANK,2024-04-01,1056.95,1070.5,1055.05,1061.0,1834500,49464375,495000,8294375,5738750,1916875,555625,63497500,0.6918845603194936,0.5729873193748138,3600625,2057500,0.5714285714285714,4120625,3175625,1060.0,-0.000942507068803016,0.0061163529467545,0.012356280711798062,-0.01058423089476379,-0.023514794533155414,0.01456173421300664,0.38511326860592343,0.0022758522592575894,1082.5149999999999,1086.3319999999999,-0.019875013279261555,-0.023318838071602288,0.006097723982359549,27.787486892694872,-1,-12.22394184620498,-9.569251401790563,-2.654690444414417,0.3282279789113579,0.11570576601084219,-1,-1,25.482021886372642,21.490282564659278,0.019472869260805156,0.18381802770988281,35.0,0.39391449240240134,0.3286256420269148,0.009350452217289007,-0.1202715781233552,0.0046624825511276426,1.0001969051452229,0.6918845603194936,0.5973508586962734,0.0548967613078174,-0.000942507068803016,0.1341234092797481,0.0610325415350817,1,0.15728803115551382,0.18378184001996464,0.8558409854468927,-1,0,0.01720146701905256,0.012356280711798062,-0.01058423089476379,34.290713140340856,0.01031843037829372,0.02599523495262912,0.04207652178907795,-0.006173421300659676,0.0,AXISBANK
AXISBANK,2024-04-02,1058.2,1061.9,1047.7,1054.45,1916100,52661250,3196875,10298750,7048125,2004375,1309375,70008125,0.6843670348343246,0.6642228236664475,4161875,2413750,0.5799669620063073,5490625,3728125,1060.0,0.005263407463606576,-0.006173421300659676,0.01194817658349323,-0.005329685878690538,-0.03288085847931754,0.013466736213191754,0.47535211267270727,-0.002639019792648402,1080.7225,1084.9759999999999,-0.0243101258648728,-0.02813518455707764,-0.00619255565620962,27.826391319566,-1,-12.073824940954637,-10.070166600919576,-2.003658340035061,0.2938793474345704,0.11794124248264368,-1,-1,18.65554976548351,20.61222889869551,0.019482059028742126,0.1810409646193016,23.333333333333332,0.2910391718425164,0.35331907413503066,0.010118125000469092,-0.09382476028760753,0.00454143377236572,0.9851049853094885,0.6843670348343246,0.6368417905527011,-0.007517525485169041,0.005263407463606576,0.2416547358902871,0.22816379873665868,1,0.14958347483736406,0.18377834567948492,0.813934167286764,-1,0,0.016303069420675484,0.01194817658349323,-0.005329685878690538,35.90627660391591,-0.012289774247414176,-0.01660798784681239,0.06570852829413187,0.012802883019583655,1.0,AXISBANK
AXISBANK,2024-04-03,1048.85,1074.25,1048.85,1067.95,2870400,51987500,-673750,9880625,7218750,-418125,170625,69086875,0.7305964956670251,0.5644349014249452,3742500,2520625,0.6735136940547762,5255625,4116250,1100.0,0.03001076829439576,0.012802883019583655,0.01753132294793014,-0.005262667660208553,-0.04103623220940156,0.023783885013343404,0.7519685039340501,-0.005310825548864466,1078.4375,1084.693,-0.009724717473196143,-0.015435703927286326,0.012721618987040374,35.58302706314737,0,-10.749392364951518,-10.206011860315277,-0.5433805046362412,0.41544239380793935,0.11500701014579674,-1,-1,42.86689419789382,29.001488616583327,0.018760910422505064,0.1817786572304588,26.666666666666668,0.20420429639225424,0.3536400144534613,0.011309724517757446,-0.0398548385561545,0.002494922829016085,1.059271460527342,0.7305964956670251,0.6737234410875675,0.04622946083270052,0.03001076829439576,-0.04059958732855929,0.024208566108007448,0,0.1497527401610661,0.17160724507203845,0.8726481216509073,-1,0,0.016678849874319814,0.01753132294793014,-0.005262667660208553,37.889401070937616,0.01897630432024333,0.2921697323285526,0.017590275821563806,-0.0014513788098693414,0.0,AXISBANK
AXISBANK,2024-04-04,1074.4,1083.6,1062.35,1066.4,3456300,53134375,1146875,11563750,7794375,1683125,575625,72492500,0.6740352394335748,0.631561877403511,4326250,2828125,0.6537127997688529,6442500,4413125,1100.0,0.031507876969242225,-0.0014513788098693414,0.006987724268177509,0.003528913565143732,-0.04908823398279005,0.019926856714178542,0.19058823529322932,0.00603960859590809,1075.685,1084.047,-0.008631709096993845,-0.016278814479445902,-0.0014524330803148745,40.52511415525118,0,-9.712008595874067,-10.10721114540882,0.3952025495347531,0.4210162641532176,0.10928463948296133,-1,-1,51.59896283482881,37.70713559940205,0.01846332118743972,0.18450791183126825,36.666666666666664,0.2287344647272419,0.39478540679600965,0.013808941400714137,-0.027594165210640863,0.0027092990521576515,1.0963601257999485,0.6740352394335748,0.6835742258532189,-0.05656125623345032,0.031507876969242225,0.17034600543993927,0.07974025974025974,1,0.13998795033781802,0.16829133728938547,0.8318191091079141,-1,-1,0.017231738811159022,0.006987724268177509,0.003528913565143732,38.91822374619054,-0.014254261829452997,0.3580639837800881,0.04320765577780983,-0.001781695423856089,0.0,AXISBANK
AXISBANK,2024-04-05,1064.95,1068.2,1052.2,1064.5,2292700,55752500,2618125,13931250,8562500,2367500,768125,78246250,0.6146253925527142,0.49706279000662756,5660000,3493125,0.6171598939929329,7359375,4491250,1060.0,-0.004227336777829967,-0.001781695423856089,0.009435304158171842,0.018416646735230913,-0.04597598135866643,0.015030530765617662,0.7687499999951926,-0.0013597149287322256,1073.12,1082.961,-0.00803265245266127,-0.017046781924741516,-0.0017832845309648775,46.56755574989072,0,-8.93914470073787,-9.87359773916142,0.9344530384235501,0.42277298011786363,0.10401349767167052,-1,-1,59.404888416452,51.290248483058214,0.01793263101388982,0.1850001007870568,38.333333333333336,0.23315819197296478,0.46342006966086396,0.011233817477878194,-0.019100191227590567,0.0030577685360989705,1.1010174865957074,0.6146253925527142,0.6791017445614265,-0.059409846880860595,-0.004227336777829967,0.2047346232839693,0.09854863282816133,1,0.10613927530997498,0.16802648725313743,0.6316818079217742,-1,-1,0.01619472970164091,0.009435304158171842,0.018416646735230913,37.883539261994144,-0.0003303166139867475,-0.14090222690193466,0.10726478340084555,0.013574448097698477,1.0,AXISBANK
AXISBANK,2024-04-08,1067.2,1084.15,1067.2,1078.95,1813600,54348750,-1403750,12598125,8476875,-1333125,-85625,75423750,0.6728679863074862,0.6790401405743762,7244375,2666250,0.36804417220257096,3860625,5515000,1060.0,-0.017563371796654195,0.013574448097698477,0.016918001885014133,0.029483326177186298,-0.0504290429042904,0.015709717781176184,0.6932153392289468,0.002536402066698023,1070.2549999999999,1082.838,0.008124232075533477,-0.003590564793625517,0.01348314064794078,58.08665808665815,0,-7.085667784668658,-9.316011524261244,2.230343739592586,0.5916887665969152,0.08860662409381351,-1,-1,89.07563025191364,66.69316050106481,0.01706023713531014,0.17913474305234917,18.333333333333332,0.1804411561439773,0.514667082466578,0.012241360106530364,-0.036393491981981364,0.0010038590345240236,1.1127225347892291,0.6728679863074862,0.6752984297590251,0.05824259375477203,-0.017563371796654195,-0.09569313593539704,-0.01,-1,0.12151097560947101,0.16098779106240393,0.7547837928088046,-1,-1,0.015704731106207633,0.016918001885014133,0.029483326177186298,36.777039924740585,0.015356143521554566,-0.3415936657070353,0.03247366583848388,0.0027804810232170407,1.0,AXISBANK
AXISBANK,2024-04-09,1090.2,1092.4,1073.0,1081.95,3411200,54855000,506250,14256875,9018125,1658750,541250,78130000,0.632545701635176,0.47484842811676364,6409375,1890625,0.29497805948317896,4605000,6773750,1100.0,0.016682841166412454,0.0027804810232170407,0.026079946891744532,0.038339731285988554,-0.037881819394424365,0.017930588289662267,0.4613402061831892,0.01042680383706381,1068.125,1083.3039999999999,0.012943241661790506,-0.0012498799967505247,0.0027766226363164373,53.93682225365401,0,-5.314767370365644,-8.515762436291984,3.2009950659263406,0.6708309735393311,0.07576636363749215,1,-1,81.28916741256704,76.58989536031089,0.016874294428710093,0.1805140579960858,20.0,0.19283825084770664,0.5548960384450452,0.011942198671943816,-0.02306290069901138,0.0025060188083687015,1.1331078046934588,0.632545701635176,0.6649341631191953,-0.04032228467231025,0.016682841166412454,0.13166641861388104,0.0638501806385018,1,0.11152191378611888,0.15930881169034902,0.700036065380251,-1,-1,0.01580873043421415,0.026079946891744532,0.038339731285988554,36.62394055185046,-0.010793967074481436,0.18446089529021226,0.04625489825194551,0.006931928462498238,1.0,AXISBANK
AXISBANK,2024-04-10,1087.5,1094.8,1083.5,1089.45,2560900,53525000,-1330000,14513750,9001875,256875,-16250,77040625,0.620230815605891,0.6027259621685365,7051250,2193750,0.3111150505229569,4291250,6502500,1100.0,0.009683785396300843,0.006931928462498238,0.02013202865302688,0.038016292696870124,-0.0253623188405796,0.010372206159071048,0.5265486725617181,0.005129627062248675,1066.7075,1084.2340000000002,0.021320277583123826,0.004810769630909872,0.006908013102495521,63.06042884990249,0,-3.27146406859174,-7.466902493079464,4.195438424487723,0.8275623339664511,0.0650876959047125,1,-1,90.81545064362108,87.06008276936724,0.0165384892770271,0.17936413314911742,18.333333333333332,0.18250288306620563,0.5534203228592022,0.00897722729575139,-0.022906116546808054,0.003751143486609424,1.110806084862691,0.620230815605891,0.6428610271069684,-0.012314886029284988,0.009683785396300843,0.01801762307658586,-0.0018019266754452838,0,0.11126062945133872,0.16147204762585393,0.6890395645457856,-1,-1,0.015316724238630623,0.02013202865302688,0.038016292696870124,36.68161146693111,0.004151447439281197,-0.07803027030140697,0.010148606943076288,-0.011106521639359435,0.0,AXISBANK
AXISBANK,2024-04-12,1086.85,1098.55,1075.4,1077.35,3384700,52541875,-983125,15658125,9551250,1144375,549375,77751250,0.6099868279247994,0.6430031708945246,5425625,2931875,0.540375532772722,8856875,5774375,1100.0,0.02102380841880549,-0.011106521639359435,0.010268192048011882,0.017327667610953723,-0.03037530375303754,0.021487910149904733,0.08423326133872167,-0.002386525310936836,1065.02,1084.181,0.011577247375636146,-0.006300608477735836,-0.011168659570044806,66.49537512846858,0,-2.594186355948068,-6.492359065201228,3.89817270925316,0.7176819471062826,0.05318423291168064,1,1,65.806451612797,79.30368988966171,0.01649881654058572,0.1742987609623339,6.666666666666667,0.13697600829815987,0.45883251185892404,0.009734064950232324,-0.014891958648152959,0.0010737579501395329,1.059805863924607,0.6099868279247994,0.6300513448052134,-0.010243987681091582,0.02102380841880549,0.07884764447506674,0.06102895230160383,1,0.12909344592836589,0.16446291418968093,0.7849395499643395,-1,0,0.01647873527250685,0.010268192048011882,0.017327667610953723,37.22343118860103,-0.018038450101857673,0.22781751962505625,0.0055986044714468886,-0.014990485914512353,0.0,AXISBANK
AXISBANK,2024-04-15,1072.3,1073.1,1059.0,1061.2,2384900,53231875,690000,15420625,9050000,-237500,-501250,77702500,0.5868763425606939,0.6487069518991225,4961875,4176875,0.8417936767854893,9828750,3858750,1100.0,0.03656238220882016,-0.014990485914512353,-0.0031000469704085543,0.006306007301692729,-0.027581783194355225,0.013286845081040246,0.15602836879322388,-0.004687427484104474,1063.5149999999999,1083.895,-0.002176744098578598,-0.020938375027101275,-0.015103978886657501,55.94215996385002,0,-3.3168448169367366,-5.85725611104185,2.5404112941051133,0.4546069466379115,0.04795324256462849,1,-1,39.758064516065055,65.45998892416104,0.016531150718862752,0.16986457631999416,5.0,0.09712216114415981,0.4080899639578806,0.010444794482465557,0.0011074972018527474,0.0019668052979793273,1.055015169066406,0.5868763425606939,0.6245015348068093,-0.023110485364105537,0.03656238220882016,-0.01516784417035884,-0.052480041879335165,-1,0.15229428309072376,0.16100676198315478,0.9458874964025964,-1,0,0.016555701038019247,-0.0031000469704085543,0.006306007301692729,36.85395981523049,-0.003883964275152918,-0.08008779069094674,0.006383595309522594,-0.005135695439125509,0.0,AXISBANK
AXISBANK,2024-04-16,1051.0,1059.9,1047.85,1055.75,1610700,52056875,-1175000,15661250,9042500,240625,-7500,76760625,0.5773804772926809,0.5771854273410223,3785000,3530000,0.9326287978863936,11349375,3905000,1100.0,0.04191333175467677,-0.005135695439125509,-0.021502386579544952,-0.004948162111215848,-0.015480020515689752,0.011413686952403678,0.6556016597455944,-0.00961176027139092,1062.685,1083.1729999999998,-0.006525922545250862,-0.0253172854197804,-0.005148928449531623,56.2471603816447,0,-4.278224021329152,-5.541449651526433,1.2632256301972813,0.3633172387235826,0.047745030056039965,1,-1,30.967741935433995,45.510752688098684,0.01632894692331113,0.16473530353506424,3.3333333333333335,0.05102095651008663,0.355166717205916,0.009344523873232013,-0.0036825953721944193,0.0002856209486835244,1.0955112018927016,0.5773804772926809,0.6054040330038483,-0.009495865268012937,0.04191333175467677,0.01560410164957646,-0.0008287292817679558,0,0.15150056543116655,0.15037299768446175,1.0074984715561832,-1,-1,0.016240896311958953,-0.021502386579544952,-0.004948162111215848,34.20762082498285,0.009854790475386843,-0.37330506001595243,-0.009246292448081395,-0.030120767227089673,0.0,AXISBANK
AXISBANK,2024-04-18,1047.5,1054.0,1015.6,1023.95,3839200,53073750,1016875,21665625,10834375,6004375,1791875,85573750,0.5000721188518679,0.6602353892457654,2876250,2429375,0.844632768361582,18243125,4317500,1100.0,0.07427120464866444,-0.030120767227089673,-0.053606913443319915,-0.02892503200720753,-0.034100556551268646,0.03750183114409881,0.2174479166661011,-0.007814349988160076,1060.8775,1081.546,-0.03480844866631638,-0.05325339837602838,-0.03058371753173149,40.469099032017915,0,-7.510128084613825,-5.9351853796091225,-1.5749427050047027,-0.10084992545043574,0.05793201794976038,1,-1,10.066305003001764,26.930703818166936,0.018517226706103125,0.17630765389651967,11.666666666666666,0.10960274451523629,0.24253199914786808,0.01218274481592856,-0.019469092973836966,0.0022533076962965547,0.9807443316597375,0.5000721188518679,0.5789093164471867,-0.07730835844081307,0.07427120464866444,0.38339053396121,0.19816145977329278,1,0.21230348619302614,0.17976923047831997,1.180977887650979,-1,1,0.018644405805049658,-0.053606913443319915,-0.02892503200720753,31.16048029668042,-0.024985071787964164,0.38977577955879905,0.08368184940939583,0.005762000097660813,1.0,AXISBANK
AXISBANK,2024-04-19,1016.9,1038.2,997.3,1029.85,5253900,53049375,-24375,20766250,11856875,-899375,1022500,85672500,0.5709685186299885,0.5680334440499366,5993750,3402500,0.5676746611053181,13673125,5778750,1100.0,0.0681167160266059,0.005762000097660813,-0.05470650328147242,-0.03567582752001508,-0.040750745156482915,0.03971452153226207,0.7958435207804473,-0.006885101811611961,1058.69,1080.344,-0.027241213197442216,-0.04673881652510692,0.005745463268165068,38.852772466539164,0,-9.487433240456085,-6.645635011633777,-2.8417982288223076,0.06377990440836172,0.06244832247010873,-1,-1,32.14814814811635,24.3940650288507,0.02037744747848163,0.1912575004572161,58.333333333333336,0.2511940515492482,0.20941568366026161,0.018529008793022418,-0.022488509576483275,0.0022397437065204973,1.0993819514802707,0.5709685186299885,0.5690568570520061,0.07089639977812068,0.0681167160266059,-0.04151161113515073,0.09437554081338333,0,0.2003756356147366,0.17396820103309668,1.1517946056212685,-1,1,0.020237469456941524,-0.05470650328147242,-0.03567582752001508,29.99734887170698,0.035882767324750486,0.7508272766353086,0.06172070694630971,0.024760887507889517,1.0,AXISBANK
AXISBANK,2024-04-22,1038.0,1059.0,1034.95,1055.35,4074700,41463125,-11586250,18856250,12241250,-1910000,384375,72560625,0.6491879350348028,0.5382867292697892,7294375,3460625,0.47442378545111813,9651875,7397500,1100.0,0.0423082389728527,0.024760887507889517,-0.020420476168376056,-0.010361965491373026,-0.006869618406813327,0.0227886483157246,0.8482328482293172,0.00791377385056085,1058.325,1079.797,-0.0028110457562658953,-0.02264036666151148,0.024459304896140083,50.26350461133069,0,-8.900533680173112,-7.096614775737619,-1.803918904435493,0.4549703670468611,0.06242657494530983,-1,-1,57.33333333327666,33.18259549479826,0.020964608897522174,0.19503778014889217,63.33333333333333,0.2869974118262524,0.33270330122896863,0.018721096254696624,0.0099655933617949,0.008484908001844807,0.999468809861722,0.6491879350348028,0.5768970784740068,0.07821941640481422,0.0423082389728527,-0.091976163245651,0.03241790100679985,0,0.24607103677799494,0.19514143725598504,1.2609881330796084,0,1,0.02052364861709613,-0.020420476168376056,-0.010361965491373026,26.602007371110997,0.018998887410228704,0.3304491208593865,-0.08905233886559372,0.0017529729473635403,1.0,AXISBANK
AXISBANK,2024-04-23,1058.3,1061.4,1049.5,1057.2,3062400,28266250,-13196875,19951875,12563750,1095625,322500,60781875,0.6297027221752342,0.7716732683866807,7846250,3976250,0.5067707503584515,10064375,7208125,1100.0,0.040484298146046115,0.0017529729473635403,-0.003769317753486656,-0.006857679661813054,0.011432671609662881,0.011256148316307312,0.6470588235239731,0.0027952811863363298,1058.9225000000001,1079.477,-0.0016266535086374434,-0.020636845435335838,0.001751438283507512,48.709239130434796,0,-8.192100434822805,-7.315711919368351,-0.8763885154544546,0.4734717892537885,0.06131787493110194,-1,-1,59.16049382710215,49.547325102831714,0.020654288957353682,0.1890516433523993,56.666666666666664,0.23030218558037613,0.34932837428066,0.022545886311771235,0.04230614864125086,0.008185457109420043,1.018143490334097,0.6297027221752342,0.5854623543969149,-0.019485212859568612,0.040484298146046115,0.058104076897580376,0.02634534871847238,1,0.2463690692771439,0.18568271078229742,1.326828265843851,0,1,0.020146210372165095,-0.003769317753486656,-0.006857679661813054,23.911592406103097,-0.023007914560525977,-0.024595333193188962,-0.20306838053687648,0.005107832009080493,1.0,AXISBANK
AXISBANK,2024-04-24,1057.8,1068.95,1057.8,1062.6,3028700,16825000,-11441250,21350625,13808125,1398750,1244375,51983750,0.646731653054653,0.7041322681857621,7320625,4405000,0.6017245795270213,10729375,8545625,1100.0,0.035196687370600506,0.005107832009080493,0.006488278475017761,-0.015153621576532883,0.013882925432946891,0.010493130058347537,0.4304932735387324,0.0005675368898977573,1059.65,1078.93,0.002783938092766336,-0.01513536559369022,0.005094831286708626,52.790140362889375,0,-7.11406686163923,-7.275382906082897,0.16131604444366676,0.5459651725391657,0.06056624916055014,-1,-1,64.49382716043009,60.3292181069363,0.020384636067865905,0.18523728761127675,38.333333333333336,0.19417608805251838,0.3095062195008804,0.021245900029037257,0.06883166881920444,0.008093513770437918,0.9946326229407799,0.646731653054653,0.5993325895493093,0.017028930879418813,0.035196687370600506,0.07010619302697114,0.0990448711570988,1,0.2362065359349539,0.18623689112883887,1.2683122789282104,0,1,0.01962455159988223,0.006488278475017761,-0.015153621576532883,20.563958968579595,0.0033548590617169527,-0.07127284100909803,-0.27106338823100495,0.061170713344626426,1.0,AXISBANK
AXISBANK,2024-04-25,1094.2,1132.5,1080.25,1127.6,5496200,4485000,-12340000,17394375,17714375,-3956250,3906250,39593750,1.0183967518235062,0.496593211702762,4418750,2098125,0.4748231966053748,4631875,15446875,1100.0,-0.02447676481021631,0.061170713344626426,0.10122564578348547,0.04219233790840593,0.0821497120921304,0.046337353671514724,0.9062200956920438,0.029738377564464652,1063.93,1080.373,0.05984416267987536,0.04371360631929888,0.05937274522311466,65.09744368514298,0,-1.0160516492387615,-6.023516611513752,5.007464962274991,1.238341852675159,0.08105210677538019,1,1,96.37573964489908,73.34335354414378,0.022028454872548547,0.2077775667742778,68.33333333333333,0.4076570475154327,0.5841407186671231,0.02746146193855361,0.139463030636508,0.007105182129121805,0.7366422278160578,1.0183967518235062,0.7029975161436368,0.37166509876885323,-0.02447676481021631,-0.1852990252041802,0.28289503462635224,0,0.3942900027828839,0.28206035284810793,1.3978923257442828,0,1,0.022465228138067478,0.10122564578348547,0.04219233790840593,19.066506485677074,0.05606288133554593,0.5840882168992083,-0.3626093675797065,0.02110677545228823,1.0,AXISBANK
AXISBANK,2024-04-26,1147.0,1160.45,1146.45,1151.4,2400,8125,8125,11372500,11256875,671875,939375,22637500,0.9898329303143548,0.8461893645948212,3400000,884375,0.2601102941176471,3669375,10261875,1100.0,-0.04464130623588682,0.02110677545228823,0.11802689712094017,0.05686355500481888,0.09704158925253692,0.012159110647906896,0.35357142856890633,0.01720468251152899,1069.0224999999998,1081.947,0.07705871485399074,0.06419260832554663,0.020887113001751924,69.33575978161963,0,5.667249362147459,-3.6853633522321476,9.352612714379607,1.2151562707866446,0.10775087627927168,1,1,94.45295740110673,85.10750806881197,0.02229273679247627,0.2068044703987796,68.33333333333333,0.3984407664574664,0.650811150501862,0.028297696052071154,0.22534497014660695,0.005474826882015584,0.7172473985489078,0.9898329303143548,0.7867703984805102,-0.028563821509151377,-0.04464130623588682,0.038625992598181884,0.05302896658787002,1,0.4031466547148545,0.288330736013054,1.3982090849890572,1,1,0.022643918586951063,0.11802689712094017,0.05686355500481888,19.33985430602819,-0.0400639378923382,-0.999253215839292,-0.5427829898104481,0.027357998957790564,1.0,AXISBANK
AXISBANK,2024-04-29,1151.8,1185.2,1149.35,1182.9,10200,25000,16875,12315000,14156250,942500,2899375,26496250,1.1495127892813641,0.593384216869138,3755000,784375,0.20888814913448736,2898750,13298125,1100.0,-0.07008200185983607,0.027357998957790564,0.12086037807362504,0.09797187543509556,0.11699716713881037,0.030306872939386366,0.9358437935817704,0.0003474031613686499,1075.2175,1084.297,0.10014950463510885,0.09093726165432536,0.026990457309982004,73.73696872493986,1,13.346178290038097,-0.27905494854777424,13.62523323858587,1.203074178584951,0.14244514687847568,1,1,98.77594465135779,96.53488056578787,0.022897721097061733,0.21589604467461476,71.66666666666667,0.4845478632417649,0.8317264154338467,0.02574816327112588,0.16064401104914633,0.004882669011303995,0.7219506627819745,1.1495127892813641,0.8868353693298225,0.1596798589670093,-0.07008200185983607,0.08287535722136734,0.25756482149797344,1,0.40413854223742757,0.29904542752337526,1.3514285954788414,1,1,0.023525814865899226,0.12086037807362504,0.09797187543509556,20.73112609785377,0.006251223505502335,-0.9964538144093341,-0.3425023806643527,0.003550595992898753,1.0,AXISBANK
AXISBANK,2024-04-30,1185.0,1202.05,1177.5,1187.1,13200,33750,8750,12470000,15448125,155000,1291875,27951875,1.2388231756214916,0.8502169463774034,3541250,1086250,0.3067419696434875,3003750,14293125,1100.0,-0.07337208322803464,0.003550595992898753,0.12287173666288287,0.11863927629099114,0.1256934237352425,0.020680650324319733,0.3910386965360824,0.001775297996449327,1081.845,1086.193,0.09729212595149939,0.09289969646278329,0.0035443075077970575,72.61133180012543,1,19.5445184038349,3.6856597919792056,15.858858611855695,1.0802932791237247,0.16766026671602352,1,1,92.6984126983674,95.30910491694398,0.023111544339747554,0.21872050491935655,73.33333333333333,0.511298573765443,0.9189331371953405,0.025908060951999046,0.11719065197859846,0.004620234076693822,0.7366940891667706,1.2388231756214916,1.008659460019074,0.08931038634012745,-0.07337208322803464,0.012586276898091758,0.09125827814569537,1,0.3825944482102678,0.29689461075094065,1.288654068572345,1,1,0.024265195390227173,0.12287173666288287,0.11863927629099114,21.380734055065158,-0.02380740296489181,-0.9949984085845496,-0.17136970514450034,-0.010824698845926961,0.0,AXISBANK
AXISBANK,2024-05-02,1185.0,1195.0,1172.6,1174.25,8000,36875,3125,14421250,14336875,1951250,-1111250,28795000,0.9941492589061282,0.8336364991799587,3592500,1190625,0.331419624217119,5762500,12853750,1100.0,-0.06323185011709602,-0.010824698845926961,0.10507246376811596,0.11224248164811734,0.10673892554194153,0.01907600596125194,0.07366071428538921,-0.00176901693201913,1087.5075000000002,1087.3980000000001,0.07976266830343692,0.07987139943240629,-0.01088371215238373,68.53413654618474,0,23.15465313820232,7.579458516261802,15.575194621940518,0.938204535002644,0.18202154914455482,1,1,86.42246642242424,92.63227459071648,0.023546944858420297,0.2202395168456187,76.66666666666667,0.5256852688506728,0.8921752953566279,0.028112148107420798,0.082208131013824,0.008167301185952845,0.7270745359464738,0.9941492589061282,1.078142981189369,-0.24467391671536343,-0.06323185011709602,0.1564755412991179,-0.07193429623336166,0,0.3905175476137296,0.30291188301102184,1.2892117126702451,1,1,0.025031427291111998,0.10507246376811596,0.11224248164811734,21.816081755691602,-0.014375294838825714,-0.9967727490933442,-0.010306798018551389,-0.007196082605918752,0.0,AXISBANK
AXISBANK,2024-05-03,1179.8,1182.0,1159.5,1165.8,5700,40625,3750,14130625,12162500,-290625,-2174375,26333750,0.8607191826263877,0.8503082680451206,3791250,1487500,0.39235080778107484,6651875,10335000,1100.0,-0.05644192828958651,-0.007196082605918752,0.03387726144022718,0.13853215489037551,0.10560007586893638,0.019300051466803914,0.2799999999987536,0.004726421119863704,1093.075,1088.855,0.06653248862154926,0.07066597480839953,-0.007222099295655157,65.27305461092217,0,25.046164230803242,11.072799698672165,13.973364532131077,0.8511045413644902,0.18949481075610014,1,1,82.29548229544211,87.13878713874459,0.024308874347474484,0.22217203944673747,78.33333333333333,0.5439883597790139,0.9999999952965677,0.01762529508831325,0.05163437014557213,0.0022007814561486524,0.7321661266759004,0.8607191826263877,1.0466074673499453,-0.13343007627974046,-0.05644192828958651,-0.020152552656669844,-0.15166310649984743,-1,0.3361632163348705,0.3034448484829553,1.1078231115298394,1,1,0.02321124932338251,0.03387726144022718,0.13853215489037551,21.63083465270239,0.003628616240008209,-0.9972799373908396,-0.004126820551849986,0.001844227140161303,1.0,AXISBANK
AXISBANK,2024-05-06,1168.0,1175.9,1164.1,1167.95,1700,43125,2500,13935000,11995000,-195625,-167500,25973125,0.8607822030857553,0.881608697743778,4751250,1596875,0.3360957642725598,5571875,10101250,1100.0,-0.05817886039642112,0.001844227140161303,0.014373805801632722,0.13409719862115854,0.0936373425722179,0.010103172224838548,0.32627118643791947,0.001887116143420866,1098.075,1090.479,0.06363408692484573,0.0710430920723828,0.0018425286412469565,68.87500000000004,0,26.413830267725416,14.141005840238597,12.27282442748682,0.8234395581600199,0.1967418187397109,1,1,83.34554334550268,84.02116402112301,0.023569991376832477,0.21730310372898848,73.33333333333333,0.49787424286539195,0.9815730157958298,0.011420569459061624,-0.03127789357618995,0.004126234872105186,0.7188432381561215,0.8607822030857553,1.0207973219042255,6.302045936756873e-05,-0.05817886039642112,-0.01384404440709452,-0.013771839671120247,-1,0.3391701759156224,0.3022955383353127,1.1219820764513213,1,1,0.020250114392640156,0.014373805801632722,0.13409719862115854,21.05846000978686,0.009040309746080055,-0.9989174181058638,-0.04193563260789379,-0.014983518130056939,0.0,AXISBANK
AXISBANK,2024-05-07,1170.0,1170.0,1148.0,1150.45,6500,56250,13125,14036250,10555000,101250,-1440000,24647500,0.7519814765339745,0.8395131217899078,3543750,1753125,0.4947089947089947,7728750,8270000,1100.0,-0.04385240558042509,-0.014983518130056939,-0.0274325809451349,0.09011228502392576,0.07881657914478613,0.0191229518883915,0.11136363636313223,0.0017552121238066309,1102.2775,1091.847,0.043702697369764065,0.053673271071862594,-0.015096905087154602,68.4897451833437,0,25.790268707776022,16.470858430607237,9.319410277168785,0.7202442625860644,0.1984283125315066,1,1,74.79853479849831,80.14652014648104,0.024155144260320557,0.2169690706025299,73.33333333333333,0.494710585848853,0.7946378983440835,0.013535873812004806,0.013021435067401855,0.011490131923297656,0.7006965079285831,0.7519814765339745,0.9412910593547474,-0.10880072655178075,-0.04385240558042509,0.007265877287405812,-0.1200500208420175,0,0.3582765385279835,0.309647712065627,1.157045650433695,1,1,0.019883544749906844,-0.0274325809451349,0.09011228502392576,21.572540113297162,-0.016827745270218242,-0.994413407821229,-0.07826217032376281,-0.0009996088487114196,0.0,AXISBANK
AXISBANK,2024-05-08,1150.9,1152.15,1143.0,1149.3,2200,51875,-4375,14539375,9608750,503125,-946250,24200000,0.6608777887632722,0.6781788228246197,4181875,1680625,0.40188312658795394,7620000,7437500,1100.0,-0.042895675628643486,-0.0009996088487114196,-0.03184230477634564,0.08711691259931897,0.07966181305777353,0.00796136778908909,0.6885245901563978,0.00039115128862622926,1106.5175,1092.757,0.03866409704320084,0.05174343426763661,-0.0010001087908287746,69.7321240244674,0,24.91614691586733,18.15991613743823,6.756230778429099,0.6948746312126806,0.19840497863952958,1,1,74.23687423683798,77.46031746027967,0.02391828566456607,0.21524272660911897,71.66666666666667,0.47836023058433835,0.7816913164771367,0.011571175075295547,0.027640038864164974,0.012584191518596227,0.6955268816911532,0.6608777887632722,0.8257019819831036,-0.09110368777070232,-0.042895675628643486,0.03584468786178645,-0.08964945523448603,0,0.3600735228893552,0.30946715677790904,1.1635274208804371,1,1,0.019554066697185023,-0.03184230477634564,0.08711691259931897,23.07970313629527,0.013983909281345519,-0.9974343424919532,-0.06886816500656501,-0.009484033759679655,0.0,AXISBANK
AXISBANK,2024-05-09,1148.45,1151.0,1138.0,1138.4,1400,52500,625,14441250,9071250,-98125,-537500,23565000,0.6281485328486107,0.6419080659150022,3998750,1845625,0.4615504845264145,8044375,6595625,1100.0,-0.033731553056922076,-0.009484033759679655,-0.030530125612092784,0.0713344626388106,0.05509986561008384,0.011419536191145467,0.03076923076900108,-0.0007395806142868782,1109.49,1093.584,0.026057017188077403,0.04098084829331805,-0.009529293599070225,76.47467036780016,1,23.07886589087775,19.143706092682738,3.935159798195013,0.6315935622389196,0.19801133691260447,1,1,68.91330891327533,72.64957264953722,0.02244378074490519,0.21397973404565102,71.66666666666667,0.4663983173225788,0.7130594650872406,0.010393001089724052,0.03892066286316857,0.01286052255379425,0.6883848143882826,0.6281485328486107,0.7525018367716001,-0.03272925591466147,-0.033731553056922076,-0.006748914585393113,-0.05593859763236633,-1,0.37132622417980243,0.3108431933771821,1.1945773044795982,1,0,0.019646707310464816,-0.030530125612092784,0.0713344626388106,25.37790823299249,-0.008484424910968236,-0.9974763406940063,-0.055279101583053936,0.002459592410400502,1.0,AXISBANK
AXISBANK,2024-05-10,1147.5,1157.45,1134.85,1141.2,6800,54375,1875,15013750,9407500,572500,336250,24475625,0.6265922904004663,0.5709701823494102,4429375,1986875,0.4485678001975448,8226875,6796250,1100.0,-0.03610234840518756,0.002459592410400502,-0.021101389603705556,0.012061014544164639,0.054762234853736214,0.01980371538731172,0.2809734513261947,0.007993675333801747,1112.4524999999999,1094.079,0.0258415527853999,0.043069101956988654,0.0024565725637022582,76.13236329500121,1,21.59947165876133,19.63485920771835,1.9646124510429814,0.6307722936604772,0.1976072458623037,1,1,63.584679832397654,68.91162099417032,0.021243302789044176,0.21469800827660562,73.33333333333333,0.47320115551605485,0.4369156880852133,0.012056003075738442,0.014097058137724239,0.011911326321666648,0.6906883573221442,0.6265922904004663,0.7056764583264158,-0.0015562424481444515,-0.03610234840518756,0.03964338267116766,0.03706765881218134,1,0.21714247743662993,0.3108464272366465,0.6985522699975082,1,0,0.016993343482044516,-0.021101389603705556,0.012061014544164639,27.48935070888947,0.011943626170080157,0.17039586919102967,-0.003932281333618226,0.009945671223273722,1.0,AXISBANK
AXISBANK,2024-05-13,1136.0,1153.25,1125.9,1152.55,4200,53750,-625,14833750,9353125,-180000,-54375,24240625,0.630530041290975,0.577770179214352,4610625,1565000,0.3394333740002711,7353750,7343750,1100.0,-0.0455945512125287,0.009945671223273722,-0.013185495954450177,0.0009987840889351673,0.057919133507733145,0.023729990022124777,0.9744058500878433,-0.004556607080266426,1115.6074999999998,1094.933,0.03311424492933224,0.05262148460225413,0.009896538538341638,74.43438914027152,1,21.098678250821195,19.927623017206752,1.1710552336144424,0.666777986424845,0.19855285244251827,1,1,67.55162241883478,66.6832037215026,0.020922550617574746,0.21959955338187606,85.0,0.5196241187968951,0.38442019100951946,0.011745156889097075,0.01327845525124185,0.009798911443658529,0.7048504303191292,0.630530041290975,0.6596260259674598,0.00393775089050874,-0.0455945512125287,-0.011989010074098742,-0.005779962795641775,-1,0.19467873841035752,0.3115548261947783,0.6248618926100723,1,0,0.018150431419466307,-0.013185495954450177,0.0009987840889351673,29.74577214476909,0.00748607881287322,-0.2988313856427496,0.0006140160779335435,-0.008242592512255453,0.0,AXISBANK
AXISBANK,2024-05-14,1149.2,1149.2,1138.95,1143.05,4200,63125,9375,16846875,9329375,2013125,-23750,26239375,0.553774809868299,0.5164168859398223,5118750,1325000,0.2588522588522589,8475000,7424375,1100.0,-0.03766239447093299,-0.008242592512255453,-0.006432265635186285,-0.03368839293262338,0.06098296746646881,0.008967236778793578,0.3999999999960887,-0.002906598412216311,1118.8925,1095.821,0.021590546008664946,0.04309919229509207,-0.008276750507706584,70.78189300411523,1,19.708756022594798,19.883849618180555,-0.1750935955857571,0.6099371929384825,0.19638982433080399,1,1,59.09878682838191,63.411696359871456,0.021202672049091757,0.2157017726271157,76.66666666666667,0.48270789565320904,0.21697522256719995,0.012017260582159262,-0.013420122762025644,0.011530143669061497,0.6958187767877932,0.553774809868299,0.6199846926343247,-0.07675523142267604,-0.03766239447093299,0.13571247998651723,-0.0025392582692950216,0,0.12501798631096833,0.30999705635037395,0.4032876561554768,1,0,0.016016467803407024,-0.006432265635186285,-0.03368839293262338,31.78939801961918,-0.018188263735529175,-0.22077922077923529,0.06906948200434937,0.0042867766064478285,1.0,AXISBANK
AXISBANK,2024-05-15,1148.0,1149.5,1140.0,1147.95,2700,67500,4375,17076250,9576250,229375,246875,26720000,0.5607934997437962,0.5757777186918354,5602500,1490000,0.26595269968763946,8331875,7655625,1200.0,0.045341696066901825,0.0042867766064478285,-0.0011746280344556714,-0.03297952994692943,0.0817470787787411,0.00827562176052964,0.8368421052543538,0.004330519224880841,1123.23,1096.873,0.022007959189124238,0.04656601083261225,0.004277614554059921,70.71099247755403,1,18.78569100385198,19.66421789489817,-0.8785268910461888,0.6154125709278516,0.19068944580419622,1,1,55.582922824256556,60.74444402382442,0.020972167777342256,0.21458147449356,73.33333333333333,0.472097453843395,0.22043779817376788,0.011726352549630814,-0.02071471024251361,0.010674164573071122,0.7093522290289804,0.5607934997437962,0.5999678348304294,0.007018689875497253,0.045341696066901825,0.01361528473381562,0.026462115629396397,1,0.12621178102757388,0.3025034188112181,0.4172243126436063,1,0,0.014775964947028018,-0.0011746280344556714,-0.03297952994692943,34.29898645433148,0.012529369118703282,-0.3778801843318116,0.06674651296254708,0.008972516224574179,1.0,AXISBANK
AXISBANK,2024-05-16,1151.0,1161.6,1133.0,1158.25,7200,77500,10000,17286250,9586250,210000,10000,26950000,0.5545592595270807,0.558324741351725,5946250,1260000,0.21189825520285893,7762500,8024375,1200.0,0.03604575868767537,0.008972516224574179,0.017436753338018196,-0.013625718543751386,0.09708737864077666,0.02469242391538952,0.8828671328640488,0.0026569101441700025,1128.355,1098.307,0.026494321379353147,0.054577636307517,0.008932502372717907,60.125536835150356,0,18.66934746732136,19.46524380908082,-0.7958963417594624,0.6447867569189921,0.18298856845118436,1,1,42.48194353244581,52.387884395028095,0.01823872221023098,0.21971652090251234,90.0,0.5207319284362902,0.31355265710848634,0.010966615491062436,-0.027684201013038656,0.011692319653763453,0.7301298760064399,0.5545592595270807,0.5852499801661235,-0.006234240216715481,0.03604575868767537,0.012297782007173706,0.0010442500978984468,1,0.13223224834241573,0.30092799657955843,0.43941490921904,1,0,0.015337606742441773,0.017436753338018196,-0.013625718543751386,35.015477919979205,0.00468573961812635,0.6901408450703828,0.047613957172219834,0.000561191452622678,1.0,AXISBANK
AXISBANK,2024-05-17,1150.2,1162.0,1147.0,1158.9,5300,82500,5000,18678125,10111250,1391875,525000,28871875,0.5413418102727121,0.667427054602765,7139375,1438125,0.20143569990370305,7958750,8367500,1200.0,0.0354646647683147,0.000561191452622678,0.015509989484753017,-0.0059186824498197455,0.13179354460667025,0.012943308309603933,0.7933333333280506,-0.006950140297863117,1135.1025,1099.6789999999999,0.02096506703139145,0.05385298800831895,0.0005610340435877463,52.925117004680196,0,18.417224280447726,19.25563990309971,-0.8384156226519828,0.6300740804147927,0.16117789927463352,1,1,43.33552199600358,47.13346278423532,0.017128311329709225,0.206840750048822,70.0,0.42868146122151296,0.350038469739543,0.010260155211436705,-0.034218101246356936,0.00975490949787822,0.7604205961857957,0.5413418102727121,0.5681998841405727,-0.01321744925436863,0.0354646647683147,0.08051919878516162,0.0547659408006259,1,0.12828769122448247,0.2720083477621139,0.4716314489344786,0,-1,0.014701932426721775,0.015509989484753017,-0.0059186824498197455,33.97526501954898,-0.0084113247719515,0.25592417061608397,0.08523034275377639,-0.002329795495728759,0.0,AXISBANK
AXISBANK,2024-05-21,1159.95,1163.0,1149.05,1156.2,7400,97500,11875,19361875,10209375,486875,31250,29668750,0.5272926821395139,0.5778782730361768,5945625,1390000,0.23378534636812784,10041875,8405625,1200.0,0.0378827192527244,-0.002329795495728759,0.003166890807340339,-0.010060362173038184,0.12268777006360154,0.012065386611312961,0.5125448028637142,0.0009060315816722362,1141.42,1100.53,0.012948783094741678,0.05058471827210531,-0.0023325136919696565,36.56941649899392,0,17.794557418948216,18.96342340598557,-1.1688659870373534,0.5957126905197397,0.1352880482658554,1,1,39.789888378148675,41.86911796886603,0.01581535572194629,0.19000968598115006,61.66666666666667,0.2883254012423597,0.33040623724890583,0.00934113683853235,-0.041658457004299265,0.010716663799506095,0.6941005682185692,0.5272926821395139,0.5475524123102804,-0.014049128133198252,0.0378827192527244,0.02606658858959344,0.0030906168871306715,1,0.12780403485066638,0.2737495034752756,0.46686490087286253,0,-1,0.014898153865369218,0.003166890807340339,-0.010060362173038184,32.83608443540936,-0.002890986948351437,0.5448851774529948,0.07146081617912614,-0.007351669261373428,0.0,AXISBANK
AXISBANK,2024-05-22,1151.15,1153.05,1138.0,1147.7,6800,112500,15000,20725000,10045000,1363125,-164375,30882500,0.48468033775633296,0.5511315526133467,8385000,1897500,0.2262969588550984,9823750,7725625,1200.0,0.045569399668902985,-0.007351669261373428,0.0040680635142820165,-0.0023903689860489408,0.08750651442649371,0.013113182887514119,0.6445182724209716,-0.004367756443521843,1146.0375,1101.055,0.0014506506113456386,0.04236391460917033,-0.007378825961752999,31.002892960462958,0,16.426299885087474,18.455998701411644,-2.0296988163241707,0.5126465361807319,0.1147073467841106,1,1,31.54848046305128,38.224630279067846,0.015537285751627498,0.18571469814054975,46.666666666666664,0.23932898777454334,0.3663021210026487,0.006707858844555448,-0.03334955525979692,0.010661535058705492,0.6925955709128798,0.48468033775633296,0.5337335178878871,-0.0426123443831809,0.045569399668902985,0.07040253074663481,-0.016100397918579736,0,0.10870770440591321,0.2681430633847511,0.40540934750712004,0,-1,0.01429717696528148,0.0040680635142820165,-0.0023903689860489408,34.1300433284244,-0.005021873765644669,0.4107883817427094,0.07910495350492908,0.027664023699573104,1.0,AXISBANK
AXISBANK,2024-05-23,1150.9,1183.45,1150.9,1179.45,25100,113125,625,18204375,13410000,-2520625,3365000,31727500,0.7366361108250077,0.6077390634363493,9179375,1740625,0.18962347654388234,3795625,11501875,1200.0,0.017423375302047524,0.027664023699573104,0.027440219521756237,0.02623335943617855,0.11563564131668569,0.027597609055068,0.8771121351739565,0.002788185065783781,1152.15,1102.328,0.02369483140216122,0.06996284227562044,0.027288288419012104,52.12071778140296,0,17.698290949488182,18.30445715093275,-0.6061662014445659,0.7609326912138434,0.09080821299879344,1,1,93.04952215448644,54.795963665228804,0.01592752069669278,0.19351250256050545,68.33333333333333,0.501024275118848,0.5011195734466078,0.011205123613004098,-0.03515852259171295,0.003928135937195298,0.6903009480886745,0.7366361108250077,0.5689020401041296,0.2519557730686747,0.017423375302047524,-0.12162243667068758,0.3349925335988054,0,0.17682614320763787,0.28033063409123,0.6307770954743903,0,-1,0.01626080109187937,0.027440219521756237,0.02623335943617855,32.60017649493559,0.03501569296094653,2.5302390998593034,0.07114672878659367,0.006613251939463272,1.0,AXISBANK
AXISBANK,2024-05-24,1185.0,1192.0,1177.1,1187.25,13300,125000,11875,18092500,13606250,-111875,196250,31823750,0.7520381373497306,0.681553687030284,8800625,1483750,0.16859598039911938,3352500,12009375,1200.0,0.010739102969046115,0.006613251939463272,0.02503777250161887,0.04291110330288106,0.11730660643704138,0.012550010528532399,0.6812080536867052,0.004705583110771931,1158.3825000000002,1103.348,0.024920524956134837,0.0760430979165232,0.006591480323596453,58.79458794587947,0,19.115013701459702,18.46656846111876,0.6484452403409406,0.926715816139087,0.058400752944981114,1,1,92.81391830545715,72.47064030766497,0.015365640886803256,0.194078564855968,70.0,0.5108796801221459,0.5768320654193291,0.014478130041400795,-0.03404369488364316,0.004037915065791891,0.692286424555858,0.7520381373497306,0.6083978156686595,0.01540202652472289,0.010739102969046115,-0.006145500738146736,0.014634601043997017,0,0.163892725770536,0.2803443168934766,0.5846122636912582,0,-1,0.016373848525618066,0.02503777250161887,0.04291110330288106,31.899271839545058,-0.021050771760109832,0.6024096385541975,0.04016604088102982,0.012592124657822668,1.0,AXISBANK
AXISBANK,2024-05-27,1190.9,1210.4,1184.0,1202.2,20800,148125,23125,16333125,14045000,-1759375,438750,30526250,0.8599089274097884,0.6121183022853844,7614375,2055625,0.2699663465484692,2780625,11923125,1200.0,-0.0018299783729829025,0.012592124657822668,0.037363016653723324,0.053452506133894184,0.06615821213196171,0.02195974047579445,0.6893939393913274,0.003074331438197592,1162.1125,1104.901,0.034495369424216715,0.08806128331859586,0.012513503175830418,62.70871985157699,0,21.199078482275354,19.013070465567512,2.1860080167078415,1.0580031650950932,0.06181930781386718,1,1,90.29585798805877,92.05309948266746,0.01604201820471993,0.17244434063210065,5.0,0.13421788270610735,0.6244897439114947,0.013991639630682373,-0.011626884407109194,0.0016040608910555566,0.8982565075227726,0.8599089274097884,0.6721112390960747,0.10787079006005784,-0.0018299783729829025,-0.09724333287273733,0.03224621038125861,0,0.16860506344426965,0.19197672279363162,0.8782578476333743,0,-1,0.016589451034466338,0.037363016653723324,0.053452506133894184,31.856566833133247,0.005978872718359396,1.1443298969071942,-0.012918037557698714,-0.0005822658459491148,0.0,AXISBANK
AXISBANK,2024-05-28,1202.05,1206.5,1196.0,1201.5,7500,155000,6875,16230000,13191875,-103125,-853125,29576875,0.8128080714725816,0.8137464307394815,7501250,1965625,0.26203966005665724,3231250,11141250,1200.0,-0.0012484394506866417,-0.0005822658459491148,0.039180072651790354,0.04247104247104261,0.0435122459614381,0.008739076154806492,0.5238095238045352,-0.00012477125270345278,1164.6174999999998,1106.575,0.0316691961094524,0.08578270790502218,-0.0005824354285380891,71.64052564646033,1,22.53446502683437,19.717349378045046,2.817115648789322,0.9659635718784307,0.06796496125588095,1,1,89.46745562119578,90.8590773049039,0.015367695142976055,0.17150732656010842,5.0,0.1179040366024256,0.5749723056464033,0.016048320341766443,0.0001132500321452401,0.002044427620297575,0.9509952440578398,0.8128080714725816,0.7292143169626882,-0.04710085593720681,-0.0012484394506866417,-0.006313856044082195,-0.06074225703097188,-1,0.1687152620327887,0.18034509377060332,0.9355134559626059,0,-1,0.015090359647734508,0.039180072651790354,0.04247104247104261,33.144392605372445,-0.013174390503771782,-0.25224327018943915,-0.04304797803113336,-0.019059508947149473,0.0,AXISBANK
AXISBANK,2024-05-29,1210.0,1210.0,1175.2,1178.6,23500,165625,10625,14860625,9480625,-1369375,-3711250,24506875,0.6379694662909534,0.8001101321585884,7730000,1750625,0.22647153945666235,4034375,7442500,1200.0,0.018157135584591966,-0.019059508947149473,0.026923412041474082,0.031101001705962084,-0.0036351339927298554,0.029526556931953128,0.09770114942500281,0.0070744902205576365,1164.4025,1107.925,0.012192948744098375,0.06379041902655858,-0.01924348277271071,60.48675733715102,0,21.497932120899804,20.073465926706678,1.4244661941931263,0.6810750273924573,0.06733644566908274,1,1,62.36686390525142,80.710059171502,0.017220794647402494,0.17028649415389002,5.0,0.09664878271804263,0.5240956725261926,0.01873939420887758,0.04257880049546161,0.006527523320165188,1.0054069492539228,0.6379694662909534,0.7598721426696124,-0.1748386051816282,0.018157135584591966,-0.08437307455329636,-0.28132846922821814,-1,0.19738685130254774,0.16937071519120983,1.165413105584209,-1,-1,0.017146291663050463,0.026923412041474082,0.031101001705962084,32.894366688969725,-0.018477243101200358,0.9648829431437962,-0.17296610955968583,0.004539283896147994,1.0,AXISBANK
AXISBANK,2024-05-30,1180.5,1194.0,1176.0,1183.95,26700,185625,20000,13600625,8657500,-1260000,-823125,22443750,0.6365516290611645,0.6332186410130359,6103125,1000000,0.1638504864311316,3948125,7312500,1200.0,0.013556315722792308,0.004539283896147994,0.0038153376573826225,0.031360250882007,-0.0026535253980286555,0.015203344735841885,0.44166666666421556,0.0016120821313423477,1164.245,1109.778,0.016925131737735688,0.06683498861934556,0.004529012418708173,66.97726425642932,0,20.867431098076395,20.232258961012967,0.635172137063428,0.7536488475400209,0.06672662581287919,1,1,68.69822485198965,73.51084812614562,0.017444631469716993,0.1676635139298245,3.3333333333333335,0.05098149021151112,0.5252833234446015,0.016456014185347766,0.0648882674238979,0.0013845698716342045,0.9880484450906414,0.6365516290611645,0.7398552463168436,-0.001417837229788943,0.013556315722792308,-0.08478782016234176,-0.08682180763399037,-1,0.19743211205892755,0.16969159221300995,1.1634761001873797,-1,-1,0.01783906396058169,0.0038153376573826225,0.031360250882007,31.911602551509127,0.023598792843297467,0.8593314763231068,-0.19195874061673057,-0.003167363486633712,0.0,AXISBANK
HDFCBANK,2024-01-01,1718.0,1721.3,1706.0,1711.35,1585700,92279550,163900,19280800,11659450,1918400,596750,123219800,0.6047181652213601,0.6271452341335854,7920000,3955050,0.499375,8944100,6552150,1700.0,-0.006632190960352885,0.0,0.0,0.0,0.0,0.008940310281356797,0.34967320261208873,0.0,1711.35,1711.35,0.0,0.0,0.0,50.0,0,0.0,0.0,0.0,0.0,0.0,0,0,34.967320261208876,34.967320261208876,0.008940310281356797,0.08511963148397274,100.0,0.0,0.5,0.0,0.0,0.0,0.0,0.6047181652213601,0.6047181652213601,0.0,-0.006632190960352885,0.0,0.0,0,0.0,0.0,0.0,0,0,0.008940310281356797,0.0,0.0,0.0,0.0,0.0,0.0,-0.0033891372308411105,0.0,HDFCBANK
HDFCBANK,2024-01-02,1708.0,1713.25,1701.35,1705.55,3124900,92328500,48950,22685300,12443200,3404500,783750,127457000,0.5485137952771177,0.6794325747961673,9274650,4418150,0.47636838047796953,11201850,6698450,1700.0,-0.0032540822608542433,-0.0033891372308411105,0.0,0.0,0.0,0.006977221424174074,0.35294117646762346,-0.0019575189178133692,1708.4499999999998,1708.4499999999998,-0.0016974450525328866,-0.0016974450525328866,-0.0033948933656595143,0.0,-1,-0.1301282051281305,-0.07229344729340584,-0.057834757834724665,0.3232233047013987,0.00960219925870097,0,-1,21.052631578842025,28.00997592002545,0.007973967341913179,0.0763576564923785,50.0,0.0,0.5269000162073044,0.0,-0.034387330607581035,0.0,0.0,0.5485137952771177,0.576615980249239,-0.05620436994424238,-0.0032540822608542433,0.17657462345960748,0.06722015189395726,1,0.0,0.0,0.0,0,0,0.007958765852765436,0.0,0.0,49.99999999970753,0.0,0.326752430688235,0.01690304008986865,-0.01571340623259354,0.0,HDFCBANK
HDFCBANK,2024-01-03,1707.55,1710.2,1674.75,1678.75,4430800,91392950,-935550,28036800,15013900,5351500,2570700,134443650,0.5355069052102951,0.6891420039973984,10585300,7373300,0.6965603242232152,16180450,5454900,1700.0,0.012658227848101266,-0.01571340623259354,0.0,0.0,0.0,0.021116902457185432,0.11283497884312302,0.001172642256163701,1698.55,1698.55,-0.011657001560154256,-0.011657001560154256,-0.01583817050738111,0.0,-1,-0.9968755584441169,-0.4512205420273037,-0.5456550164168132,0.21536678109683213,0.04095446626042834,0,-1,8.592910848531496,21.53762089619413,0.012439811367585027,0.13107137343394437,100.0,0.9999999981723048,0.24994512055627657,0.01232426900175243,-0.04460153619358076,0.0,0.9474611438839382,0.5355069052102951,0.5629129552362576,-0.013006890066822652,0.012658227848101266,0.2359016631915822,0.2065947666195191,1,0.13833957644098827,0.13833957644098827,0.999999999277141,0,0,0.012344811387572102,0.0,0.0,66.66666666640486,-0.01232426900175243,0.4540879952742467,0.04728520648539969,0.011943410275502497,1.0,HDFCBANK
HDFCBANK,2024-01-04,1677.85,1705.0,1675.5,1698.8,3255800,90820400,-572550,27410900,15550700,-625900,536800,133782000,0.5673181106785986,0.5565944146225446,12593900,4505050,0.3577168311642938,12927750,9829050,1700.0,0.0007063809748057721,0.011943410275502497,0.0,0.0,0.0,0.017365198963974572,0.7898305084718974,-0.000536113179449049,1698.6125,1698.6125,0.00011038421064246684,0.00011038421064246684,0.011872650601668658,38.08167141500476,0,-0.6427607437833558,-0.5161054342210883,-0.12665530956226745,0.5033010375788196,0.03343924689653207,0,-1,51.66487647679551,27.103472968056348,0.013561043089239477,0.1407358609679493,100.0,0.9999999984466793,0.5719686775729297,0.019990542754924234,-0.028093893223280302,0.0,0.639849181520879,0.5673181106785986,0.5640142440968429,0.031811205468303516,0.0007063809748057721,-0.02232423101067169,0.03575353505751337,0,0.219951615112556,0.219951615112556,0.9999999995453546,0,0,0.013599908281672719,0.0,0.0,74.99999999972992,0.027656816508096038,0.050495273126189844,0.03126897936211326,-0.0044737461737697215,0.0,HDFCBANK
HDFCBANK,2024-01-05,1696.75,1735.0,1677.75,1691.2,4979400,90969450,149050,32285550,14624500,4874650,-926200,137879500,0.4529735438919269,0.5902814077037848,15253700,5444450,0.35692651618951465,15066150,7607600,1700.0,0.005203405865657494,-0.0044737461737697215,0.0,0.0,0.0,0.03385170293282876,0.2349344978161843,-0.0012067341652931213,1697.1299999999999,1697.1299999999999,-0.003494134214821365,-0.003494134214821365,-0.00448378332314291,33.27800829875524,0,-0.7392298094782745,-0.5824798914013556,-0.15674991807691896,0.3836030770410837,0.030019128736567185,0,-1,27.30290456427011,29.186897296532376,0.017667928098391683,0.19055461114755085,100.0,0.9999999991243199,0.5485146735407965,0.018799413986373564,-0.028727466455858497,0.0,1.056568447772449,0.4529735438919269,0.5418061040558597,-0.11434456678667171,0.005203405865657494,0.17783618925318032,-0.059560019806182356,0,0.18035235809250036,0.18035235809250036,0.9999999994455298,0,0,0.01765026721190393,0.0,0.0,60.40816326508907,-0.01641715644927222,0.4327889230344255,0.04965963208946289,-0.012358088930936706,0.0,HDFCBANK
HDFCBANK,2024-01-08,1686.25,1690.5,1667.9,1670.3,2606100,90955150,-14300,35479400,14725700,3193850,101200,141160250,0.41504929621132264,0.5458722346670146,12212750,6122050,0.5012834947083991,22064350,5850350,1700.0,0.01778123690355029,-0.012358088930936706,-0.023986910918280868,0.0,0.0,0.013530503502364791,0.10619469026501124,-0.0029269157994323827,1692.6583333333335,1692.6583333333335,-0.013209005558318165,-0.013209005558318165,-0.012435085120071377,24.707332101047427,-1,-1.6770219752086177,-0.87916165147575,-0.7978603237328677,0.1463078222120933,0.037346049440334705,-1,-1,3.576751117729195,27.514844052931604,0.017232433295416,0.1816679589054161,83.33333333333334,0.9221813544749341,0.4635704871551775,0.016070646179071918,-0.027740838695820846,0.0,1.0687099176215806,0.41504929621132264,0.5038723302538521,-0.03792424768060426,0.01778123690355029,0.09892506090185857,0.006919894697254607,1,0.16998809106483082,0.16998809106483082,0.9999999994117235,0,0,0.016963639926980738,-0.023986910918280868,0.0,52.942105111899814,-0.007884342757166984,-0.21749313155879835,0.04606168403479716,-0.007842902472609659,0.0,HDFCBANK
HDFCBANK,2024-01-09,1672.0,1684.0,1655.0,1657.2,2937200,91471050,515900,36765300,14897300,1285900,171600,143133650,0.4052000119678066,0.548791869750077,6373400,4693150,0.7363652053848809,29233050,5878950,1700.0,0.025826695631185104,-0.007842902472609659,-0.028348626542757382,0.0,0.0,0.01749939657253198,0.07586206896525723,0.0010177812369035774,1687.5928571428572,1687.5928571428572,-0.018009591006632464,-0.018009591006632464,-0.007873819792655107,21.273209549071623,-1,-2.843003182391385,-1.3761575524257958,-1.4668456299655892,0.11412956813781618,0.04667263806590764,-1,-1,2.749999999996619,11.209885227331975,0.01738733147132858,0.17946162845562838,71.42857142857143,0.9028609579326806,0.4407632653023188,0.013759554234922944,-0.023659343819750857,0.00108883565771206,1.1705263871861198,0.4052000119678066,0.47520957359199,-0.009849284243516054,0.025826695631185104,0.036243566689402866,0.011653096287443042,1,0.15331702924697962,0.15331702924697962,0.9999999993477566,0,0,0.017040176590630916,-0.028348626542757382,0.0,49.46057989182269,0.004515186458327047,-0.10294547532929899,0.03660086148728037,0.004103306782524685,1.0,HDFCBANK
HDFCBANK,2024-01-10,1647.05,1667.45,1647.05,1664.0,2038600,93652900,2181850,35577300,15238850,-1188000,341550,144469050,0.42833070525306866,0.5684868294558728,6037900,4946700,0.8192749134632902,28387150,6128100,1700.0,0.021634615384615384,0.004103306782524685,-0.008786299329858527,0.0,0.0,0.01225961538461544,0.8308823529371021,-0.0061247888003862485,1684.64375,1684.64375,-0.012254074489042588,-0.012254074489042588,0.004094911177907102,26.571004453240946,-1,-3.2557109651093015,-1.8278495825034018,-1.4278613826058997,0.24257214691209592,0.04760197601800505,-1,-1,19.272313814645553,8.533021644123789,0.016684194711538473,0.17292258205319358,62.5,0.8455998302918086,0.5011749687485226,0.013683942285599326,-0.01456214382747949,0.0002251512592004786,1.1458248838769873,0.42833070525306866,0.45377433360054464,0.02313069328526207,0.021634615384615384,-0.032313077820662416,0.022926973344163035,0,0.15091536618886658,0.15091536618886658,0.9999999993373769,0,1,0.016442606439878982,-0.008786299329858527,0.0,47.62140055378461,0.011946209255134344,-0.34656329506981587,0.03129645174436724,-0.007301682692307798,0.0,HDFCBANK
HDFCBANK,2024-01-11,1665.05,1669.7,1645.55,1651.85,2345700,94126450,473550,38412550,15884000,2835250,645150,148423000,0.413510688564024,0.5385269401878388,6815050,5521450,0.8101848115567751,30496400,5728250,1700.0,0.02914913581741689,-0.007301682692307798,-0.027637155639274824,0.0,0.0,0.01461997154705336,0.2608695652163083,0.0006310096153845881,1681.0,1681.0,-0.017340868530636544,-0.017340868530636544,-0.007328470454189237,23.719081272084765,-1,-4.094772039348754,-2.351519916294979,-1.7432521230537752,0.16427297966611687,0.051651691643409346,-1,-1,7.043040804911021,9.688451539851064,0.01656391991470844,0.16947973220732185,55.55555555555556,0.8154514795476677,0.4824096079511311,0.010433576878946615,-0.021020189935691925,0.00277679774874935,1.20221825394325,0.413510688564024,0.42301284917762977,-0.014820016689044646,0.02914913581741689,0.07969266920199115,0.04233587180134984,1,0.14097251603958777,0.14097251603958777,0.9999999992906418,0,-1,0.016240091451787245,-0.027637155639274824,0.0,45.833318538952966,-0.011404989474832483,-0.22681125980618366,0.03782807573768254,-0.0032993310530615716,0.0,HDFCBANK
HDFCBANK,2024-01-12,1654.45,1660.8,1638.2,1646.4,3702000,96036600,1910150,43004500,17652800,4591950,1768800,156693900,0.41048727458754314,0.4572476719029249,7905150,6091250,0.770541988450567,33747450,6398700,1700.0,0.032555879494654945,-0.0032993310530615716,-0.026490066225165587,0.0,0.0,0.013726919339164182,0.3628318584054777,0.001573992795956132,1677.5400000000002,1677.5400000000002,-0.018562895668657764,-0.018562895668657764,-0.0033047858471794635,22.62958280657395,-1,-4.911131093271706,-2.9250214051626764,-1.9861096881090297,0.16453327052414413,0.05533453555191841,-1,-1,8.471074380156589,11.595476333237722,0.016329567541302242,0.16600386981274842,50.0,0.7850140444862393,0.48780146509317723,0.007950615916941416,-0.026039590872912254,0.0021359510374429694,1.2576868199472844,0.41048727458754314,0.41451559531675297,-0.003023413976480871,0.032555879494654945,0.1195429618705345,0.1113573407202216,1,0.13199142032349337,0.13199142032349337,0.9999999992423749,0,-1,0.015988774240524938,-0.026490066225165587,0.0,44.89843572492983,0.004002351639246227,0.19395475743560975,0.06757189204745173,0.020438532555879352,1.0,HDFCBANK
HDFCBANK,2024-01-15,1650.9,1686.2,1650.5,1680.05,4656200,98379600,2343000,48826250,19312700,5821750,1659900,166518550,0.39553928470853283,0.3300127596119847,23226500,8075650,0.34769121477622544,23222650,9450100,1700.0,0.011874646587899197,0.020438532555879352,0.0058372747410644354,-0.018289654366435815,0.0,0.02124936757834591,0.8277310924346538,0.0027332361516034984,1677.7681818181818,1677.7681818181818,0.0013600318605073713,0.0013600318605073713,0.020232468779404513,39.72422849638869,0,-3.639447539708044,-3.081333761215939,-0.5581137784921051,0.5258960893294344,0.052518812519313784,-1,-1,43.23347107433543,19.582528753134344,0.01670134276306712,0.16981102848803128,63.63636363636363,0.8183525751278405,0.5988039160972949,0.011121320087296205,-0.03382065191198928,0.0006906406838072775,0.9666899208710017,0.39553928470853283,0.41061359301619504,-0.014947989879010304,0.011874646587899197,0.1353753676940785,0.09403040877367896,1,0.17566235534799005,0.17566235534799005,0.999999999430726,0,0,0.01721967997022385,0.0058372747410644354,-0.018289654366435815,41.65101804776081,0.023737863608940923,0.3663881772589481,0.09661606177192228,0.002172554388262249,1.0,HDFCBANK
HDFCBANK,2024-01-16,1674.8,1688.7,1662.65,1683.7,4986600,99036300,656700,65981300,27218950,17155050,7906250,192236550,0.4125252154777187,0.36505867014341575,29150550,8637200,0.2962962962962963,32489600,16632550,1700.0,0.009681059571182487,0.002172554388262249,0.01599082790248607,-0.012811116648588361,0.0,0.01547187741284074,0.8080614203423871,-0.003124906996815571,1678.2625,1678.2625,0.003239957992268838,0.003239957992268838,0.002170197804564207,41.13497915998719,0,-2.4571009048202086,-2.947274722977302,0.4901738181570936,0.5645074982896913,0.050226067947715176,-1,-1,47.00413223135642,32.90289256194948,0.01656569856070955,0.16811715244620865,50.0,0.8035196398236186,0.6238007369520319,0.013871478429154215,-0.061913731766255385,5.942364068903597e-05,1.0023478709406421,0.4125252154777187,0.4120786337181775,0.016985930769185864,0.009681059571182487,0.35134891579836663,0.4093808737255795,1,0.17646099978139557,0.16772335954403356,1.0520955468332274,0,1,0.018069145569090516,0.01599082790248607,-0.012811116648588361,38.7691303908244,-0.018265978167617103,0.3875409033234647,0.18908071042538288,-0.08457563698996262,0.0,HDFCBANK
HDFCBANK,2024-01-17,1574.0,1601.95,1531.65,1541.3,14206200,119325250,20288950,112494800,41914400,46513500,14695450,273734450,0.37258966636680096,0.5346530707053213,9873050,8361650,0.8469166063171968,101851200,15024350,1700.0,0.10296502952053464,-0.08457563698996262,-0.07373798076923077,-0.08187639612807152,0.0,0.04561084798546679,0.13726884779496648,-0.06515412484409339,1667.7269230769232,1667.7269230769232,-0.07580792834097083,-0.07580792834097083,-0.08836753651107997,21.501592089827355,-1,-9.591561552268331,-4.35343665878324,-5.238124893485091,-0.23483174855234953,0.10316365411579141,-1,-1,4.745512662894085,31.661038656195313,0.024292680005390057,0.20042259789036634,100.0,0.9999999991939705,0.31430194345779244,0.02883187485377232,-0.14483696631293652,0.014548098014861722,0.48502191802247585,0.37258966636680096,0.40093042594092393,-0.039935549110917734,0.10296502952053464,0.7049497357584649,0.5398977550566793,1,0.454397520555923,0.4132237954503668,1.0996402565605339,1,1,0.02051854012191865,-0.07373798076923077,-0.08187639612807152,39.92617514758668,-0.08674819137822487,2.1076392686672296,0.4597513167704852,-0.032115746447803795,0.0,HDFCBANK
HDFCBANK,2024-01-18,1497.4,1518.65,1479.05,1491.8,11245600,124727900,5402650,142311950,50020850,29817150,8106450,317060700,0.3514873487433768,0.5534393369693152,16191450,13356750,0.8249261184143483,125305400,15095300,1600.0,0.07252982973588956,-0.032115746447803795,-0.09689136422798683,-0.12185071815399107,0.0,0.02654511328596336,0.3219696969688828,-0.028482449879971367,1655.1607142857142,1655.1607142857142,-0.09869779585495586,-0.09869779585495586,-0.03264277163161123,18.441857122322816,-1,-17.676056497294212,-7.140538669216189,-10.535517828078023,-0.15242296196296937,0.15127885069831212,-1,-1,4.981441687827707,18.91036219402607,0.026286556987723364,0.20452925081641704,100.0,0.9999999992197959,0.11627966479703819,0.03704285506723759,-0.1710188781849562,0.01521278973785263,0.49979571638262915,0.3514873487433768,0.38852575797679445,-0.021102317623424183,0.07252982973588956,0.26505358469902607,0.19340489187486878,1,0.45375594239975114,0.40922569774458767,1.108815855870505,1,1,0.02143653155411753,-0.09689136422798683,-0.12185071815399107,41.47227934591515,0.05245989054215883,1.094012319472065,0.43305029002865236,-0.01052419895428347,0.0,HDFCBANK
HDFCBANK,2024-01-19,1509.0,1510.85,1472.85,1476.1,7624400,114247650,-10480250,152753150,54648550,10441200,4627700,321649350,0.35775727047200007,0.39348069854227163,21072700,17989950,0.8537088270606045,131078750,14347300,1600.0,0.08393740261499905,-0.01052419895428347,-0.10343780369290578,-0.1271877956480606,0.0,0.02574351331210623,0.08552631578924862,0.011529695669660844,1643.2233333333331,1643.2233333333331,-0.10170457657409115,-0.10170457657409115,-0.01057996997811184,17.64544079218811,-1,-24.479113899810727,-10.734712463463834,-13.744401436346893,-0.049743169417561066,0.18500380219701776,-1,-1,1.239748235742422,3.6555675288214045,0.02766459879799085,0.2073045253192667,100.0,0.9999999992363314,0.08908612466528053,0.04056069423809241,-0.16276833309042557,0.015634261629882046,0.5272590436830351,0.35775727047200007,0.3779797571536859,0.0062699217286232845,0.08393740261499905,0.073368399491399,0.09251542106941406,1,0.4517620109253743,0.3931739583231561,1.1490130545196546,1,1,0.020625712592045275,-0.10343780369290578,-0.1271877956480606,45.923560249811416,0.021591547493520324,0.3530770950831077,0.26514101326023076,-0.03217939164013284,0.0,HDFCBANK
HDFCBANK,2024-01-23,1470.3,1477.95,1426.15,1428.6,14024300,62398600,-46833050,134259400,51780850,-8126800,855250,248438850,0.3856776508758418,0.5003711689319091,5617700,7602100,1.3532406500881144,127472950,14026650,1600.0,0.1199776004479911,-0.03217939164013284,-0.14966816463795718,-0.14470454409387534,0.0,0.03625927481450368,0.04729729729720252,-0.003929273084479341,1629.809375,1629.809375,-0.12345577224330306,-0.12345577224330306,-0.03270853082207904,15.829734731647108,-1,-32.2144153381505,-15.155075187892281,-17.059340150258222,-0.05314142186807896,0.2231902500202621,-1,-1,0.7932653391610898,2.3381517542437398,0.03057938841223175,0.21799076294178357,100.0,0.9999999992939503,0.0,0.0401441600534741,-0.10470647401825235,0.008603311147194415,0.5597743461892684,0.3856776508758418,0.3760074303871477,0.02792038040384176,0.1199776004479911,-0.053202176190801954,0.01565000352250883,0,0.4616626712153024,0.3894261399612266,1.1854948184595893,1,1,0.022898589723259165,-0.14966816463795718,-0.14470454409387534,43.545243852707806,-0.021655192685849367,1.0694942066026432,-0.08197769465957894,0.02134957300853979,1.0,HDFCBANK
HDFCBANK,2024-01-24,1390.0,1462.75,1385.6,1459.1,10553400,27233800,-35164800,114987950,47010700,-19271450,-4770150,189232450,0.4088315340868326,0.5028672947407526,10087000,9446250,0.9364776444929117,103508900,13623500,1600.0,0.09656637653347962,0.02134957300853979,-0.13339668587040454,-0.11953898141443409,0.0,0.05287505996847378,0.9526895657797102,-0.027019459610807723,1619.7676470588235,1619.7676470588235,-0.09919178676680207,-0.09919178676680207,0.02112486354910459,23.144638708888593,-1,-35.826403894908026,-19.38458093175555,-16.441822963152475,0.08718545266797827,0.2402817134422076,-1,-1,21.036061820257284,7.6896917983869315,0.03198155418702331,0.24580874277986756,100.0,0.9999999994098592,0.1312045201143743,0.0471967573496852,-0.02615466807967324,0.013553229873793496,0.6169963872575707,0.4088315340868326,0.37526869410897046,0.023153883210990767,0.09656637653347962,-0.1435389253936782,-0.09212189448415775,-1,0.4964795847701415,0.3983957569196477,1.246196968773582,1,1,0.02643615606285335,-0.13339668587040454,-0.11953898141443409,41.25534188259851,0.05352896464867263,0.3999708157011528,-0.29919918721046,-0.015180590775135228,0.0,HDFCBANK
HDFCBANK,2024-01-25,1454.85,1455.85,1421.4,1436.95,7947700,5259650,-21974150,101297350,45901900,-13690600,-1108800,152458900,0.4531401857995298,0.60008138136013,6913500,5976300,0.8644391408114559,92745950,15080450,1500.0,0.04387765753853645,-0.015180590775135228,-0.06770258872380452,-0.13644831730769225,0.0,0.02397439020146826,0.4513788098680667,-0.0029127544376670554,1609.611111111111,1609.611111111111,-0.10726883650295094,-0.10726883650295094,-0.015296995507505571,18.148643717309326,-1,-39.549344941502795,-23.491517729838932,-16.057827211663863,0.08400993664949898,0.2578639394388001,-1,-1,14.696622781907678,12.175316647108685,0.03288214621246389,0.2448692621051289,94.44444444444444,0.9944557406224572,0.04453374337187724,0.037153151830775236,0.09750052327687841,0.002420441337822564,0.6338168307610245,0.4531401857995298,0.3913787979955162,0.04430865171269721,0.04387765753853645,-0.1190611711922858,-0.023586119755715187,-1,0.48812344526398904,0.386340737824416,1.2634532094295627,1,-1,0.02760763354453863,-0.06770258872380452,-0.13644831730769225,38.96543991249586,-0.03653016378367502,-0.02232812290493169,-0.37966346724075806,0.035491840356310256,1.0,HDFCBANK
HDFCBANK,2024-01-29,1497.1,1497.1,1483.0,1487.95,24200,105600,105600,64969300,36049750,5027550,1135750,101124650,0.5548736095355806,0.45976480619604193,16611100,8614650,0.5186080392027018,42787800,18058700,1500.0,0.008098390402903293,0.035491840356310256,-0.002580774902801952,-0.09922208432969093,0.0,0.009476124869787229,0.3510638297847497,0.041859494067295215,1603.207894736842,1603.207894736842,-0.07189204538926064,-0.07189204538926064,0.03487652191546362,27.637803938827133,-1,-38.65782404855804,-26.569132090828653,-12.088691957729388,0.2246137627124187,0.2610589624862006,-1,-1,33.56838307640753,23.100355892857497,0.031894312884937555,0.2392351801478209,89.47368421052632,0.9612067241810731,0.23686767747838866,0.03679565994863256,0.1964979584261696,0.0018775713177202995,0.5813027727788755,0.5548736095355806,0.4320560501539569,0.10173342373605082,0.008098390402903293,0.04963160438056869,0.02474298449519519,1,0.5484126001114346,0.41155004120493743,1.3325538696886898,1,0,0.027093248876812016,-0.002580774902801952,-0.09922208432969093,43.323455896557206,0.05067243113144548,-0.9969355684267309,-0.5008182906142555,-0.0072583084109009155,0.0,HDFCBANK
HDFCBANK,2024-01-30,1492.0,1494.0,1473.0,1477.15,28200,203500,97900,70394500,38059450,5425200,2009700,108657450,0.5406594265176967,0.4665142196288697,21402150,11476850,0.5362475265335492,45649450,16800300,1500.0,0.015468977422739673,-0.0072583084109009155,0.000711333920466295,-0.10280004859086489,0.0,0.014216565683918355,0.19761904761811092,0.002721865654087808,1596.905,1596.905,-0.07499193752915789,-0.07499193752915789,-0.00728477809257728,28.266006526386846,-1,-38.20818394972525,-28.924093317009763,-9.28409063271549,0.21667972336219807,0.26468962412119035,-1,-1,30.204552952810932,26.156519603708713,0.03201628618817122,0.23512224939308884,85.0,0.9369346416443647,0.2190741976238145,0.04102738020337073,0.1844944024086787,0.0023421377910890634,0.5878715363159516,0.5406594265176967,0.46863648136309627,-0.014214183017883908,0.015468977422739673,0.08350405499212706,0.05574795941719429,1,0.5474493323714383,0.39995515143964244,1.3687767997587017,1,0,0.027142213511287434,0.000711333920466295,-0.10280004859086489,46.71313869995919,-0.04275014876721117,-0.9962548209220047,-0.32081648200684,0.012625664285955907,1.0,HDFCBANK
HDFCBANK,2024-01-31,1470.5,1505.0,1470.5,1495.8,40600,253000,49500,67257300,37060100,-3137200,-999350,104570400,0.5510197406080827,0.4599983277210636,17446550,8520600,0.4883830900665174,42538100,19688900,1500.0,0.0028078620136382172,0.012625664285955907,0.04703905921881568,-0.10966935507871789,-0.12595319484617407,0.02306458082631368,0.7333333333312064,-0.0045019124665742075,1586.1275,1592.0904761904762,-0.056948448343528524,-0.06048053024026523,0.01254662517220968,32.06268059568791,0,-36.16896776477802,-30.38655705369729,-5.7824107110807255,0.2836330285569727,0.26320305711975,-1,-1,36.35763774330704,33.37685792417516,0.03187973946096688,0.23950826855407564,90.47619047619048,0.9628183302915838,0.1839595451259796,0.040673136205572225,0.146495285875617,0.0042181216680021,0.6052340888561784,0.5510197406080827,0.5017048993095445,0.010360314090385958,0.0028078620136382172,-0.044565981717321665,-0.026257604878683217,-1,0.5364860918557403,0.39572831884964516,1.3556929493438805,0,0,0.02732373483608421,0.04703905921881568,-0.10966935507871789,48.75567891292328,0.019883972696856822,-0.9942558983152522,-0.2030227857482393,0.00010028078620138992,1.0,HDFCBANK
HDFCBANK,2024-02-01,1498.0,1501.0,1488.15,1495.95,21400,302500,49500,71659500,37447300,4402200,387200,109409300,0.5225727223885179,0.43491518368196436,19510700,8553050,0.4383774031685178,44323400,19947950,1500.0,0.002707309736287947,0.00010028078620138992,0.025255294359536773,-0.11151036407911152,-0.1228929084459558,0.008589859286740806,0.6070038910458606,0.0014707848642866999,1575.6474999999998,1587.7204545454545,-0.05058079297558604,-0.05780013369653736,0.00010027575841947314,31.043429216018055,0,-34.14915685926917,-31.144670907709145,-3.0044859515600244,0.3051356597922846,0.2595692619885655,-1,-1,36.407126360925005,34.32310568568099,0.031516045704354116,0.239748553224871,90.9090909090909,0.9642363481746081,0.17464578673369624,0.032472419975788605,0.0895777132297991,0.005155674495693867,0.605006385712529,0.5225727223885179,0.5244531369698815,-0.028447018219564746,0.002707309736287947,0.06545311810019136,0.010447894096346205,1,0.535158527720056,0.3962744176361269,1.3504745796545714,0,0,0.02663553302347422,0.025255294359536773,-0.11151036407911152,50.29254494516966,-0.012525383499754517,-0.9967435632113945,-0.05063025330398574,-0.01113005113807286,0.0,HDFCBANK
HDFCBANK,2024-02-02,1503.25,1509.0,1477.0,1479.3,50100,473000,170500,77755150,38614950,6095650,1167650,116843100,0.4966224102197732,0.442150737648018,25346200,12219900,0.48211960767294504,49244250,16672150,1500.0,0.013993104846887072,-0.01113005113807286,0.02947214586450464,-0.04022578342957239,-0.11880863737900227,0.021631852903400257,0.07187499999977397,0.004879842240716571,1565.675,1583.0065217391304,-0.05516789882957829,-0.06551237806979837,-0.011192453617796593,30.731434952540482,0,-33.30902161686572,-31.580111436739934,-1.7289101801257871,0.2870125946120387,0.2590195355875953,-1,-1,30.91388980533457,34.55955130318887,0.032249809272725485,0.2399443879057315,91.30434782608695,0.9653920485305957,0.5047443031284028,0.027412453603908447,0.037122731999724046,0.0060661218211507835,0.6072204818477873,0.4966224102197732,0.5331495818539301,-0.025950312168744716,0.013993104846887072,0.08506408780412925,0.03118115324736363,1,0.34734555810115625,0.39515200000311684,0.8790175881952128,0,0,0.024237633515267566,0.02947214586450464,-0.04022578342957239,52.21472630456284,-0.01123033192427425,-0.9902831463986548,0.08067000502585153,-0.00408977218954909,0.0,HDFCBANK
HDFCBANK,2024-02-05,1479.15,1484.9,1465.0,1473.25,58400,592350,119350,80741650,39082450,2986500,467500,120416450,0.4840432416231276,0.39083635838254643,27550050,11851950,0.4301970413846799,49575900,17482300,1500.0,0.01815713558459189,-0.00408977218954909,-0.009879364225948484,-0.012434642713500477,-0.13277019072286322,0.013507551332088981,0.4145728643195229,-0.00010139931048459648,1554.3974999999998,1578.4333333333334,-0.05220511484353252,-0.06663780541887532,-0.004098158180167371,30.690308910449417,0,-32.67927228545591,-31.800986660235466,-0.8782856252204425,0.29361238756655894,0.25294693915017435,-1,-1,28.917848894744683,32.07962168700142,0.032251339361470004,0.23878070142384072,75.0,0.9585246597950066,0.6307060258903715,0.018686023167324105,-0.03633551668499861,0.015406098373210688,0.6129589530516146,0.4840432416231276,0.5189835082714397,-0.012579168596645596,0.01815713558459189,0.0384090314275003,0.01210670996595878,1,0.3100499513523586,0.38955414579357345,0.795909771775512,0,-1,0.022933877319880128,-0.009879364225948484,-0.012434642713500477,53.81828340035961,0.0070402789485237705,-0.9855347796902362,0.0753452377911854,0.0,0.0,HDFCBANK
HDFCBANK,2024-02-06,1475.25,1480.4,1466.0,1473.25,31800,668800,76450,81963750,39263400,1222100,180950,121895950,0.4790337191746351,0.3646632124352327,28546650,11817850,0.41398377743097703,49459850,17759500,1500.0,0.01815713558459189,0.0,-0.0026402193412992103,-0.001930763498407928,-0.12887298959318827,0.009774308501612143,0.5034722222187227,0.0013575428474461226,1543.5,1574.226,-0.04551344347262709,-0.06414326786624036,0.0,25.06631299734748,-1,-31.80530514267548,-31.80185363205038,-0.0034515106250978533,0.31382201734384196,0.2444620079308936,-1,-1,28.917848894744683,29.583195864941313,0.031019854064143888,0.22876620965505085,68.0,0.899425057766552,0.6780066556117738,0.01095394785179169,-0.023894773053610985,0.015939705150129498,0.5862313991817175,0.4790337191746351,0.5066583668028273,-0.005009522448492509,0.01815713558459189,0.015135930464636281,0.0046299553891836365,1,0.3055418279344361,0.390231928749889,0.7829749575718836,0,0,0.021336956838830717,-0.0026402193412992103,-0.001930763498407928,58.16250115548326,0.00408977218954909,-0.9902989923764723,0.06341357152727656,-0.007093161377906054,0.0,HDFCBANK
HDFCBANK,2024-02-07,1479.0,1481.5,1460.05,1462.8,50300,837100,168300,88538450,41601450,6574700,2338050,130977000,0.4698687406431895,0.45901368764810546,18228100,8704850,0.4775511435640577,66498300,18250100,1500.0,0.02543068088597214,-0.007093161377906054,-0.022061772964300008,0.023939521209575876,-0.1242291803867569,0.014663658736669433,0.12820512820453026,0.0039029356864076024,1533.125,1569.9403846153846,-0.045870362821035515,-0.06824487456040096,-0.00711843744279664,23.795966785290616,-1,-31.485995468271312,-31.738490495966506,0.2524950276951934,0.3068078229212102,0.23743385221208077,-1,-1,35.68292119249564,31.172872993995004,0.03101683659517949,0.2290794723314948,69.23076923076923,0.9012737486373064,0.7907558058220581,0.008395785588001536,-0.04631726370407385,0.0197430657749033,0.5879187040914041,0.4698687406431895,0.4904281668098487,-0.0091649785314456,0.02543068088597214,0.0802147290723033,0.0595478231635569,1,0.25307339544588053,0.3896448108871321,0.6494976663611676,0,0,0.019177395231047292,-0.022061772964300008,0.023939521209575876,62.774338813491624,-0.007093161377906054,-0.9732533592823606,0.09230916009525947,-0.01910719168717534,0.0,HDFCBANK
HDFCBANK,2024-02-08,1462.95,1470.3,1430.15,1434.85,102400,1190200,353100,94212250,43408200,5673800,1806750,138810650,0.4607490002627047,0.4223111416897513,17209500,8311050,0.4829338446788111,73889200,18037800,1500.0,0.04540544307767369,-0.01910719168717534,-0.04084361108325818,-0.016619834144335544,-0.13417209751387893,0.027982019026378972,0.11706102117031451,0.00010254306808865938,1522.0075,1564.937037037037,-0.057264829509710014,-0.08312605169300391,-0.019292093161830594,32.665689627096555,0,-32.85044283249522,-31.961419973675355,-0.8890228588198639,0.2540659652728814,0.2328462978833579,-1,-1,37.016159338566645,33.872309808602324,0.026050508017264114,0.2336446306355659,70.37037037037037,0.9282146104600025,0.608924347208379,0.00829351494990449,-0.04902431706534314,0.01741575390463728,0.5956171917579838,0.4607490002627047,0.478063422384686,-0.009119740380484798,0.04540544307767369,0.06408289279968195,0.04342997659937334,1,0.2500904627516738,0.3922731476007171,0.6375416319408106,0,0,0.016688091136837814,-0.04084361108325818,-0.016619834144335544,63.28109863959058,-0.012014030309269286,-0.8774401263898697,0.1035230290686846,0.0008711712025646356,1.0,HDFCBANK
HDFCBANK,2024-02-09,1430.0,1445.0,1419.75,1436.1,95300,1435500,245300,95538850,43948850,1326600,540650,140923200,0.4600102471402995,0.4227880706327775,18770400,8062450,0.42953000468823255,72637950,18863350,1500.0,0.04449550866931279,0.0008711712025646356,-0.029203001419590424,-0.0005915306726053116,-0.13695913461538467,0.0175823410626001,0.6475247524726795,-0.0033801442659510818,1510.6124999999997,1560.3357142857144,-0.04932601841968065,-0.07962114380147145,0.0008707919531773269,39.2387944358578,0,-33.44207679766009,-32.25812524994317,-1.183951547716923,0.2779891773315397,0.2221784407932222,-1,-1,40.319361277412916,37.672813936158406,0.02418753170789936,0.23518813649111156,75.0,0.9373234682929708,0.681068408051531,0.010043121142997635,-0.03847913090737594,0.016586798762768074,0.6011360745441515,0.4600102471402995,0.47074098976879125,-0.0007387531224052335,0.04449550866931279,0.01408097142356753,0.012455020019259034,1,0.2383242089257547,0.3912394321191651,0.609151811651362,0,0,0.016048886222950996,-0.029203001419590424,-0.0005915306726053116,62.709995385049695,0.019978362889739976,0.8957628804455899,0.07900599251251772,-0.010793120256249567,0.0,HDFCBANK
HDFCBANK,2024-02-12,1437.95,1445.5,1414.0,1420.6,96800,1700600,265100,99084700,44506000,3545850,557150,145291300,0.44917126458474416,0.41756749962290685,13258850,10599600,0.799435848508732,84047150,13300100,1500.0,0.05589187667182887,-0.010793120256249567,-0.03573731545901926,-0.04526361772909049,-0.13999455156339857,0.022173729410108405,0.20952380952314148,0.001288211127358914,1499.05,1555.5172413793102,-0.05233314432473901,-0.08673464863666591,-0.010851788502863448,39.269141531322504,0,-34.63212174062005,-32.733660403086255,-1.8984613375337958,0.252435516830293,0.21139197212259717,-1,-1,28.36304700159774,35.23285587252577,0.024124615353673485,0.23781275365398902,75.86206896551724,0.9528124050642327,0.47304233470242313,0.010967923645055722,-0.038561901079924785,0.0164186588152367,0.6074918094134217,0.44917126458474416,0.46376659436111456,-0.010838982555555321,0.05589187667182887,0.037114221073416734,0.012677237288347704,1,0.13746769754403831,0.3914666007149391,0.3511607305907163,0,0,0.017318646676983112,-0.03573731545901926,-0.04526361772909049,62.07894277277352,-0.011664291458814202,0.6826003824091749,0.07163082475079952,0.0031324792341265173,1.0,HDFCBANK
HDFCBANK,2024-02-13,1421.55,1434.5,1415.3,1425.05,79800,1821600,121000,98743150,45255650,-341550,749650,145820400,0.4583168553970579,0.3881656982418207,22129250,13372700,0.60429973903318,74812650,14256550,1500.0,0.05259464580190172,0.0031324792341265173,-0.03271678262345157,-0.03527062248248325,-0.1344448493683188,0.013473211466264373,0.507812499997354,0.0006687315218921903,1487.9824999999998,1551.1683333333335,-0.042293844181635176,-0.0813053816424395,0.003127583242780024,49.17652516817445,0,-34.8359880685814,-33.154647092464074,-1.6813409761173261,0.2837384348075329,0.19556801109810606,-1,-1,31.96920583465806,33.550538037889574,0.022415253600124297,0.23775393238994175,73.33333333333333,0.9524652767849087,0.5197433521429117,0.01293508910522112,-0.036832925534179536,0.01574454813998749,0.6049985279714978,0.4583168553970579,0.45962322160559915,0.009145590812313753,0.05259464580190172,-0.003447050856489448,0.016843796342066238,0,0.14164759984488282,0.39298266249772223,0.36044236381461126,0,0,0.017244311255217713,-0.03271678262345157,-0.03527062248248325,60.2626619716616,0.013925599490376084,0.2729302919125838,0.03886944071546283,-0.008315497701834929,0.0,HDFCBANK
HDFCBANK,2024-02-14,1410.0,1420.0,1394.8,1413.2,186500,2268750,447150,105342600,46824250,6599450,1568600,154435600,0.44449491468788505,0.37724926431569283,19256600,10719500,0.5566662858448532,82383400,15958800,1500.0,0.061420888763090827,-0.008315497701834929,-0.033907574514629446,-0.05522128626821765,-0.15883455849528283,0.01783187093121996,0.7301587301558351,-0.010561032946212382,1474.6399999999999,1546.717741935484,-0.04166440622796064,-0.08632327561485553,-0.008350264321499275,38.34433722701881,0,-35.45827697653931,-33.61582980251288,-1.8424471740264323,0.23879659923169977,0.15950943251667346,-1,-1,16.11208406303325,25.481445633096353,0.02023270389389833,0.23643803042910208,70.96774193548387,0.9446996024012665,0.4256240606487842,0.013806052216832199,-0.03374943020749477,0.014860722968048272,0.6230559909827269,0.44449491468788505,0.4545484564145383,-0.013821940709172864,0.061420888763090827,0.06683450953306634,0.03466086554938444,1,0.11021652990991689,0.3794811923626159,0.290440032599968,0,-1,0.016721040265708344,-0.033907574514629446,-0.05522128626821765,57.82534056351074,-0.011447976935961446,1.413302277432709,0.06466023555141343,0.019247098782904093,1.0,HDFCBANK
HDFCBANK,2024-02-15,1416.95,1441.5,1411.6,1440.4,132800,2342450,73700,106251200,48541900,908600,1717650,157135550,0.4568597813483518,0.33298752365299344,22658900,6742450,0.2975629884945871,72273850,25184500,1500.0,0.04137739516800882,0.019247098782904093,0.003868000139387595,-0.03713359403723382,-0.14450317752568742,0.020758122743682373,0.963210702337919,0.002653552221907727,1462.475,1543.3953125,-0.015094275115813849,-0.06673294370265226,0.01906421628973006,50.854171824709105,0,-33.53211213010718,-33.599072991918604,0.06696086181142391,0.33078054421495984,0.08919940704105993,-1,-1,39.929947460560584,29.337079119417297,0.019463839409687784,0.2383299632787846,78.125,0.9558646700913974,0.5116787382864111,0.016915765451926145,-0.02528409740219071,0.012728636353694655,0.6104272401093194,0.4568597813483518,0.4537706126316676,0.012364866660466767,0.04137739516800882,0.00862519056867782,0.036682915369706935,1,0.16596246472915915,0.390431402070229,0.4250745811086147,0,0,0.017937866611402502,0.003868000139387595,-0.03713359403723382,54.242492095663856,0.02756259648473902,0.5019226419362117,0.056577942043370966,0.003471257983893361,1.0,HDFCBANK
HDFCBANK,2024-02-16,1449.55,1452.0,1435.05,1445.4,122700,2538250,195800,108381900,50117650,2130700,1575750,161037800,0.46241715637020575,0.32772321681552863,25655300,7764900,0.3026626077262788,72307400,26040300,1500.0,0.03777501037775004,0.003471257983893361,0.006475872153749895,-0.022916244169539524,-0.06222020372412884,0.011726857617268606,0.6106194690229527,0.006352402110524759,1457.6799999999998,1540.4257575757576,-0.00842434553537108,-0.06168798275958731,0.0034652470741605088,36.3578069894197,0,-31.26896672286989,-33.13275617471225,1.863789451842358,0.3861970503047495,0.07402572216235956,-1,-1,44.30823117334134,33.450087565645056,0.017261657672616584,0.21971754479598735,51.515151515151516,0.846025194407921,0.5773037914829543,0.0160752610337803,-0.027207041729297953,0.004746883816278767,0.8301746471299745,0.46241715637020575,0.45425199447764897,0.005557375021853939,0.03777501037775004,0.02005342057313235,0.03246164653629133,1,0.16390093209334103,0.2646642432078154,0.6192787134555139,0,-1,0.016947367082789332,0.006475872153749895,-0.022916244169539524,52.74913069477835,-0.015775840799010732,0.28239966555183815,0.054297798547152,-0.00024214750242157468,0.0,HDFCBANK
HDFCBANK,2024-02-19,1447.8,1452.45,1442.95,1445.05,95600,2763200,224950,110323950,51719800,1942050,1602150,164806950,0.4687993858087931,0.37082357533177185,27265150,8488700,0.31133883363927944,73052650,26908200,1500.0,0.03802636586969312,-0.00024214750242157468,0.017211037589750733,-0.01914135414899032,-0.031337980962595546,0.00657416698384139,0.22105263157661093,0.0016604400166043056,1455.3425,1537.620588235294,-0.007072218395326235,-0.060203790807416335,-0.00024217682486170515,38.96907216494842,0,-29.164812041424284,-32.338764746570476,3.173952705146192,0.4005247384510136,0.07109524805693544,-1,-1,44.00175131344656,42.746643315782826,0.016697395542418215,0.21283546523263,47.05882352941176,0.8054112348867652,0.5945968008058796,0.014485083839280443,-0.02568885346262175,0.005188069264313991,0.8815190503061052,0.4687993858087931,0.45817761872245877,0.00638222943858735,0.03802636586969312,0.01791858234631428,0.03196777981409743,1,0.16384132474094124,0.24144170800457632,0.678595782092364,0,-1,0.016254028647964575,0.017211037589750733,-0.01914135414899032,50.924815368250755,-0.0037134054863149357,-0.0382293762575463,0.052089580117775425,0.021625549288951884,1.0,HDFCBANK
HDFCBANK,2024-02-20,1447.0,1478.95,1438.0,1476.3,173300,2679600,-83600,104448300,51004800,-5875650,-715000,158132700,0.4883258032921551,0.3827164643763994,40559200,11859650,0.29240344977218485,49100700,30423800,1500.0,0.016053647632595033,0.021625549288951884,0.035963650398231684,0.0020702528423552913,0.00013549217532693447,0.027738264580369876,0.9352869352846491,0.0013494342756306325,1455.3525,1535.8685714285714,0.014393420150788261,-0.038784940675727464,0.021395034516023086,43.83301707779887,0,-24.84424015995728,-30.839251554432455,5.995011394475174,0.7023876411070865,0.07111807851510141,-1,-1,71.36602451832627,53.22533566837139,0.01665602229512005,0.21432021248603975,48.57142857142857,0.8141733342339157,0.6917920461525398,0.01607350329947992,-0.0168610471614822,0.0030104742747833896,0.8497979025361726,0.4883258032921551,0.4641794083014782,0.01952641748336198,0.016053647632595033,-0.053258154734307464,-0.01382449274745842,-1,0.2022606867888382,0.2522013901910486,0.8019808556781658,0,-1,0.018050424255840348,0.035963650398231684,0.0020702528423552913,48.53707886202274,0.02186769679137346,0.5261999119330678,-0.00614054251368179,-0.010736300209984395,0.0,HDFCBANK
HDFCBANK,2024-02-21,1476.8,1478.25,1457.0,1460.45,140100,3001350,321750,108119000,51203900,3670700,199100,162324250,0.473588360972632,0.515275225576851,26696450,7733550,0.2896845835307691,70831750,28503750,1500.0,0.02708069430654932,-0.010736300209984395,0.033434757996037456,-0.0016065080667212461,0.022294554108917897,0.014550309836009448,0.16235294117570873,0.000338684549210865,1456.945,1533.773611111111,0.0024057188157411424,-0.04780601946723617,-0.010794350149350825,39.78711162255467,0,-22.370468183972434,-29.144945046443024,6.774476862470589,0.5348948614419247,0.06894192199927032,-1,-1,57.48686514881136,57.618213660194726,0.017247619373676425,0.2027346039899787,38.88888888888889,0.745801931352686,0.675418091073549,0.020256277812074886,-0.010346174873390845,0.0006017800100861417,0.8975177753146832,0.473588360972632,0.4699980975584276,-0.014737442319523064,0.02708069430654932,0.03514370267395448,0.0039035541752933055,1,0.2067559430458769,0.22588366434207402,0.9153204750620545,0,-1,0.01803908936577435,0.033434757996037456,-0.0016065080667212461,46.2138939210725,-0.03236184949893628,0.14339345466416287,0.010186234208085398,-0.011126707521654233,0.0,HDFCBANK
HDFCBANK,2024-02-22,1450.0,1454.95,1437.1,1444.2,2882100,18080150,15078800,117468450,53260350,9349450,2056450,188808950,0.4534013175452643,0.39766851555889804,33253000,11180400,0.33622229573271584,75974250,26408250,1500.0,0.03863730785209801,-0.011126707521654233,0.0026381560677588567,0.006516360595184345,-0.01021177438146792,0.012359783963440061,0.3977591036392329,-0.007155328837002325,1456.2,1531.3527027027028,-0.008240626287597808,-0.056912233575508675,-0.011189072373610049,39.878892733564044,0,-21.40510158089137,-27.596574373323598,6.191472792432229,0.3812558713496343,0.06939817893554992,-1,-1,54.82796892335759,61.22695286349841,0.01701386828100582,0.16867469401279725,18.91891891891892,0.5448005054940428,0.7112860871225204,0.01482183997746105,-0.039481482953627633,0.00026103077854147845,0.7784273204686895,0.4534013175452643,0.46930640479781005,-0.020187043427367712,0.03863730785209801,0.08647370027469732,0.040161979849191176,1,0.18934534740137673,0.2166865030294618,0.8738216024846283,0,-1,0.01647686585948046,0.0026381560677588567,0.006516360595184345,44.02707177880051,-0.0003904073116698381,6.196254681647938,0.13044271438760835,0.002042653372109182,1.0,HDFCBANK
HDFCBANK,2024-02-23,1446.0,1459.2,1444.0,1447.15,1271400,24542650,6462500,111296350,51990950,-6172100,-1269400,187829950,0.46713975795252943,0.34316000940351765,32159050,10552300,0.32812847394434846,71743650,25895650,1500.0,0.036520056663096365,0.002042653372109182,0.0012107375121073183,0.007694450247197393,0.007098368071262184,0.010503403240852742,0.2072368421039051,0.001246364769422486,1456.71,1529.136842105263,-0.006562733831716683,-0.053616419307762064,0.002040569992309331,42.33705226071642,0,-20.179933612775812,-26.112938082011855,5.933004469236042,0.4042331315586616,0.0685282283795712,-1,-1,60.38062283730072,57.56515230315656,0.01674720262979948,0.16230599025495748,13.157894736842104,0.5072161860682218,0.7165512711586219,0.014300543996411586,-0.03347772488937055,0.00012123733358881082,0.7742078419036105,0.46713975795252943,0.47025092511427474,0.013738440407265129,0.036520056663096365,-0.05254261889043398,-0.02383386515484784,-1,0.18946397020155178,0.20964136681754758,0.9037527897634267,0,-1,0.015768972077305723,0.0012107375121073183,0.007694450247197393,41.157913000095434,0.013169360893763415,1.4539190519387768,0.08962373715458405,-0.0008637667138858829,0.0,HDFCBANK
HDFCBANK,2024-02-26,1410.0,1457.65,1410.0,1445.9,260300,25461700,919050,106612000,50879950,-4684350,-1111000,182953650,0.4772441188609162,0.3705695524249331,31421500,10013850,0.3186942061963942,68093850,25637150,1500.0,0.03741614219517249,-0.0008637667138858829,0.0005882149406595261,0.01780937631986501,-0.0282603582109614,0.032955252783733374,0.753410283314264,-0.025671146736689417,1454.6074999999998,1527.002564102564,-0.005986150903250387,-0.05311226451687645,-0.0008641399753098992,42.028563101136726,0,-19.084465187763954,-24.70700990327537,5.622544715511417,0.40905623947812203,0.06582255746768272,1,-1,58.93886966544541,58.04915380870124,0.01840425637022914,0.17594384597371057,30.76923076923077,0.5876987371659881,0.7611783897944854,0.01413914691634761,-0.023604400319489426,0.003024973964437719,1.074829614125765,0.4772441188609162,0.4719398717246994,0.010104360908386789,0.03741614219517249,-0.042088981354734455,-0.021369103661310285,-1,0.17865570027768715,0.16369463918179739,1.09139615726899,-1,-1,0.01684712441466822,0.0005882149406595261,0.01780937631986501,38.53915896334301,-0.002906420085995065,-0.5129663585675261,0.039450905886543985,-0.004184245106854001,0.0,HDFCBANK
HDFCBANK,2024-02-27,1442.45,1446.45,1435.25,1439.85,941000,30268700,4807000,101872650,50084650,-4739350,-795300,182226000,0.49163980715137967,0.4297553732584954,27825050,9568350,0.3438753928564369,66624250,26012250,1500.0,0.04177518491509539,-0.004184245106854001,-0.02469010363747204,0.010385600505245396,-0.025251328571912257,0.0077785880473660775,0.41071428571060886,-0.0023860571270489283,1452.7425,1524.82375,-0.00887459408670166,-0.05572693237497128,-0.004193023556425125,43.13490876458272,0,-18.470128294696224,-23.459467754764567,4.989339460068344,0.36306394796077657,0.06480830982468098,-1,-1,53.5353535352898,57.61828201267864,0.017973102356892357,0.17412683504383358,30.0,0.5769758142941809,0.7282936381540359,0.010429703236666543,-0.030908429335356268,0.004372621201979308,1.0709501389910454,0.49163980715137967,0.4726026724965443,0.014395688290463449,0.04177518491509539,-0.04445418902187371,-0.015630911586980725,-1,0.18091593419806332,0.162590982154207,1.1127058320811771,-1,-1,0.016277662072778393,-0.02469010363747204,0.010385600505245396,35.6491114161331,-0.003320478392968118,0.5163234393631762,0.007727982792098853,-0.008091120602840451,0.0,HDFCBANK
HDFCBANK,2024-02-28,1442.45,1443.5,1420.95,1428.2,696200,33353650,3084950,92867500,47198250,-9005150,-2886400,173419400,0.5082321587207581,0.5220913031334372,25551350,15991250,0.6258475579568202,65117800,16551700,1500.0,0.05027307099845957,-0.008091120602840451,-0.02208223492759076,0.010614208887630872,-0.04519320764808121,0.015789105167343477,0.3215077605307257,0.0018057436538529267,1449.3625,1522.4670731707317,-0.014601247100018089,-0.061917314884458174,-0.00812403136264588,47.79582366589332,0,-18.670166734312033,-22.501505682673653,3.831338948361619,0.2575329419464236,0.06021950865098333,-1,-1,39.69102792627494,50.72175037567005,0.017239482265389024,0.17030196306127304,26.82926829268293,0.5544036841054485,0.7293020928709796,0.004738708436076577,-0.01594154216474284,0.004492458666445234,1.094058708892216,0.5082321587207581,0.47953143204616955,0.01659235156937844,0.05027307099845957,-0.08839614950627082,-0.05763043167916717,-1,0.18059247014699456,0.15566071689544486,1.1601672768363214,-1,-1,0.016073385496390744,-0.02208223492759076,0.010614208887630872,33.069035744389865,-0.0039068754959864505,0.0367061276152183,-0.052599381395843525,-0.0028007281893291935,0.0,HDFCBANK
HDFCBANK,2024-02-29,1424.25,1428.65,1416.5,1424.2,690800,35928750,2575100,86059600,48149750,-6807900,951500,170138100,0.5594930722429572,0.7269482639483206,23393700,14352800,0.6135327032491654,59862000,20251550,1500.0,0.05322286195759019,-0.0028007281893291935,-0.013848497438027962,-0.011246875867814476,-0.047962832982385795,0.008531105181856544,0.6337448559618611,-0.002765719086962642,1445.775,1520.127380952381,-0.01492279227403992,-0.06310483065720518,-0.002804657566985205,46.126302083333385,0,-18.920166905887527,-21.785176988810566,2.865010082923039,0.22390746705103293,0.054049966924725634,-1,-1,34.9376114081582,42.72133095657431,0.01663089052500655,0.17028894819300897,26.190476190476193,0.5543268780575114,0.6302089358235551,0.005718705456444861,0.02047454064412253,0.0060117648380028955,1.0956927458965804,0.5594930722429572,0.5007497829857082,0.05126091352219908,0.05322286195759019,-0.0733076695291679,0.02015964574957758,0,0.1499175279468783,0.15541669753786325,0.9646166095756417,-1,-1,0.014850683740208159,-0.013848497438027962,-0.011246875867814476,30.815268170025433,0.005290392413511258,-0.050250910840723306,-0.05116917629478035,0.01772925150961946,1.0,HDFCBANK
HDFCBANK,2024-03-01,1430.0,1451.25,1424.0,1449.45,562900,36986950,1058200,55636900,35204400,4606800,1573550,127828250,0.6327527234623065,0.44986684833095897,13575650,4874100,0.3590325325122554,33574750,22204600,1500.0,0.03487529752664801,0.01772925150961946,0.0015893307535499446,0.0028019925280198255,-0.020178462786452966,0.018800234571734107,0.9339449541250148,0.00407246173290265,1444.2824999999998,1518.4837209302327,0.0035779011377623515,-0.04546227264652014,0.017573921565402856,58.83073155800432,0,-16.952809640785972,-20.818637739952983,3.865828099167011,0.5721202352179389,0.04961022557553697,-1,-1,64.94355317877016,46.52406417106777,0.01613173469739756,0.1689477835562051,20.930232558139537,0.5464121183153579,0.6942909695498395,0.0071908292174819085,0.06917340455314946,0.00047029199152706994,1.0101562599134586,0.6327527234623065,0.5338723760876636,0.0732596512193493,0.03487529752664801,0.05353034408712102,0.032680335827288826,1,0.17674997018630478,0.16724915754089714,1.056806340189808,-1,-1,0.015558021435654708,0.0015893307535499446,0.0028019925280198255,27.288417916963066,0.020529979698948653,-0.27025940858472597,-0.23599368321950676,-0.00013798337300363617,0.0,HDFCBANK
HDFCBANK,2024-03-04,1451.95,1458.4,1441.0,1449.25,288600,37605700,517550,58714700,37019400,2339150,1338700,133339800,0.6304962811697923,0.452342921400002,13894100,5326200,0.3833425698677856,36408900,23453100,1500.0,0.0350181128169743,-0.00013798337300363617,0.0023168960509025727,0.0029064738244350963,-0.016290514169353454,0.012006210108676965,0.4741379310317554,0.0017247921625444134,1443.0825,1516.9102272727273,0.004273837427867022,-0.04460397593493359,-0.00013799289358504692,57.605279698302965,0,-15.233643894447823,-19.701578152343078,4.467934257895255,0.5927281657669287,0.04608995974932009,-1,-1,64.70588235286426,54.86234897993088,0.016045245077503174,0.168436254333314,18.181818181818183,0.5433933756575423,0.6947591314438947,0.010182992176807515,0.05535778717853168,0.00046245927993696784,1.009458179697658,0.6304962811697923,0.5645228085494388,-0.0022564422925142047,0.0350181128169743,0.04204314043377686,0.03802649668791401,1,0.176741215767457,0.16685808052277742,1.0592307852744798,-1,0,0.016101225748138267,0.0023168960509025727,0.0029064738244350963,24.347834336837007,-0.017867234882623095,-0.6349931071116901,-0.15280807312724654,0.004933586337760865,1.0,HDFCBANK
HDFCBANK,2024-03-05,1445.05,1458.5,1439.6,1456.4,504900,38792050,1186350,60785450,38205750,2070750,1186350,137783250,0.6285344601380758,0.4453866408726955,17124250,6223800,0.3634494941384294,35703250,24012450,1500.0,0.029936830541060083,0.004933586337760865,0.011494252873563315,-0.013479645058592338,-0.011437298489733516,0.01297720406481742,0.8888888888841912,-0.0028980507158875594,1442.2400000000002,1515.5655555555554,0.009818060794319905,-0.039038598718923234,0.004921456081436082,63.98963730569947,0,-13.159192904578731,-18.3930441080943,5.23385120351557,0.7298625291928035,0.04271275021965008,-1,-1,67.29514140671903,65.64819231278449,0.015409816769333421,0.16943937302579845,24.444444444444443,0.5493131883531693,0.6197377105920683,0.010533210440366791,0.0478974880523354,0.000777847447054331,1.008123161076917,0.6285344601380758,0.591901739146778,-0.001961821031716493,0.029936830541060083,0.035267999325552205,0.032046710643608485,1,0.13552618810497383,0.16807408009948335,0.8063479386239736,-1,0,0.014625119696583023,0.011494252873563315,-0.013479645058592338,22.740583805785743,0.005071569710764501,-0.38713084010050625,-0.07217766307954865,0.001750892611919852,1.0,HDFCBANK
HDFCBANK,2024-03-06,1452.15,1469.95,1452.15,1458.95,419500,39342050,550000,62239100,37646950,1453650,-558800,139228100,0.6048761951891978,0.4681474020264787,18353500,6795800,0.37027270002996704,36536500,22881650,1500.0,0.028136673635148535,0.001750892611919852,0.021530597955468522,-0.0010270806943065702,-0.002631938747607254,0.012200555193803732,0.3820224719079646,-0.00291815435319967,1442.0475000000001,1514.3347826086956,0.01172118116774934,-0.03657367132074052,0.0017493615862977383,57.1483622350674,0,-11.186140478098878,-16.9516131555571,5.765472677458224,0.7788814179470785,0.04202926553507235,1,-1,70.99347353144165,67.66483243034166,0.014790480433579951,0.16857521405213488,19.565217391304348,0.5442134336564808,0.675860944910842,0.010388374086337703,0.03613462834449255,0.002461723246249615,1.0130014817443465,0.6048761951891978,0.6112305464404659,-0.023658264948878016,0.028136673635148535,0.023914440051031948,-0.01462607068307781,0,0.12535788453212748,0.1664116163586999,0.7533000832501309,-1,1,0.014390144232362451,0.021530597955468522,-0.0010270806943065702,21.873244133165294,-0.0031826937258410126,-0.5074961550653346,-0.017191443102845816,0.0011652215634532226,1.0,HDFCBANK
HDFCBANK,2024-03-07,1464.9,1465.1,1456.45,1460.65,225100,39613750,271700,64749300,37978600,2510200,331650,142341650,0.5865484260061499,0.521147532348964,17821100,5885550,0.33025739151904204,37528700,24050400,1500.0,0.026940060931776883,0.0011652215634532226,0.02559331554556943,0.011390389142778012,0.017980973620936203,0.00592202101803982,0.4855491329423765,0.00407827547208612,1443.3375,1513.1925531914894,0.011994769068218725,-0.034722978963035,0.0011645432197032951,56.03005140371687,0,-9.380760309366451,-15.437400376227261,6.05664006686081,0.7774668829766087,0.04322955208018808,1,-1,73.45902828125685,70.58254773980586,0.014367380471512214,0.15840849718545122,10.638297872340425,0.4842154892146546,0.7311065734610092,0.009447429813328778,0.02787780347114426,0.0021696897679150257,1.052809625468886,0.5865484260061499,0.6166416171931044,-0.018327769183047904,0.026940060931776883,0.04033156006433255,0.008809478589899049,1,0.10915382869899665,0.15046262234696084,0.725454780222737,-1,0,0.013746367937822426,0.02559331554556943,0.011390389142778012,18.94329298313582,-0.0005856710484666294,-0.6159161874861365,0.04582841339000465,-0.011570191353164727,0.0,HDFCBANK
HDFCBANK,2024-03-11,1461.05,1461.1,1441.0,1443.75,1834300,39820000,206250,68003100,38992250,3253800,1013650,146815350,0.5733893013700846,0.47633702071030476,21162350,8782400,0.415001169529849,41275300,21607300,1500.0,0.03896103896103896,-0.011570191353164727,-0.003932526130601244,-0.002349445461769739,0.005326927094213563,0.013922077922077858,0.1368159203973299,0.0002738506829150471,1443.72,1511.7458333333334,2.0779652564195672e-05,-0.044978350086406715,-0.01163764683717568,49.54545454545456,0,-9.176634477717926,-14.185219271953645,5.00858479423572,0.5004837021417248,0.042959604138671816,1,-1,48.948513415447465,64.46700507604866,0.015059987631416218,0.1566939836980025,10.416666666666668,0.4740974455714992,0.6699241375718576,0.007888516456862638,-0.028143949768676492,0.0035641290710137765,0.9988409947472302,0.5733893013700846,0.60476893277466,-0.013159124636065278,0.03896103896103896,0.050252280719637124,0.02669003070150032,1,0.12612378001236862,0.15687580347838231,0.80397216865475,-1,-1,0.014088235405944938,-0.003932526130601244,-0.002349445461769739,17.0392415146862,-0.01273541291661795,1.8555638582726193,0.049418437798044224,0.02361904761904765,1.0,HDFCBANK
HDFCBANK,2024-03-12,1449.4,1481.15,1446.85,1477.85,696100,39480650,-339350,60484600,36527700,-7518500,-2464550,136492950,0.6039173607827447,0.5107841053973649,27193650,7228650,0.2658212487106365,24388100,24464000,1500.0,0.014987989308793241,0.02361904761904765,0.01973434535104368,0.022096963828757143,0.04029987329297491,0.02320939202219453,0.903790087460917,0.003913419913419976,1446.5825,1511.054081632653,0.02161473680208359,-0.021974118621073346,0.023344433589767136,50.531367843675,0,-6.249670514948093,-12.598081205063238,6.348410690115145,0.9802163159205177,0.04501041735864978,1,-1,95.36191145453894,72.58981771708109,0.014540911265883371,0.15761249155758814,12.244897959183673,0.4795179352193806,0.7799612568177444,0.011352917274780494,-0.005458837179766274,0.0018618346661079324,0.919308327885567,0.6039173607827447,0.5994531486972505,0.030528059412660125,0.014987989308793241,-0.11056113618349751,-0.06320614994005219,-1,0.17352728005700246,0.17144682223011087,1.0121347115018895,0,0,0.013113649329791052,0.01973434535104368,0.022096963828757143,16.449612264832396,0.03518923897221238,0.014811791118756634,-0.0287429377425511,-0.001657813715870926,0.0,HDFCBANK
HDFCBANK,2024-03-13,1480.0,1488.7,1469.0,1475.4,583300,39707250,226600,60457100,34559250,-27500,-1968450,134723600,0.571632612215935,0.5785257524153747,28406400,7190150,0.2531172552664188,24643300,22706750,1500.0,0.016673444489629867,-0.001657813715870926,0.013045866520186689,0.02469007188248784,0.035332093610750626,0.013352311237630502,0.3248730964450553,0.001454816118009332,1449.1,1510.3410000000001,0.01814919605272247,-0.02313451068334904,-0.0016591894096687906,55.64363910909779,0,-4.077351560230682,-10.89391095336613,6.816559393135448,0.8946253653896971,0.045990951531304204,1,1,83.10038119430362,75.80360202143002,0.014490017235035554,0.15755319126700684,12.0,0.47916798000902744,0.7913162108869831,0.01539397559961131,0.003798602690280495,0.0020515581734962887,0.9166367358248116,0.571632612215935,0.5880727791128224,-0.03228474856680974,0.016673444489629867,-0.00045466118648383226,-0.05388924022043545,-1,0.17135771767187974,0.17188182081047956,0.9969507930750117,0,0,0.013671021648817496,0.013045866520186689,0.02469007188248784,15.476846737875112,-0.025276861334918577,-0.10285002383991892,-0.03714063567460135,-0.0008133387555917526,0.0,HDFCBANK
HDFCBANK,2024-03-14,1477.7,1481.5,1464.0,1474.2,760400,41472750,1765500,60670500,34483900,213400,-75350,136627150,0.5683800199437947,0.6924714586049971,29029550,7300150,0.25147306796006136,24432650,22506550,1500.0,0.01750101750101747,-0.0008133387555917526,0.010452722848623974,0.03220837417728606,0.04316444947636566,0.011870845204178537,0.5828571428538148,0.001558899281550735,1452.15,1505.598,0.015184381778741818,-0.020854172229240464,-0.0008136696950134991,62.776831345826224,0,-2.4232731104621053,-9.199764041047153,6.776490930585048,0.8610308993773949,0.042058399446884775,1,1,81.57560355771083,86.67929873551782,0.014218365408841614,0.1549439609108728,9.803921568627452,0.4637698470624648,0.8240259369046333,0.014926331846498941,0.0030700225340166477,0.0023889400721837633,0.9220094840505567,0.5683800199437947,0.5807735440637418,-0.0032525922721402534,0.01750101750101747,0.003529775659103728,-0.002180313519535291,0,0.16243207689267175,0.16805028961087756,0.9665682646077451,0,0,0.013279195652501002,0.010452722848623974,0.03220837417728606,13.564424482508272,0.0008444749602791735,0.15810475334683716,-0.019892304268847916,-0.0067494234160900834,0.0,HDFCBANK
HDFCBANK,2024-03-15,1470.0,1474.6,1459.35,1464.25,860300,42325800,853050,64011200,35052050,3340700,568150,141389050,0.5475924525708001,0.5626078110486971,20002950,6586800,0.32929142951414664,38600650,21172250,1500.0,0.02441522963974731,-0.0067494234160900834,0.002464656146236255,0.028121050414267712,0.016557900583171303,0.010414888168004097,0.3213114754077351,-0.00284900284900288,1453.3425000000002,1500.7720000000002,0.007505113213161829,-0.02433547534202407,-0.006772303785296775,56.87299035369771,0,-1.8802717355367804,-7.7358522080104475,5.855580472473667,0.6789980395797868,0.04192846598060017,1,1,68.9326556542961,77.86954680210353,0.014317422376155527,0.1500072570175926,9.615384615384617,0.43463634312026345,0.80627866971451,0.01599641456890528,0.000571961357457429,0.003637158508884351,0.9491351389614278,0.5475924525708001,0.5729823493766718,-0.020787567372994586,0.02441522963974731,0.05506300426071979,0.016475804650866056,1,0.16765692602822402,0.158046257866737,1.0608092098169746,0,0,0.013467573951115757,0.002464656146236255,0.028121050414267712,12.728164437461345,-0.005936084660498331,0.2772812305134065,0.015655742756858437,-0.0012975926242103641,0.0,HDFCBANK
HDFCBANK,2024-03-18,1465.15,1472.5,1452.7,1462.35,731700,44295350,1969550,64523800,35185700,512600,133650,144004850,0.5453135122233966,0.48909002466905205,20637650,6806800,0.3298243743837113,38634200,21023750,1500.0,0.02574623038260341,-0.0012975926242103641,0.012883116883116719,0.008899927558729148,0.011726857617268438,0.013539850241050333,0.48737373737127015,0.0006146491377839105,1454.19,1496.4440000000002,0.0056113712788561365,-0.022783345049998682,-0.0012984352265014516,56.57736905237897,0,-1.5826524683238858,-6.505203267095923,4.922550798772037,0.6338541182938294,0.041921543769723964,1,1,63.504155124565614,71.33747144552419,0.012975689814339936,0.15069324612730858,11.320754716981133,0.4386846447531448,0.7207632102433817,0.014539698143957636,0.003157678480881643,0.0020335814569232592,0.954292357343031,0.5453135122233966,0.5673671915473342,-0.002278940347403502,0.02574623038260341,0.008007973604619191,0.003812901099935667,1,0.1461276537643086,0.15791098490136077,0.9253799142792338,0,0,0.012941535518047382,0.012883116883116719,0.008899927558729148,11.34733041371348,0.005451830791879719,0.05978969323020755,0.0386399266283306,0.0004786815741786299,1.0,HDFCBANK
HDFCBANK,2024-03-19,1453.15,1467.15,1453.1,1463.05,824200,46045450,1750100,64947850,35422200,424050,236500,146415500,0.5453944972774311,0.5000600899632588,22042900,7156600,0.3246668995458855,37909850,20913200,1500.0,0.02525545948532179,0.0004786815741786299,-0.010014548161180081,0.009522166637916163,0.012456316390436317,0.009603226137179306,0.7081850533757366,-0.00629124354634651,1455.0900000000001,1491.729,0.005470451999532555,-0.01922534186839575,0.0004785670427018483,59.69089390142023,0,-1.2764214956878277,-5.459440799280069,4.183019303592241,0.6308887351746677,0.041794673866998616,1,1,64.47368421043691,65.63683166309956,0.013108623374848053,0.15143826820490347,12.962962962962962,0.44308132401603967,0.7235347884371752,0.00785710518919296,-0.014252078662307622,0.00717419192715678,0.9592050928501107,0.5453944972774311,0.5556626188462715,8.098505403442147e-05,0.02525545948532179,0.006571993589962154,0.006721480601494357,1,0.14603490032450125,0.15787892416105773,0.9249803354564792,0,-1,0.012701237120897612,-0.010014548161180081,0.009522166637916163,10.120775362648855,0.001776274198388994,0.10782547917954766,0.041124841901236886,-0.011141109326407106,0.0,HDFCBANK
HDFCBANK,2024-03-20,1463.2,1467.25,1441.05,1446.75,2009700,51972800,5927350,65715650,35275900,767800,-146300,152964350,0.5367960295606906,0.5352696853038594,19484300,8309400,0.42646643708011067,42535350,18577350,1500.0,0.0368066355624676,-0.011141109326407106,-0.01941846278975201,-0.006625926943147564,-0.020016256858362058,0.0181095559011578,0.21755725190756794,0.00010252554594859434,1453.6125000000002,1486.84,-0.0047209968268711044,-0.026963224018724197,-0.01120363633214378,57.45878568556492,0,-2.3047315268208877,-4.82849599398226,2.5237644671613726,0.3812822770551912,0.03976657157661376,1,1,41.8975069251497,56.62511542005075,0.01343652027944409,0.14431163667220784,9.090909090909092,0.4010241635420198,0.6512876529736661,0.00512569110232639,-0.02579023606506916,0.004061484466573864,1.014469264135847,0.5367960295606906,0.5486953023152227,-0.008598467716740443,0.0368066355624676,0.011821792407292928,-0.004130178249798149,0,0.15583367294563066,0.14225333548541713,1.0954658623949038,-1,-1,0.013214472304531651,-0.01941846278975201,-0.006625926943147564,9.505265987586421,-0.011619790900585736,1.2468304899045233,0.06018962549117979,0.010609987903922535,1.0,HDFCBANK
HDFCBANK,2024-03-21,1457.55,1466.4,1454.0,1462.1,2686300,60886100,8913300,61911300,34455300,-3804350,-820600,157252700,0.5565268375886147,0.6908730952027803,22133100,7184650,0.32461110282789124,35022350,19895700,1500.0,0.02592161958826352,0.010609987903922535,-0.008207841541174932,0.0021590870146337426,0.0011297887637371495,0.00848095205526304,0.6532258064463329,0.007465007776049735,1453.6950000000002,1482.6760000000002,0.005781818056744825,-0.013877610482668001,0.010554096969444081,63.964627855563684,0,-1.874698211785926,-4.2377342272408125,2.3630360154548864,0.6449435577087812,0.03989013480900799,1,1,58.88717156095981,55.08612089884881,0.013661856234183724,0.14212953018064492,8.928571428571429,0.38814666279485416,0.6911045347994398,0.009307015556336484,-0.028571369045254924,0.0007764023419179495,0.9939184461954289,0.5565268375886147,0.5463246658441866,0.01973080802792404,0.02592161958826352,-0.05789108073951943,-0.02326234057812841,-1,0.16564696418691302,0.14299918733302883,1.1583769611592434,-1,-1,0.012842511990677583,-0.008207841541174932,0.0021590870146337426,9.410859706615236,0.02175109723032964,1.3960433130563534,0.059616540623316006,-0.0017098693659803876,0.0,HDFCBANK
HDFCBANK,2024-03-22,1459.25,1465.5,1453.4,1459.6,6482200,86224600,25338500,60197500,34664300,-1713800,209000,181086400,0.5758428506167199,0.6464542796085926,21410400,6952000,0.32470201397451703,34216050,20229550,1500.0,0.027678816114003902,-0.0017098693659803876,-0.003175687211883327,-0.0007188580426523705,0.010663343027281336,0.008289942449986236,0.5123966942106302,-0.0019492510772176385,1454.465,1478.7240000000002,0.003530507781211556,-0.012932771768092155,-0.0017113328610996533,54.49313855688351,0,-1.7135571285814422,-3.7328972964535767,2.0193401678721346,0.589306695011061,0.03953239766328665,1,1,40.733197555925074,47.17262534734487,0.012943859374388298,0.1407859398146239,8.771929824561402,0.38021758783484716,0.6781825431058914,0.010583770078217402,-0.05191333084563197,0.0008883386446190021,1.0277978230538387,0.5758428506167199,0.5519747454533706,0.01931601302810526,0.027678816114003902,-0.02768153794218503,0.006065830220604668,0,0.16583780711787624,0.13697824275744683,1.2106872132274578,-1,-1,0.013079304133872224,-0.003175687211883327,-0.0007188580426523705,9.148537568678561,-0.012319857269902923,2.710793714400206,0.15825052275496798,-0.011441490819402489,0.0,HDFCBANK
HDFCBANK,2024-03-26,1459.0,1459.35,1440.9,1442.9,10503400,130507300,44282700,61823300,36015650,1625800,1351350,228346250,0.5825578705763037,0.6382999438307428,20558450,9035400,0.43949811391422994,37478100,18448100,1500.0,0.03957308198766367,-0.011441490819402489,-0.013300509453960996,-0.000588744588744472,-0.0029368068272120906,0.012786748908448137,0.10840108401025365,-0.00041107152644553923,1454.2525,1474.3020000000001,-0.007806416010974648,-0.021299570915592647,-0.011507448259082433,47.54731556585558,0,-2.885702729106015,-3.5634579772574995,0.6777552481514846,0.30452525032252875,0.03993567467857628,1,-1,6.720977596728007,35.4471155712043,0.013158025009158142,0.14162644074371947,10.344827586206897,0.3851777267576132,0.6787609829775509,0.01143972821052588,-0.10040909886061966,0.0001386046617050784,0.9885429684263858,0.5825578705763037,0.5594236171239519,0.00671501995958379,0.03957308198766367,0.02700776610324349,0.03898391140164376,1,0.16558796328255806,0.14326786509878625,1.15579277357698,0,-1,0.012965771232509252,-0.013300509453960996,-0.000588744588744472,10.55329058273199,-0.009731621453422101,3.0185020812928505,0.31829710973261593,0.006272090927992302,1.0,HDFCBANK
HDFCBANK,2024-03-27,1449.0,1456.25,1436.1,1451.95,11143500,168982550,38475250,55866250,35626800,-5957050,-388850,260475600,0.6377159734186562,0.5353997964511701,20811450,7663700,0.3682444039218795,30742800,20398950,1500.0,0.03309342608216533,0.006272090927992302,-0.007586890400191337,-0.01752545928206506,0.00418424510685389,0.01387788835703715,0.7866004962740152,0.0042275972000831025,1454.555,1470.3039999999999,-0.0017909257470497542,-0.012483132739895875,0.006252503226916181,48.306052531404625,0,-3.056197326237225,-3.4620056527094016,0.4058083264721768,0.45476953811772003,0.03959556618595351,-1,-1,30.13307984785164,25.86241833350158,0.013137504735011532,0.1261760303555481,5.084745762711865,0.29399855099924466,0.6007957165661963,0.014627189720327038,-0.1252019910614195,0.0008520416691069066,0.870193279778949,0.6377159734186562,0.577887912352197,0.05515810284235245,0.03309342608216533,-0.09635606640214935,-0.010796695325504329,-1,0.10976447603775151,0.14499770706179282,0.7570083567961042,0,-1,0.012032620865993514,-0.007586890400191337,-0.01752545928206506,11.350720890493722,0.01771358174739479,2.045920459204592,0.3287872479161593,0.006301869899101087,1.0,HDFCBANK
HDFCBANK,2024-03-28,1456.5,1473.0,1455.85,1461.1,11865200,192446100,23463550,52999650,38698550,-2866600,3071750,284144300,0.7301661426066021,0.7278099954903987,17441600,6179800,0.354313824419778,30683400,24318250,1500.0,0.026623776606666275,0.006301869899101087,0.009918783480214133,-0.009692286837467923,0.014758481786297128,0.011737731845869613,0.3061224489778053,0.003133716725782537,1455.6174999999998,1466.5980000000002,0.0037664427639816367,-0.0037488118761925815,0.006282096147912456,50.779267850670486,0,-2.4316617416873214,-3.2559365547050114,0.82427481301769,0.597652578612191,0.038569823935713225,-1,-1,47.52851711017568,28.12752485158511,0.013214114610322944,0.12755033091372892,6.666666666666667,0.302108859333522,0.6365702252966746,0.012309187334431648,-0.13442987064984044,0.00043029648103801166,0.8764970175448072,0.7301661426066021,0.6165619349613793,0.09245016918794591,0.026623776606666275,-0.05131183854294856,0.08622020501420279,0,0.11697727451061293,0.14552283495882942,0.8038413659500476,0,0,0.011871162926817424,0.009918783480214133,-0.009692286837467923,12.116540104604383,2.9778971108784802e-05,1.4787901451733871,0.278425977021165,0.01488604476079658,1.0,HDFCBANK
HDFCBANK,2024-04-01,1466.55,1484.75,1463.4,1482.85,4736500,191050200,-1395900,34072500,25599200,5090250,1162150,250721900,0.7513155770782889,0.6723978480723136,14814250,4670050,0.3152403935400037,13322650,16739250,1500.0,0.011565566308122933,0.01488604476079658,0.014191915737637562,0.005867589200922341,0.03826494888671039,0.014397949893785554,0.9110070257568526,0.0037300663883375854,1458.35,1462.654,0.016799808002194272,0.013807776822132967,0.01477633501924192,57.025316455696164,0,-0.19436353425339803,-2.643621199918248,2.44925766566485,0.9459885771306599,0.037668695710131615,1,1,88.87832699602852,55.51330798468528,0.013742840765128935,0.12686936877348132,5.0,0.29809022389857165,0.7071305339518741,0.009675802860704819,-0.10529792949408048,0.00048510009773185085,0.8471769617599959,0.7513155770782889,0.6555196828593142,0.021149434471686823,0.011565566308122933,0.09604308707699014,0.03003084094882108,1,0.14147094644846606,0.14975545183050615,0.9446797737561867,0,0,0.012123873395778128,0.014191915737637562,0.005867589200922341,12.375622650559347,0.008584174861695493,-0.086376174218313,0.040534599650581926,0.007586741747310999,1.0,HDFCBANK
HDFCBANK,2024-04-02,1485.0,1506.3,1476.85,1494.1,7058800,186575400,-4474800,38061650,26185500,3989150,586300,250822550,0.6879759547996475,0.5988707005304512,16688100,5102900,0.3057807659350076,15371950,16915800,1500.0,0.003948865537782003,0.007586741747310999,0.023636612770622012,0.020385863069830812,0.04908018536722358,0.01971086272672515,0.5857385398961427,0.0014499106450417043,1461.845,1458.862,0.02206458277040313,0.02415444366910635,0.0075581071597584605,66.52445027896295,0,2.4509032142975684,-1.6247153177351035,4.075618532032672,1.0983195965339778,0.03687758665794414,1,1,82.62108262096487,73.00930890905636,0.014086358725271801,0.13242372988438356,8.333333333333332,0.05222400626889894,0.7715639072627143,0.00867169200942135,-0.07506560616941763,0.0002709067258709983,0.8831173235058705,0.6879759547996475,0.6779463036958997,-0.06333962227864143,0.003948865537782003,0.11707828894269572,0.022903059470608455,1,0.13883867493481286,0.14995032513954704,0.9258977912386438,0,1,0.01305347085165023,0.023636612770622012,0.020385863069830812,13.409392657659131,-0.007299303013485581,0.21616429623631372,-0.01600445692644692,-0.0030453115587979473,0.0,HDFCBANK
HDFCBANK,2024-04-03,1490.0,1503.0,1482.2,1489.55,6012200,186389500,-185900,44728200,29913950,6666550,3728450,261031650,0.6687939599626187,0.5826767143687044,18568550,7315000,0.3939456769645449,21561100,17944850,1500.0,0.007015541606525491,-0.0030453115587979473,0.032330722849816196,0.018600198310937843,0.027665666287212343,0.013963948843610456,0.35336538461368217,-0.0027441268991365434,1463.85,1457.8270000000002,0.017556443624688445,0.02176046952073163,-0.003049957955591399,54.76384364820851,0,4.1349121988660045,-0.472788910569976,4.607701109435981,0.9436641092900101,0.039571475936422344,1,1,76.1396011394927,82.54633691882869,0.013333365302080695,0.12955971094407437,6.666666666666667,0.02828390761296503,0.7637088480281715,0.008851778379958718,-0.031010189197929573,0.00241924756701253,0.9278450463624578,0.6687939599626187,0.6951935215731627,-0.01918199483702876,0.007015541606525491,0.1751513662702484,0.14238605335013652,1,0.14028981414238328,0.13963507307520617,1.0046889434888295,0,0,0.013095880711906243,0.032330722849816196,0.018600198310937843,13.084060791643642,-0.010632053306108946,-0.050535358958971655,-0.0015588710491770685,0.02843140545802436,1.0,HDFCBANK
HDFCBANK,2024-04-04,1509.0,1535.0,1503.65,1531.9,11880900,177918950,-8470550,52029450,32136500,7301250,2222550,262084900,0.6176598061290288,0.5209443080581159,21674400,4627150,0.21348457166057652,15033700,24182950,1500.0,-0.02082381356485416,0.02843140545802436,0.055063879610179445,0.04705922559037634,0.057029498016215374,0.02046478229649449,0.9011164274293452,0.013057634856164645,1467.9825,1458.629,0.043541050387181146,0.05023278708979473,0.028034734117202822,67.36324523663185,0,8.762553305965412,1.3742806921614819,7.38827261380393,1.2757983047324204,0.056124188621566824,1,1,96.86552072791024,85.20873482945593,0.01416541549709512,0.13441006005975983,10.0,0.06882757675947432,0.8893413496444812,0.011604405433844223,-0.003676275023483155,0.001067907497228118,0.7945731197661563,0.6176598061290288,0.6911822881152372,-0.05113415383358988,-0.02082381356485416,0.16323594510845507,0.0742981117505378,1,0.1928164540584864,0.16916008940732796,1.1398460158070185,0,1,0.014182036327837762,0.055063879610179445,0.04705922559037634,14.35430282246845,0.03147671701682231,0.5973524678436166,0.0012371588042927595,0.01347999216659046,1.0,HDFCBANK
HDFCBANK,2024-04-05,1534.95,1557.4,1532.0,1552.55,7588500,171925600,-5993350,55240900,35729650,3211450,3593150,262896150,0.6467970290129234,0.47522714203565253,17372300,5295950,0.3048502501108086,17375050,26967050,1500.0,-0.03384754114199218,0.01347999216659046,0.06258982958045323,0.07312942802833944,0.06601895083768183,0.016360181636662325,0.8090551181070463,0.001990991579084767,1472.79,1460.158,0.054155718058922275,0.0632753441750824,0.013389945389540057,71.50699972550098,1,13.924930241320226,3.884411862501128,10.040518378819097,1.2189313463880491,0.07532808011630142,1,1,96.0016488045374,89.66892355731345,0.014345063651044142,0.13609459392921808,11.666666666666666,0.08290845676222276,0.9999999955055363,0.014588732297909246,0.013878099651577758,0.0005541208935099518,0.7855822739318122,0.6467970290129234,0.6745084653965014,0.02913722288389453,-0.03384754114199218,0.061723696867831586,0.11180900222488448,1,0.17506392895683928,0.17324040825095388,1.0105259542115097,0,1,0.014007098901388215,0.06258982958045323,0.07312942802833944,17.37766151977322,-0.014951413291433902,-0.050933308320045056,0.02091060579330395,-0.0017390744259444535,0.0,HDFCBANK
HDFCBANK,2024-04-08,1556.25,1559.95,1544.4,1549.85,2854700,169005650,-2919950,56907400,34777600,1666500,-952050,260690650,0.611126145281633,0.5948187503922013,23371150,6644000,0.2842821170545737,18521800,24566300,1500.0,-0.03216440300674253,-0.0017390744259444535,0.04518326196176292,0.06001641474591346,0.06230508242228994,0.010033229022163406,0.3504823151102756,0.0023831760651831153,1477.3349999999998,1462.583,0.049085007801209724,0.05966635739646908,-0.0017405883713710673,74.47112635791883,1,17.596230747924437,6.6267767412884035,10.969454006636035,1.059471323425984,0.08773462686266123,1,1,91.84497375850466,94.90404776365078,0.014383880467695037,0.13528974067710112,11.666666666666666,0.07618075465521465,0.9444975836631782,0.01591571064407713,-0.007968999924926345,0.001879444149589949,0.7771524654048465,0.611126145281633,0.6464705790371703,-0.03567088373129035,-0.03216440300674253,0.030167864752384557,-0.026645936917937905,0,0.17913326763759246,0.17408391097222936,1.0290053028695343,0,1,0.014162326598078251,0.04518326196176292,0.06001641474591346,20.375278907660945,-0.015219066592534913,-0.6437231906287479,0.00456819397593522,0.0007097461044618392,1.0,HDFCBANK
HDFCBANK,2024-04-09,1558.2,1558.2,1545.1,1550.95,3817700,165168850,-3836800,56947000,34704450,39600,-73150,256820300,0.6094166505698281,0.543085832582294,23927200,7055950,0.2948924236851784,18904050,24065800,1500.0,-0.03285083336019862,0.0007097461044618392,0.038049662003881934,0.06258563990134292,0.061821791668092985,0.00844643605532102,0.44656488549278006,0.005387618156595888,1481.85,1464.42,0.046630900563484845,0.05908823971265065,0.000709494353807761,75.44514646754747,1,20.358974867645202,9.373217249231711,10.98575761841349,0.9792906579245709,0.09729148647574404,1,1,92.7331449333123,93.52658916545147,0.014065112166275984,0.135896611990107,13.333333333333334,0.08125354202415867,0.9553724574595331,0.014945614147461272,-0.004919406958726391,0.0024131465190692612,0.7803066192654327,0.6094166505698281,0.6307587181912064,-0.0017094947118049264,-0.03285083336019862,0.000695867321297406,-0.0021033653846153845,0,0.17664889705177023,0.17415796375020767,1.0143027234959234,0,1,0.01417797595861173,0.038049662003881934,0.06258563990134292,23.393832641413386,0.0024488205304062927,-0.5071480763322119,-0.01489972966735198,-0.006093039749830775,0.0,HDFCBANK
HDFCBANK,2024-04-10,1551.45,1551.8,1539.0,1541.5,4875400,159695800,-5473050,58273050,33348150,1326050,-1356300,251317000,0.5722739757057508,0.6030586085982844,23602150,6083000,0.2577307575792883,20803750,23382150,1600.0,0.03795004865390853,-0.006093039749830775,0.034876304924305934,0.06833460392265578,0.0677056277056276,0.008303600389231239,0.1953124999984748,0.00032238305554660045,1486.7375,1466.511,0.036834007348304665,0.05113429084405108,-0.006111678064422144,71.45200984413458,1,21.541067503489558,11.806787925778849,9.734279577710709,0.8678985019715898,0.10012002536256775,1,1,85.10294711337495,89.89368860173063,0.014093415504378854,0.1338194117126819,10.0,0.06389039582781357,0.979410876414154,0.014179760657098006,0.007506809585375818,0.00339132620907325,0.791521757992297,0.5722739757057508,0.6114547213398328,-0.037142674864077296,0.03795004865390853,0.023285686691133862,-0.03908144344601341,0,0.16327447511633025,0.1690659925419663,0.9657440421037196,0,1,0.01372966110669004,0.034876304924305934,0.06833460392265578,25.93643161580838,-0.0068027858542926145,-0.32129065309452154,-0.028770861850551332,-0.01083360363282515,0.0,HDFCBANK
HDFCBANK,2024-04-12,1528.0,1535.4,1518.5,1524.8,6239500,165066550,5370750,64270250,33919600,5997200,571450,263256400,0.5277651790680759,0.5102850980656464,32032550,11092950,0.346302432993939,26288900,17995450,1500.0,-0.016264428121720853,-0.01083360363282515,-0.004634767282459817,0.05017390406005706,0.03176912406536525,0.011083420776495339,0.37278106508654696,-0.008757703535517353,1489.0849999999998,1467.2480000000003,0.02398452741112833,0.039224452853232394,-0.010892714426267363,71.29604365620739,1,20.895409855714433,13.624512685650265,7.270897170064169,0.7343913150187201,0.10232686057144876,1,1,71.61889382311531,83.15166195660086,0.014097867636036578,0.12637071726438787,3.3333333333333335,0.0016273718511579862,0.9025299538790178,0.008832530030332419,-0.0011876664268427816,0.0007990823843319166,0.7992206234703312,0.5277651790680759,0.5934757959276422,-0.04450879663767493,-0.016264428121720853,0.1029154986739153,0.017135883099962067,1,0.18553173665331246,0.15811743775547973,1.1733793512571937,0,-1,0.013450214348635858,-0.004634767282459817,0.05017390406005706,27.72835777820976,-0.004740563882994375,-0.06774900118632465,0.016449282440932578,-0.016395592864637987,0.0,HDFCBANK
HDFCBANK,2024-04-15,1510.2,1516.3,1497.65,1499.8,5371800,162831350,-2235200,67485000,33459800,3214750,-459800,263776150,0.49581092094539525,0.6171459230579599,19230750,10617200,0.5520949520949521,44970750,14876400,1500.0,0.0001333511134818279,-0.016395592864637987,-0.033976361469839955,0.02648689343645194,0.0165378880303646,0.012434991332177533,0.11528150133985798,-0.009575026232948524,1490.3049999999998,1467.7009999999998,0.006371179053952014,0.021870258315556113,-0.01653148803264866,59.77190254017628,0,18.165470427774153,14.532704383518404,3.6327660442557494,0.5624298844958903,0.10205335321954354,1,1,51.43318530476265,69.38500874708431,0.014690053911950156,0.12593312344866822,1.6666666666666667,0.0,0.80051703237624,0.006954645218408206,-0.0009634544212612006,0.003823420744636978,0.7392999695765932,0.49581092094539525,0.5632785743141365,-0.0319542581226806,0.0001333511134818279,0.05001925463180865,-0.013555584381891295,0,0.2137980616525549,0.17034103686878518,1.2551177652613044,0,0,0.01351994029726665,-0.033976361469839955,0.02648689343645194,27.975799707664045,-0.005561989231812836,-0.11115891190681049,0.01776445072598487,0.008067742365648778,1.0,HDFCBANK
HDFCBANK,2024-04-16,1490.1,1516.1,1487.9,1511.9,5046800,163133300,301950,69310450,33825550,1825450,365750,266269300,0.48802958284068276,0.45329269395187827,26793800,10312500,0.3848838164052878,37033150,17289250,1500.0,-0.007870890931940003,0.008067742365648778,-0.024486240603929343,0.019590653134167413,0.02557319223985899,0.018652027250479406,0.8510638297842217,-0.006467529003867213,1492.19,1468.0230000000001,0.013208773681635755,0.029888496297401312,0.008035372118866492,62.913580246913625,0,16.781039923697108,14.982371550748494,1.7986683729486135,0.6292743743565632,0.10217627234583462,1,1,61.20306822764545,61.41838245184115,0.01533311915943041,0.1296900265428841,11.666666666666666,0.03134000985389781,0.7698724200572975,0.008803498945958577,-0.004531656121749039,0.0012431226734663757,0.7536530847271611,0.48802958284068276,0.5386592618259465,-0.0077813381047124874,-0.007870890931940003,0.027049714751426243,0.010931027680978369,1,0.20549384383627345,0.1720818624585998,1.1941632940327789,0,0,0.013945348032936036,-0.024486240603929343,0.019590653134167413,29.223767813337442,0.024463335230286765,-0.1692004286680835,0.02298021386555038,-0.00929294265493763,0.0,HDFCBANK
HDFCBANK,2024-04-18,1511.55,1519.9,1492.7,1497.85,7445000,160811750,-2321550,72796900,34855700,3486450,1030150,268464350,0.478807476692002,0.6157510861801188,22658350,11633600,0.5134354443284705,46899600,15018300,1500.0,0.0014353907267083427,-0.00929294265493763,-0.034237080499049055,0.002509872163844351,0.022946901143930276,0.018159361751844343,0.18933823529341623,-0.00023149679211597089,1493.87,1468.0609999999997,0.002664221116964738,0.020291391161538996,-0.009336391434034032,63.74781085814354,0,14.388362964443104,14.86356982097613,-0.47520685653302586,0.5264932911113899,0.10056210478825907,1,1,49.8587000403311,54.164984524246414,0.01588228842293001,0.1334552335597427,15.0,0.0627492908630322,0.6940072919660117,0.0117858718439946,-0.009149705263191966,0.001788269070221598,0.7674651848101813,0.478807476692002,0.5125374270503813,-0.009222106148680742,0.0014353907267083427,0.05030193859656083,0.03045478935301865,1,0.21010196858560443,0.17389092837612422,1.2082399606857703,0,0,0.013790197935447956,-0.034237080499049055,0.002509872163844351,29.828534202002125,-0.01736068502058641,0.21784648100437565,0.022267096251022078,0.02340020696331413,1.0,HDFCBANK
HDFCBANK,2024-04-19,1488.95,1535.75,1482.75,1532.9,8333700,150661500,-10150250,70628800,37881250,-2168100,3025550,259171550,0.5363428233241964,0.44810790201124756,30901750,6447650,0.2086499955504138,25865400,26987400,1500.0,-0.02146258725291936,0.02340020696331413,-0.005578981511514702,0.02910274915242872,0.048244264368995315,0.03457498858373018,0.946226415092556,-0.005941849984978378,1497.3975,1469.1330000000003,0.023709469262503724,0.043404511368269505,0.023130619619940177,67.92118662829307,0,15.136360229533466,14.918127907284106,0.21823232224936007,0.7350969885557044,0.1008497361370367,1,1,74.01536983662446,61.69237936820034,0.01704984949162651,0.15027571842665732,33.33333333333333,0.20306543643730776,0.8128657138600393,0.016963944596786427,-0.006512495304685451,0.004431544669465277,0.788819484263948,0.5363428233241964,0.5053511965740705,0.05753534663219434,-0.02146258725291936,-0.029782861632844257,0.08680215861394262,0,0.23826406278001763,0.190507107577342,1.2506833245485025,0,1,0.01585130190945993,-0.005578981511514702,0.02910274915242872,30.920960685568616,0.03269314961825176,0.3133451003876824,-0.01898651166567089,-0.012036010176789125,0.0,HDFCBANK
HDFCBANK,2024-04-22,1546.2,1551.25,1509.3,1514.45,13598900,111067000,-39594500,80891250,39438300,10262450,1557050,231396550,0.48754716981132074,0.4674505990263662,31329650,13268200,0.42350297561575057,44515900,19257700,1500.0,-0.009541417676384195,-0.012036010176789125,-0.006787775445960098,-0.011391082968862265,0.035132087078363794,0.02769982501898382,0.12276519666240307,0.008676365059690752,1499.9675,1469.957,0.009655209196199221,0.030268232336047918,-0.012109029445854645,61.34382309164362,0,14.082596152285305,14.751021545021398,-0.6684253927360935,0.5977636622912539,0.09876071507422678,1,1,52.874158467060695,58.91607611467209,0.018243303792513075,0.15992992999994102,46.666666666666664,0.2836006747042063,0.6309863849876673,0.023103075248208205,0.024422650709356165,0.004193335070558033,0.8107415314784252,0.48754716981132074,0.4973075947227194,-0.048795653512875625,-0.009541417676384195,0.14530120857214054,0.04110344827586207,1,0.2008618105211045,0.19726376867264606,1.0182397496045272,0,1,0.01657480618170886,-0.006787775445960098,-0.011391082968862265,32.42018855278347,-0.035436217140103254,1.0866169520653042,-0.1024725891274686,-0.003829773184984564,0.0,HDFCBANK
HDFCBANK,2024-04-23,1524.0,1527.65,1504.45,1508.65,9711500,67370600,-43696400,77246400,38068250,-3644850,-1370050,182685250,0.4928158464342675,0.3975093049718696,27313000,13442000,0.49214659685863876,46820400,16887200,1500.0,-0.005733602890001055,-0.003829773184984564,0.005900786771569688,-0.028276061962577592,0.042785553827544565,0.015377986941968014,0.18103448275784198,0.006305919640793657,1503.0625,1470.665,0.0037174102873300807,0.025828451754818404,-0.0038371255442242336,55.88503649635039,0,12.635129381323168,14.327843089464013,-1.692713708140845,0.5400519111576637,0.09281480408414589,1,1,38.267148014394536,55.052225439359894,0.018292134405878475,0.1586395544437471,46.666666666666664,0.2728363878348943,0.5531882736999705,0.02363192480020655,0.06691952350063504,0.0024527465728130023,0.8238761917208269,0.4928158464342675,0.4967085798204939,0.005268676622946777,-0.005733602890001055,-0.04505864354920959,-0.03473907343876384,-1,0.18381769496976405,0.19255266259121978,0.9546359546558789,0,1,0.01647658671223943,0.005900786771569688,-0.028276061962577592,34.178361501813754,0.00820623699180456,0.4431235604428263,-0.24384430461586093,0.0028502303383819427,1.0,HDFCBANK
HDFCBANK,2024-04-24,1512.8,1522.4,1510.05,1512.95,9963100,24252250,-43118350,69670700,38556100,-7575700,487850,132479050,0.5534048028798333,0.4821471889475445,27168900,12059300,0.4438641240536054,37814700,19213700,1500.0,-0.008559436861760167,0.0028502303383819427,0.0006944903763477228,-0.023808755686034022,0.03477874290404226,0.008162860636504931,0.2348178137632856,0.0027508036986709067,1505.605,1471.6680000000001,0.004878437571607552,0.028051163713554983,0.0028461761336755487,54.44051825677269,0,11.69916333240235,13.802107115373577,-2.102943782971227,0.5547121930628088,0.08916545469069816,1,1,39.54983922824495,43.563715236566736,0.017498925939389925,0.1585568984563455,46.666666666666664,0.2721468732547502,0.5738147371751519,0.0200752584588225,0.1237745765775933,0.002185618320556141,0.8345420749667117,0.5534048028798333,0.509783623828324,0.06058895644556578,-0.008559436861760167,-0.09807188425609478,0.012815141226612729,0,0.1859931382128859,0.18999269555009052,0.978948888411107,0,1,0.016289549873673585,0.0006944903763477228,-0.023808755686034022,33.76057441523785,0.006680003523366507,0.33906515024851025,-0.3833576111638767,-0.001586304901021296,0.0,HDFCBANK
HDFCBANK,2024-04-25,1511.1,1519.4,1508.55,1510.55,5362900,5784350,-18467900,62946950,39767200,-6723750,1211100,108498500,0.631757376648114,0.7988929100040204,22998800,10113950,0.4397599005165487,35545950,22085250,1500.0,-0.006984211048955648,-0.001586304901021296,0.008478819641486224,-0.026048550888165378,0.034906823787339114,0.007182814206745978,0.18433179723332183,-0.0012227766945372527,1508.1525000000001,1473.1819999999998,0.0015896933499761623,0.025365501343350694,-0.0015875644147989435,54.997620180866235,0,10.641525322720781,13.169990735029483,-2.5284654123087016,0.5188647862696528,0.08426776361092259,1,1,36.01036269425379,37.942449978964426,0.0170562283368877,0.15830766264155877,45.0,0.27220102763872467,0.5634952193758797,0.017490428502585864,0.16162610165430447,0.0012835467946577805,0.8333600294763078,0.631757376648114,0.5403736038195464,0.07835257376828075,-0.006984211048955648,-0.09650757061433285,0.03141137200079883,0,0.1852929660956578,0.189963109531069,0.9754155238641797,0,1,0.016163187688816076,0.008478819641486224,-0.026048550888165378,34.29008942285724,-0.004436535239403239,-0.2938777014981184,-0.4066132527351679,0.009268147363542978,1.0,HDFCBANK
HDFCBANK,2024-04-26,1527.2,1541.3,1521.3,1524.55,11300,44000,44000,40693400,27016000,6017550,2756600,67753400,0.663891441855436,0.48848490728500854,18603750,8724100,0.4689430894308943,20028800,13935350,1500.0,-0.016103112393821097,0.009268147363542978,-0.0054471915976255225,-0.010995783327927389,0.0565874280961951,0.013118625168082385,0.16249999999918752,0.011022475257356652,1512.2350000000001,1474.951,0.008143575568611894,0.03362755779683524,0.009225461628189052,47.97799174690506,0,10.805845313539749,12.69716163767815,-1.8913163241384012,0.6100974109560017,0.07396700338235913,1,1,54.145077720137024,43.23509321421193,0.016210872529130376,0.15843261880111706,48.333333333333336,0.2850551257256046,0.6325355165887269,0.013122689031848368,0.2298103847550778,0.0037420410138962815,0.8564025171414505,0.663891441855436,0.5658833275257943,0.03213406520732198,-0.016103112393821097,0.09559716554972084,0.0693184332816995,1,0.19301149912940666,0.18499784335560138,1.0433175626489317,0,0,0.01664469016670119,-0.0054471915976255225,-0.010995783327927389,33.20242548129932,0.010854452264564274,-0.9984103426204025,-0.531321217009523,0.013905742678167465,1.0,HDFCBANK
HDFCBANK,2024-04-29,1527.5,1550.0,1524.4,1545.75,15000,73150,29150,40077950,25595900,-615450,-1420100,65747000,0.6386529251121876,0.4437262322403613,13879250,2658150,0.1915197146819893,18885900,18935950,1600.0,0.03509623160278182,0.013905742678167465,0.020667569084486193,0.013739506820566572,0.06460277557767147,0.01656153970564445,0.8339843749967417,0.0019349972122921816,1516.925,1477.454,0.01900225785717824,0.046225466241250235,0.013809944909629533,48.134942402633044,0,12.498968895219605,12.657523088310999,-0.15855419309139407,0.7878667862089735,0.06601059506507914,1,1,81.60621761647455,57.253886010288454,0.015993160971326907,0.15962161112753387,53.333333333333336,0.29548385249252607,0.7437256094869157,0.0069629646667526135,0.21429935982073536,0.004485200380664059,0.8453112401940248,0.6386529251121876,0.5961044785859677,-0.025238516743248396,0.03509623160278182,-0.01512407417419041,-0.05256514657980456,-1,0.19775479577798746,0.1888317621404924,1.0472538805528429,0,0,0.017192502059616106,0.020667569084486193,0.013739506820566572,30.36140955563976,0.0046375953146244875,-0.9976873265494912,-0.4099843636478504,-0.006889859291606126,0.0,HDFCBANK
HDFCBANK,2024-04-30,1542.0,1549.0,1532.6,1535.1,18800,130900,57750,42170700,26543550,2092750,947650,68845150,0.629431097894984,0.5260126089414671,15676100,4216850,0.2689986667602274,20813100,18179150,1600.0,0.04227737606670581,-0.006889859291606126,0.017532230802372872,0.023536471529537195,0.05064677297926212,0.010683343104683794,0.15243902438931356,-0.0024260067928190197,1520.625,1479.655,0.009519112207151625,0.03747157276527302,-0.006913703959522398,46.123521681997396,0,12.835071875362928,12.693032846348787,0.1420390290141409,0.6677041504731724,0.056761339419744775,1,1,69.38369781302914,68.37833104988025,0.0161436667690332,0.15928160461674484,53.333333333333336,0.29250163391868633,0.7864487835661437,0.00948083766234642,0.16277288879298496,0.003775163040704927,0.8307043829597955,0.629431097894984,0.623427528878111,-0.00922182721720366,0.04227737606670581,0.05221699213657385,0.03702350767115046,1,0.1785842319307942,0.1917428242838383,0.9313737424316714,0,0,0.01701733723686673,0.017532230802372872,0.023536471529537195,26.98115239943322,-0.02079560196977359,-0.9968407078158872,-0.22353301688993876,0.007067943456452452,1.0,HDFCBANK
HDFCBANK,2024-05-02,1539.45,1547.35,1534.2,1545.95,9400,129250,-1650,42629400,26510000,458700,-33550,69268650,0.6218712907054755,0.4268549817597639,15381300,3526050,0.22924265179146106,20442400,18967300,1600.0,0.03496232090300459,0.007067943456452452,0.021811692389041237,0.02252133077584495,0.042553191489361764,0.008506096574921481,0.8935361216662181,0.0028336916161814454,1523.7800000000002,1482.31,0.014549344393547603,0.042932989725496196,0.007043082618693061,48.75000000000001,0,13.816031726458732,12.917632625545442,0.8983991009132897,0.77246722593658,0.05339851185214972,1,1,91.52787834889001,80.8392645927979,0.0160326752389885,0.15731591365116065,41.66666666666667,0.2752604343475655,0.7819552237042304,0.010936397507284834,0.10657789130914372,0.0033479959023474115,0.841183053342521,0.6218712907054755,0.6371208264432393,-0.0075598071895084384,0.03496232090300459,0.01087722043978402,-0.001263960547854375,0,0.1777621680190592,0.1870174546930452,0.9505111071892836,0,0,0.016002744169310936,0.021811692389041237,0.02252133077584495,23.084013840687017,0.013957802748058579,-0.9982742667469561,-0.08884062542503846,-0.007988615414470157,0.0,HDFCBANK
HDFCBANK,2024-05-03,1545.95,1550.45,1523.35,1533.6,24700,187000,57750,46946900,27491200,4317500,981200,74625100,0.5855807305700695,0.4430314869255759,16940550,4776750,0.2819713645660855,24341900,18378800,1600.0,0.04329681794470533,-0.007988615414470157,0.015259342623547667,0.023867543478986564,0.026437320125828334,0.017670839853938535,0.3782287822864253,0.0,1525.7549999999999,1484.1740000000002,0.005141716723851442,0.03330202523423775,-0.008020695366414126,48.053228191227184,0,13.443559795797228,13.022818060785216,0.42074173501201173,0.6021818548206649,0.050319273738336716,1,1,74.23357664222726,78.38171760138215,0.016827818764438483,0.15617177693978868,40.0,0.2652251390123459,0.7878174750836362,0.013060402233588708,0.05490938400874483,0.002000824543435635,0.8255491298048881,0.5855807305700695,0.6278854972276304,-0.03629056013540599,0.04329681794470533,0.10127986788460545,0.03701244813278008,1,0.1754893917201884,0.18917320752811367,0.9276651483606198,0,0,0.01595389197952036,0.015259342623547667,0.023867543478986564,19.67717331412194,-0.01505655887092261,-0.9947501875692093,0.07765207473559466,0.0030320813771518296,1.0,HDFCBANK
HDFCBANK,2024-05-06,1535.85,1548.0,1535.7,1538.25,15500,204050,17050,45679700,27200800,-1267200,-290400,73084550,0.5954680087653815,0.4906104278489209,16368550,4655200,0.28439904573099023,24054250,18291350,1600.0,0.04014301966520396,0.0030320813771518296,0.008986258240136547,0.003490116772131291,0.032694437917491825,0.007996099463676225,0.20731707316904327,0.001467136150234742,1528.19,1486.031,0.006582951072837684,0.035139912962784736,0.0030274938891649734,53.52370971967514,0,13.368861838361681,13.09202681692659,0.2768350214350921,0.6448695325666185,0.04544054885914942,1,1,81.0218978101007,82.261117600406,0.01637760906410346,0.15426044940114253,38.333333333333336,0.25102289686362866,0.6962736748708936,0.01309365113900025,-0.016069057768297656,0.0025597012959006713,0.8182723616625782,0.5954680087653815,0.6142008106096196,0.009887278195311988,0.04014301966520396,-0.026992197567890532,-0.01056338028169014,-1,0.13159143245342098,0.18851968677750103,0.6980248834113983,0,0,0.013296003067514961,0.008986258240136547,0.003490116772131291,17.859593933993413,0.011020696791621987,-0.995998048080225,0.03940120678515502,-0.011669104501869088,0.0,HDFCBANK
HDFCBANK,2024-05-07,1535.0,1535.0,1518.6,1520.3,35600,322850,118800,46857250,28201250,1177550,1000450,75381350,0.6018545689301016,0.4899813211071482,20350000,9392900,0.46156756756756756,24722500,14176800,1500.0,-0.013352627770834674,-0.011669104501869088,-0.0164644994339318,0.0038627884710620286,-0.00757229584176522,0.010787344603038934,0.103658536584736,-0.0021127905086949453,1527.61,1487.5359999999998,-0.004785252780487137,0.022025685428789687,-0.011737722833809472,55.57671381936885,0,11.728114457016773,12.819244342970496,-1.0911298859537233,0.39511373418956924,0.04562325432732787,1,1,54.81751824809509,70.02433090014102,0.016218603471119433,0.149618154938699,31.666666666666664,0.2107268452098577,0.6979227190924503,0.015106369251879536,-0.028277035530472495,0.0024710653401504457,0.904845527745687,0.6018545689301016,0.6068411393732024,0.0063865601647200565,-0.013352627770834674,0.025778409227731357,0.03678016823034617,1,0.1306315522474833,0.16535215156665464,0.7900202744916974,0,-1,0.011604755025920472,-0.0164644994339318,0.0038627884710620286,17.545112821882203,-0.014701185879020917,-0.9858549416317676,0.0434710446815767,-0.015852134447148503,0.0,HDFCBANK
HDFCBANK,2024-05-08,1515.0,1515.0,1495.0,1496.2,55600,540100,217250,54475300,31091500,7618050,2890250,86106900,0.5707449064071239,0.5260930337122577,16189800,9372550,0.5789169724147303,36379200,15012800,1500.0,0.00253976741077393,-0.015852134447148503,-0.02534036870562173,-0.008252411096013046,-0.03629512737109908,0.01336719689881032,0.05999999999970228,-0.0034861540485430207,1524.7925,1487.9340000000002,-0.01875173179301448,0.005555353933709428,-0.015979123348485665,45.990806945863135,0,8.389036876788168,11.933202844604201,-3.544165967816033,0.09687466167489056,0.046515884788909105,1,1,19.635036496321767,51.82481751817252,0.016341398208795634,0.14818690401205425,31.666666666666664,0.19799293803297757,0.6438886533256593,0.0117838548469807,-0.0473093485580355,0.0006712223615137989,0.8946106304317805,0.5707449064071239,0.5951039010756304,-0.031109662522977644,0.00253976741077393,0.16257996361288807,0.10248659190638713,1,0.15351041740436694,0.16564402308864956,0.9267489067778567,0,-1,0.011403676021604704,-0.02534036870562173,-0.008252411096013046,16.71955770819813,-0.004183029945279415,-0.9641565507771452,0.13757609490191403,-0.02242347279775425,0.0,HDFCBANK
HDFCBANK,2024-05-09,1490.0,1501.0,1461.0,1462.65,77200,774400,234300,60911400,33626450,6436100,2534950,95312250,0.5520551161194784,0.5207601904195177,8337450,8029450,0.9630582492248829,51441500,12367850,1500.0,0.025535842477694533,-0.02242347279775425,-0.0538827258320127,-0.03324630688390229,-0.05626350937187463,0.027347622466071853,0.041249999999899145,-0.004143831038631229,1520.4325000000001,1487.9779999999998,-0.038003988996551996,-0.017021757042106622,-0.022678701489066776,41.82535996284261,0,3.0043387195439664,10.14743001132102,-7.143091291777054,-0.1701837159536064,0.05670682246056188,-1,-1,1.8282548476435043,25.426936530686792,0.017341322745896653,0.15753963483671943,50.0,0.2812046264619433,0.5302969130968741,0.010306561967490135,-0.06746026464169526,0.001915569153484219,0.869893899564023,0.5520551161194784,0.5811406661584311,-0.018689790287645502,0.025535842477694533,0.11814712355875048,0.0815319299486998,1,0.1857834237486708,0.18110212616583057,1.0258489371680197,0,0,0.013322152204561394,-0.0538827258320127,-0.03324630688390229,16.09286289276497,-0.006571338350605749,-0.86277995023107,0.17811938711550246,0.002324547909616115,1.0,HDFCBANK
HDFCBANK,2024-05-10,1465.85,1479.15,1461.2,1466.05,61300,887700,113300,62783600,35576750,1872200,1950300,99248050,0.5666567383839092,0.4945053901315472,9464400,8641050,0.9130055788005579,51854550,13826450,1500.0,0.023157463933699426,0.002324547909616115,-0.04404668753260299,-0.029459468405547695,-0.05474064283181279,0.012243784318406635,0.2701949860709124,0.002187809797285624,1516.1875,1488.415,-0.033068139659507834,-0.01502605120211764,0.0023218503277541167,31.799618840185133,0,-0.9777086603312455,7.922402268746068,-8.900110929077314,-0.03336484059658874,0.06199909919543567,-1,-1,5.595567867029761,9.019619736998349,0.015593406968189569,0.15865773127902602,63.33333333333333,0.2911523833828832,0.547874098923029,0.012244854334779686,-0.060253287614001436,0.00017931431484288773,0.8736145918042133,0.5666567383839092,0.577355867721199,0.014601622264430736,0.023157463933699426,0.030736446707841224,0.057998985917335905,1,0.18782755518539057,0.18161066983096077,1.0342319383370655,0,0,0.013828249215727461,-0.04404668753260299,-0.029459468405547695,15.765223281978523,0.024748020707370366,0.8896424167694148,0.15637840567413708,0.01309641553835128,1.0,HDFCBANK
HDFCBANK,2024-05-13,1467.05,1489.1,1460.15,1485.25,47400,876150,-11550,58972650,34394250,-3810950,-1182500,94243050,0.5832237486360202,0.4440409782867655,15879600,8491450,0.5347395400387919,39570850,18241300,1500.0,0.009930988049149974,0.01309641553835128,-0.03445473752640993,-0.025778098455281895,-0.03649043139798902,0.01949166806934847,0.8670120898070248,0.0006821049759557996,1513.375,1489.1770000000001,-0.01858429008011897,-0.0026370270290234643,0.013011398958858932,42.0824295010846,0,-2.5563637866691806,5.826649051450625,-8.383012838119805,0.20303530494929517,0.06258080637147526,-1,-1,27.79623477294809,11.740019162540456,0.014766633803832937,0.16313233440255925,71.66666666666667,0.3309631389727677,0.5650801111048049,0.012195088502202323,-0.0542962188232692,0.0024555765521409763,0.8607417247295173,0.5832237486360202,0.5749070156953267,0.016567010252111047,0.009930988049149974,-0.06069976872941341,-0.03323799953621396,-1,0.19560668289026156,0.18952530083022104,1.0320874412555585,0,0,0.01446555350585407,-0.03445473752640993,-0.025778098455281895,15.866648234335328,0.010771867628735166,0.31484049930651503,0.04646688945563282,0.005352634236660547,1.0,HDFCBANK
HDFCBANK,2024-05-14,1487.05,1495.65,1481.0,1493.2,30700,900900,24750,59597450,34813900,624800,419650,95312250,0.5841508319567364,0.4667030523874112,19497500,8174100,0.4192383638928068,35785750,20095900,1500.0,0.004553978033752983,0.005352634236660547,-0.0178254291916069,-0.03399644185670381,-0.020724029380902342,0.009811143852129715,0.8327645051137674,0.0012119171856589494,1511.795,1490.1229999999998,-0.01229994807497048,0.0020649302104593925,0.005338359804578012,45.85901902975074,0,-3.1304852918044617,4.035222178551378,-7.16570747035584,0.30571562449136264,0.06330899251568431,-1,-1,36.60022148390185,23.3306747079599,0.01427901725919407,0.1627752635742083,71.66666666666667,0.32778626292738267,0.5266384760581723,0.010803607586736286,-0.05027992259973113,0.0031449076222632086,0.8659035491986624,0.5841508319567364,0.5713662683006537,0.0009270833207162266,0.004553978033752983,0.010594741799800416,0.01220116734628608,1,0.17952320893853588,0.18798313465541963,0.9549963573706185,0,1,0.013790513920502595,-0.0178254291916069,-0.03399644185670381,15.896066490479166,-0.007743781301690733,-0.18394471026050196,0.013480320486578101,-0.016072863648539992,0.0,HDFCBANK
HDFCBANK,2024-05-15,1491.1,1491.1,1465.8,1469.2,68100,1121450,220550,68040500,36546400,8443050,1732500,105708350,0.5371271522108156,0.5005981469173928,13827550,9183900,0.6641740583111253,52200500,14787300,1500.0,0.020963789817587772,-0.016072863648539992,-0.01804571581339398,-0.04292879942674732,-0.020402720362714954,0.01722025592158995,0.1343873517781288,-0.0014063755692473455,1510.265,1490.71,-0.02719059237948307,-0.014429365872637878,-0.016203433094916474,39.39393939393943,0,-5.457394411773521,2.136698856884639,-7.59409326865816,0.09977455236158181,0.06793818968766555,-1,-1,10.022148394230273,24.806201550360075,0.01517589747578859,0.16471368934272587,75.0,0.34503252865623063,0.48536579671182056,0.01425210117472051,-0.04363797357283981,0.0032125553971973763,0.8778396279722966,0.5371271522108156,0.5646427174613919,-0.04702367974592081,0.020963789817587772,0.14166797404922526,0.049764605516761984,1,0.19013386064864982,0.1876352855423155,1.0133161254706498,0,1,0.014444205202193212,-0.01804571581339398,-0.04292879942674732,17.141258128951403,-0.02142549788520054,0.6004700352526402,0.07904431786155008,0.010481894908793699,1.0,HDFCBANK
HDFCBANK,2024-05-16,1480.0,1486.85,1463.7,1484.6,55400,1100000,-21450,63391350,35198900,-4649150,-1347500,99690250,0.5552634547142473,0.47469065482971246,19369900,8190050,0.42282355613606676,39364050,19405100,1500.0,0.01037316448875124,0.010481894908793699,0.015007007828256702,-0.03968433649212466,-0.018056749785038795,0.015593425838609636,0.9028077753740694,0.007350939286686601,1508.9,1491.8380000000002,-0.016104446948107976,-0.004851733231088229,0.010427340737934132,44.08209806157354,0,-5.990797128426493,0.5111996573553762,-6.501996785781869,0.2688205564873898,0.06966210621251614,-1,-1,27.076411960102718,24.56626061274495,0.01561026539135121,0.16324107945420746,75.0,0.3319306488397339,0.500709677441889,0.0182487852160661,-0.010870526304357564,0.0004432351706996282,0.8620482645269502,0.5552634547142473,0.5652843851803457,0.01813630250343168,0.01037316448875124,-0.06832915689919974,-0.036870936672285096,-1,0.19652090230997304,0.1893641992975664,1.037793325956937,0,0,0.01515293812856203,0.015007007828256702,-0.03968433649212466,18.486731324402502,0.02655475855733369,0.17497348886532094,0.008598306825782442,0.002155462750909276,1.0,HDFCBANK
HDFCBANK,2024-05-17,1480.3,1492.0,1480.1,1487.8,29900,1123100,23100,62183000,34370600,-1208350,-828300,97676700,0.5527330620909252,0.5352560691522692,19212600,8222500,0.42797435016603685,38918000,18605400,1500.0,0.008200026885334081,0.002155462750909276,0.014835783227038712,-0.029864371413667157,-0.006709617117868882,0.007998386879957044,0.6470588235239731,-0.0028964030715343896,1508.3975,1493.11,-0.013655220192290263,-0.003556335434093949,0.002153143073794358,41.18493643559608,0,-6.085349967467209,-0.8081102692110046,-5.277239698256205,0.3063772926297408,0.07052489027641802,-1,-1,30.620155038725645,22.57290513101955,0.014671710867436107,0.15955297690129341,66.66666666666666,0.3584801498350154,0.5463018680922074,0.014964467506168911,0.0014278359271280515,0.000287247311845297,0.8535279507137336,0.5527330620909252,0.562499649921749,-0.0025303926233221086,0.008200026885334081,-0.019061748961017554,-0.023531985374542954,-1,0.197311461352738,0.1869335112956991,1.0555167978151918,0,0,0.014185692831163877,0.014835783227038712,-0.029864371413667157,21.469115116638655,-0.008326432157884422,-0.3727711348856737,-0.008621267132005173,-0.0005713133485683031,0.0,HDFCBANK
HDFCBANK,2024-05-21,1485.8,1496.0,1483.85,1486.95,30500,1208900,84150,65316900,32352650,3121800,-2323200,98878450,0.4953182101416326,0.5830428567846122,22331650,8303900,0.3718444449917494,38720550,16605600,1500.0,0.008776354282255592,-0.0005713133485683031,0.001144588453122486,-0.033349585568015594,-0.029975862743818915,0.008171088469686331,0.25514403291972004,-0.0013442667025137787,1506.1,1493.86,-0.012714959166057915,-0.004625600792577567,-0.0005714766102247663,34.37001594896334,0,-6.157829455435149,-1.8780541074951065,-4.279775347940042,0.31831396710131843,0.069983140493632,-1,-1,29.678848283466543,29.12513842743164,0.014034000566836251,0.14196479448792018,28.333333333333332,0.18138023545877252,0.5301065414548324,0.013355449200317393,-0.011118673266627743,0.00035807478673905574,0.8618533662554237,0.4953182101416326,0.5449185422228714,-0.057414851949292633,0.008776354282255592,0.05020343180612064,-0.06759265185943801,0,0.19506509699804062,0.16472035726743492,1.1842197292160854,0,-1,0.014203191731764889,0.001144588453122486,-0.033349585568015594,25.50306099689886,-0.002726776099477579,-0.3797030709782401,-0.005779100119453151,-0.0003698846632368413,0.0,HDFCBANK
HDFCBANK,2024-05-22,1486.3,1489.2,1475.55,1486.4,65900,1397000,188100,67155000,32602900,1838100,250250,101154900,0.4854873054873055,0.46309344694543314,25521650,8292350,0.32491433743507964,37274600,16932850,1500.0,0.009149623250807258,-0.0003698846632368413,-0.0045539780337530145,-0.02229823061237901,-0.018521575489451547,0.009183261571582408,0.7948717948659764,-0.0004371364201890386,1504.6975,1494.6029999999998,-0.012160251479117812,-0.005488413980167195,-0.00036995308744211986,36.320224719101176,0,-6.188277793126417,-2.7400988452912354,-3.448178947835182,0.3282092948140942,0.07078527016918786,-1,-1,29.069767441828287,29.7895902546735,0.013907042903275426,0.1308577839371836,13.333333333333334,0.055716966545435925,0.5808904743745283,0.011846978677045539,-0.01345418877556268,0.0004636520070076342,0.8182184874450885,0.4854873054873055,0.5251858369289852,-0.009830904654327066,0.009149623250807258,0.028141262062345275,0.007735069615626541,1,0.18969288579746615,0.15993012363234307,1.186098537101951,0,-1,0.014042783428619237,-0.0045539780337530145,-0.02229823061237901,29.84581317896905,0.00020142868533146174,0.26245210727969104,0.005298756044047392,0.019375672766415386,1.0,HDFCBANK
HDFCBANK,2024-05-23,1485.0,1517.3,1485.0,1515.2,103300,1280400,-116600,58011250,32835550,-9143750,232650,92127200,0.5660203839772457,0.4560879436013859,19240650,6194100,0.32192779349969985,28157800,21243200,1500.0,-0.010031678986272469,0.019375672766415386,0.03130955622107279,0.012698837053869871,0.004341629934047075,0.021317317845828902,0.934984520120947,-0.0009418729817008147,1505.025,1495.779,0.006760685038454506,0.012983869943353987,0.019190354372239614,42.15361061495279,0,-3.8455937853636897,-2.9611978334431734,-0.8843959519205162,0.5952041446792088,0.07101250750369238,-1,-1,60.963455149434125,39.904023624909655,0.014545463116608858,0.1347725334373724,21.666666666666668,0.11509426530443176,0.7392205736195189,0.011510990585935877,0.026209894565625235,0.002389297704039421,0.771066649091054,0.5660203839772457,0.5309644832822713,0.08053307848994024,-0.010031678986272469,-0.13615888615888616,0.007135868281655926,0,0.20074928936264022,0.17478713872417875,1.1485358174126141,0,-1,0.014837795523321096,0.03130955622107279,0.012698837053869871,32.21063501364735,0.019745557429652227,0.8132350359838478,-0.05901915622717824,0.017027455121435997,1.0,HDFCBANK
HDFCBANK,2024-05-24,1516.0,1545.0,1511.0,1541.0,136000,1324400,44000,52711450,32365300,-5299800,-470250,86401150,0.6140089107774497,0.43477684294281443,19654250,2845150,0.14476003917727717,18852900,25854950,1500.0,-0.026606099935107073,0.017027455121435997,0.03799003098477716,0.05356715550541824,0.01853993853068503,0.022063595068137574,0.8823529411738754,0.0005279831045406246,1506.4275000000002,1497.42,0.0229499926149781,0.029103391166139136,0.016884112888301838,51.76695319961798,0,0.09059454215389451,-2.3508393580202145,2.441433900174109,0.810142370811962,0.07399824975491237,-1,1,92.03187250985539,60.688365033705935,0.014621766941689082,0.14181814434056747,31.666666666666664,0.3176323007967293,0.9165313353960094,0.006669682403465016,0.02725440857182073,0.001782543605639347,0.7685319893516925,0.6140089107774497,0.5427135744949118,0.047988526800203934,-0.026606099935107073,-0.09135814173974875,-0.014321368151287248,-1,0.16441621794044492,0.18453121825592092,0.8909940518753932,0,0,0.014309392783527667,0.03799003098477716,0.05356715550541824,32.81557172797179,-0.002348217644979389,1.1638822593476497,-0.09287921763553719,0.005353666450356842,1.0,HDFCBANK
HDFCBANK,2024-05-27,1545.0,1569.35,1542.35,1549.25,192500,1610400,286000,53308750,32483550,597300,118250,87402700,0.609347433582667,0.40779479321378204,20752600,4496800,0.2166861019824022,21591350,24772000,1600.0,0.032757786025496206,0.005353666450356842,0.04130259443473583,0.056751133999522585,0.025619807354936963,0.017427787639180247,0.25555555555461246,0.0025957170668397143,1508.3625,1499.1919999999998,0.02710721063404864,0.03338998607249777,0.005339386522101045,52.582159624413144,0,3.8312184630813135,-1.1144277933079922,4.945646256389306,0.8468895877203257,0.07814362723347913,1,1,81.59340659333192,78.19624475087382,0.015187072085571364,0.14576574144986074,38.333333333333336,0.3965673151713576,0.9301455985907864,0.007339153706103963,0.020896423951663246,0.00214333582671487,0.788376874191941,0.609347433582667,0.5540364487932601,-0.004661477194782715,0.032757786025496206,0.011331503876292533,0.0036536043231485574,1,0.16359272973328165,0.18489347689254315,0.8847944902884779,0,0,0.014827793115605026,0.04130259443473583,0.056751133999522585,31.877042683788705,-0.011673788671079155,1.5338949585362611,-0.06213114134899578,0.00587380990802,1.0,HDFCBANK
HDFCBANK,2024-05-28,1552.65,1560.6,1549.25,1558.35,66000,1684100,73700,52330300,32725550,-978450,242000,86739950,0.6253652281756459,0.5189457833271933,18405750,4016650,0.21822799940236068,22015950,25497450,1600.0,0.02672698687714576,0.00587380990802,0.04801775446383538,0.04921730348426179,0.022170476534059125,0.007283344563159694,0.8017621145303794,0.002194610295304238,1510.0525,1501.484,0.03198398731169938,0.037873197449989515,0.005856626342433477,59.31912809208916,0,7.443792191793364,0.5972162042570724,6.8465759875362915,0.8851062854002986,0.08305236378677903,1,1,89.92673992665756,87.8506730099483,0.014717948012779081,0.1439254928404015,36.666666666666664,0.359770234208209,0.8976838600748145,0.006897827177741078,0.024873636207221515,0.003154286892602026,0.7849905410551964,0.6253652281756459,0.5800458524000628,0.016017794592978918,0.02672698687714576,-0.018354397730203767,0.0074499246541711115,0,0.15823466737107322,0.18334678602424376,0.8630348571468633,0,1,0.01360696076498615,0.04801775446383538,0.04921730348426179,31.319504550141165,0.0005201434576631581,-0.15199794423744173,-0.0443477333488459,-0.01530464914813745,0.0,HDFCBANK
HDFCBANK,2024-05-29,1552.0,1552.0,1526.5,1534.5,166600,2124650,440550,50619250,30166400,-1711050,-2559150,82910300,0.5959471940022817,0.5625991466549967,14015100,4384050,0.3128090416764775,27769500,21417000,1600.0,0.04268491365265559,-0.01530464914813745,0.03236006458557572,0.027658719528529385,-0.00727802037845704,0.016617790811339198,0.31372549019484813,-0.004074822729168614,1509.49,1502.6170000000002,0.016568509894070216,0.021218314447394082,-0.015422974124859485,59.391858754291334,0,8.287606991084886,2.135294362014275,6.152312629070611,0.7031695326964968,0.08155016982184198,1,1,68.08608058601827,79.86874236866925,0.015251594283852341,0.14387977589439693,36.666666666666664,0.37238577014455315,0.8048404506449013,0.011093233251906276,0.038308365694348076,0.002028112768723436,0.7747194267579741,0.5959471940022817,0.602137830103058,-0.029418034173364194,0.04268491365265559,-0.03269711811321548,-0.07820036638039697,-1,0.18767661362745505,0.1857185593228627,1.0105431261726194,0,1,0.014287625460907097,0.03236006458557572,0.027658719528529385,31.756282800766026,-0.02117845905615745,0.8223583460949444,-0.04827985039761806,0.0002606712284132229,1.0,HDFCBANK
HDFCBANK,2024-05-30,1526.4,1545.85,1522.85,1534.9,165900,2293500,168850,46339700,29787450,-4279550,-378950,78420650,0.6428062762598808,0.6078807011863319,10396650,4569950,0.4395598582235624,27651800,20591450,1600.0,0.042413186526809504,0.0002606712284132229,0.013001583949313611,0.044718213994010325,-0.00013028467200826288,0.014984689556322886,0.5239130434759909,-0.00527859237536651,1509.48,1503.8069999999998,0.01684023637279064,0.020676190495189983,0.00026063725957156653,71.15666178623724,1,8.886155017930378,3.4854664934725297,5.400688524457848,0.706558765843423,0.08152758031827713,1,1,68.45238095231838,75.48840048833141,0.014456502517613984,0.14562872144264624,41.66666666666667,0.4439060863785145,0.8782509295433377,0.010257185841285965,0.03128924489860396,0.00015658425132120297,0.7911137624041044,0.6428062762598808,0.6174950085595851,0.04685908225759916,0.042413186526809504,-0.08454392350736133,-0.012561989498249708,-1,0.15712264895066014,0.18408063199530977,0.8535533975638901,0,0,0.014064068824380391,0.013001583949313611,0.044718213994010325,32.80105253522376,0.015565320376550673,0.6393280632411051,-0.07056952330045829,0.010358981041109994,1.0,HDFCBANK
IDFCFIRSTB,2024-01-01,89.5,89.5,88.2,88.4,576900,234165000,-915000,131580000,60600000,12697500,2587500,426345000,0.4605563155494756,0.21938514090520736,41310000,20557500,0.4976397966594045,81405000,31387500,90.0,0.018099547511312153,0.0,0.0,0.0,0.0,0.014705882352941143,0.15384615383432204,0.0,88.4,88.4,0.0,0.0,0.0,50.0,0,0.0,0.0,0.0,0.0,0.0,0,0,15.384615383432205,15.384615383432205,0.014705882352941143,0.13949261385371944,100.0,0.0,0.5,0.0,0.0,0.0,0.0,0.4605563155494756,0.4605563155494756,0.0,0.018099547511312153,0.0,0.0,0,0.0,0.0,0.0,0,0,0.014705882352941143,0.0,0.0,0.0,0.0,-2.220446049250313e-16,0.0,-0.022058823529411797,0.0,IDFCFIRSTB
IDFCFIRSTB,2024-01-02,88.4,88.4,85.8,86.45,918800,233190000,-975000,144645000,66735000,13065000,6135000,444570000,0.46137094265270145,0.17125978163372563,18637500,18892500,1.013682092555332,123397500,24682500,90.0,0.04106419895893577,-0.022058823529411797,0.0,0.0,0.0,0.03007518796992491,0.24999999999038597,0.0,87.42500000000001,87.42500000000001,-0.01115241635687747,-0.01115241635687747,-0.022305757514298277,0.0,-1,-0.04375000000000284,-0.024305555555557135,-0.019444444444445708,0.3232233046975025,0.06308759386051026,0,-1,17.567567567092908,16.476091475262557,0.022556390977443642,0.22411951529810073,100.0,0.9999999988183427,0.0,0.0,-0.042747071034021644,0.0,0.0,0.46137094265270145,0.46096362910108857,0.000814627103225829,0.04106419895893577,0.09929320565435476,0.10123762376237624,1,0.0,0.0,0.0,0,0,0.022390535161433026,0.0,0.0,49.99999999991875,0.0,0.22858862071270947,0.02092626720173607,0.0023134759976866093,1.0,IDFCFIRSTB
IDFCFIRSTB,2024-01-03,86.0,87.3,84.85,86.65,866800,235890000,2700000,151665000,70027500,7020000,3292500,457582500,0.46172485411927605,0.18135329733267805,21082500,18757500,0.8897189612237638,127620000,27577500,90.0,0.03866128101557985,0.0023134759976866093,0.0,0.0,0.0,0.02827466820542415,0.7346938775210367,-0.005205320994794712,87.16666666666667,87.16666666666667,-0.005927342256214163,-0.005927342256214163,0.0023108040323156637,9.302325581395465,-1,-0.0495441957664724,-0.0346492605600306,-0.0148949352064418,0.3795950793311551,0.0492284054814658,0,-1,38.70967741852257,23.88728678968256,0.02442777457203311,0.2409049386821806,100.0,0.9999999990139267,0.39426513601514834,0.024372299527098407,-0.03600846364981336,0.0,0.8805700777900973,0.46172485411927605,0.4612173707738177,0.0003539114665745968,0.03866128101557985,0.04853261433163953,0.04933692964711171,1,0.27357838367470444,0.27357838367470444,0.9999999996344741,0,0,0.0243519128427634,0.0,0.0,66.66666666654932,0.024372299527098407,0.10069841269841251,0.03330830505891047,0.010963646855164377,1.0,IDFCFIRSTB
IDFCFIRSTB,2024-01-04,86.6,87.8,86.6,87.6,467400,234090000,-1800000,154477500,70875000,2812500,847500,459442500,0.4588046802932466,0.2395600760770674,15412500,10005000,0.6491484184914842,127747500,38722500,90.0,0.02739726027397267,0.010963646855164377,0.0,0.0,0.0,0.013698630136986335,0.8333333332638869,-0.0005770340450087867,87.275,87.275,0.003723861357777025,0.003723861357777025,0.010903981780730591,37.09677419354818,0,-0.016665918972122995,-0.02855734267794808,0.011891423705825084,0.5900464738256697,0.041354882638828735,0,-1,59.13978494496466,38.472343310193374,0.021546803652968072,0.21869993015370395,50.0,0.7810423077851669,0.6189747433180492,0.016511235192288087,-0.025360589355348646,0.0,0.8045477546167652,0.4588046802932466,0.46061419815367494,-0.0029201738260294374,0.02739726027397267,0.018544159825932154,0.012102388347434937,1,0.2718296444409614,0.2718296444409614,0.9999999996321225,0,0,0.021688592166319135,0.0,0.0,68.50649350636921,0.008650170857477768,-0.3393406127424998,0.027870062753783786,-0.006278538812785395,0.0,IDFCFIRSTB
IDFCFIRSTB,2024-01-05,87.5,88.0,86.05,87.05,580200,233992500,-97500,163492500,73927500,9015000,3052500,471412500,0.45217670535345655,0.20154758834150013,14752500,8887500,0.6024402643619725,137002500,41317500,90.0,0.03388856978747849,-0.006278538812785395,0.0,0.0,0.0,0.02240091901206207,0.5128205127942136,-0.0011415525114154602,87.22999999999999,87.22999999999999,-0.002063510260231438,-0.002063510260231438,-0.006298331728147713,31.506849315068337,0,-0.020335261383365832,-0.02611145937994051,0.005776197996574677,0.4428844780734719,0.036128712320858285,0,-1,47.31182795597179,48.38709677315301,0.021826536473291244,0.21769578177520824,40.0,0.7711406673365916,0.5918680925832549,0.01675488535084198,-0.025533770670260303,0.0,0.9738722205553413,0.45217670535345655,0.45892669959363125,-0.00662797493979006,0.03388856978747849,0.05835801330290819,0.04306878306878307,1,0.22353628852220683,0.22353628852220683,0.9999999995526453,-1,0,0.02183105753546772,0.0,0.0,70.25974025960745,-0.017242185667949772,-0.1492918096243513,0.0432469037036054,-0.01780585870189544,0.0,IDFCFIRSTB
IDFCFIRSTB,2024-01-08,86.85,86.85,85.15,85.5,754900,232575000,-1417500,172380000,76417500,8887500,2490000,481372500,0.44330838844413506,0.22261605868163137,20137500,18405000,0.9139664804469274,149445000,31305000,90.0,0.05263157894736842,-0.01780585870189544,-0.0328054298642535,0.0,0.0,0.01988304093567238,0.2058823529290638,-0.002297530155083318,86.94166666666666,86.94166666666666,-0.016581999424901683,-0.016581999424901683,-0.01796629027148349,22.1153846153845,-1,-0.08843770603856171,-0.04300533749670617,-0.04543236854185555,0.1387545283609986,0.04590230390938153,-1,-1,13.978494623355406,40.143369174763954,0.022222222222222233,0.21310205864286466,33.33333333333333,0.7258431836669872,0.5010141712428844,0.015447993985408998,-0.024652615136160527,0.0,0.9786820289800898,0.44330838844413506,0.4554771141725632,-0.008868316909321494,0.05263157894736842,0.054360291756502595,0.033681647560109565,1,0.2177439170586137,0.2177439170586137,0.9999999995407449,0,0,0.021506388102168497,-0.0328054298642535,0.0,72.07179612826015,-0.011527319889110044,0.08749099639855928,0.03995994607627096,-0.01403508771929829,0.0,IDFCFIRSTB
IDFCFIRSTB,2024-01-09,86.1,86.85,84.0,84.3,677400,237007500,4432500,181357500,83565000,8977500,7147500,501930000,0.46077498862743477,0.32925663293761326,13822500,18510000,1.3391209983722192,164842500,30060000,90.0,0.06761565836298936,-0.01403508771929829,-0.02486986697513016,0.0,0.0,0.033807829181494595,0.10526315789104261,0.007017543859649056,86.56428571428572,86.56428571428572,-0.0261572737024508,-0.0261572737024508,-0.014134510934904806,17.968749999999886,-1,-0.184951180695748,-0.07892804363986919,-0.10602313705587882,0.081139034912138,0.06244858290162616,-1,-1,5.4545454544462295,22.248289344591143,0.02414844941535333,0.23104104616486698,85.71428571428571,0.9027347748484037,0.4607778580104346,0.013112549384846628,-0.024644403428460304,0.0008556794423649379,1.1513479307638081,0.46077498862743477,0.4553579233675098,0.017466600183299708,0.06761565836298936,0.052079707622694045,0.09353224065168318,1,0.20067004931902624,0.20067004931902624,0.9999999995016695,-1,0,0.023263736827786513,-0.02486986697513016,0.0,73.84670011434028,0.003770770982597149,-0.0207748224021147,0.058147183080776044,-0.0023724792408066353,0.0,IDFCFIRSTB
IDFCFIRSTB,2024-01-10,84.3,84.3,82.6,84.1,712000,243195000,6187500,188167500,86137500,6810000,2572500,517500000,0.45777033759815056,0.39348092538685314,19065000,17340000,0.9095200629425649,165330000,34770000,90.0,0.07015457788347212,-0.0023724792408066353,-0.029428736295441515,0.0,0.0,0.02021403091557673,0.882352941124566,0.0,86.25625,86.25625,-0.024998188537062482,-0.024998188537062482,-0.0023752980289073944,17.42424242424231,-1,-0.25620462084967244,-0.12153093883015822,-0.1346736820195142,0.1464383343922788,0.07070389968398877,-1,-1,21.73913043446753,13.724056837423054,0.023706896551724144,0.22676567504468143,75.0,0.860576475813237,0.48594145139654504,0.010570611175125278,-0.024994484533237805,0.00048669331591709615,1.2186746783303732,0.45777033759815056,0.45456702006328464,-0.003004651029284211,0.07015457788347212,0.037550142674000246,0.030784419314306227,1,0.18607564344693764,0.18607564344693764,0.9999999994625841,-1,-1,0.02288252358876029,-0.029428736295441515,0.0,75.52350591212749,0.011662608478491654,0.02549330260694216,0.06408900102090853,0.03507728894173612,1.0,IDFCFIRSTB
IDFCFIRSTB,2024-01-11,84.5,87.3,84.15,87.05,892000,234142500,-9052500,179820000,89580000,-8347500,3442500,503542500,0.4981648314981648,0.26470732424747456,19470000,12225000,0.6278890600924499,141772500,53745000,90.0,0.03388856978747849,0.03507728894173612,-0.006278538812785395,0.0,0.0,0.036186099942561646,0.920634920605694,0.004756242568371055,86.34444444444445,86.34444444444445,0.00817140651138848,0.00817140651138848,0.034476099235295765,42.93193717277482,0,-0.15528778760753426,-0.12932893836632245,-0.025958849241211807,0.6216033361701403,0.06719722310279008,-1,-1,64.49275362225372,30.56214317038916,0.024443168038802737,0.243614141979457,100.0,0.9999999990395839,0.6562682380967172,0.016330530640138275,-0.018787313481403233,0.002691208623052062,0.832888490615891,0.4981648314981648,0.4624390503042683,0.04039449390001426,0.03388856978747849,-0.04436207102714337,0.03996517196343056,0,0.292493106389337,0.292493106389337,0.9999999996581116,1,1,0.02436069873918266,-0.006278538812785395,0.0,71.07465758496659,0.03744976818254275,0.24534623976172742,0.016946328547929213,0.004595060310166543,1.0,IDFCFIRSTB
IDFCFIRSTB,2024-01-12,87.25,88.35,86.2,87.45,826500,227992500,-6150000,174615000,87780000,-5205000,-1800000,490387500,0.502705953096813,0.3388426611953329,22207500,13942500,0.6278284363390746,136222500,51307500,90.0,0.02915951972555743,0.004595060310166543,0.004595060310166543,0.0,0.0,0.024585477415665996,0.58139534881017,0.002297530155083318,86.455,86.455,0.011508877450696842,0.011508877450696842,0.004584535250413,45.22613065326632,0,-0.06083709502055967,-0.11398278951082183,0.05314569449026216,0.6762247696921226,0.06530794433734607,-1,-1,70.28985507144515,52.17391304272213,0.024356775300171524,0.24275393130923126,90.0,0.991738396613227,0.6791659462103797,0.018978539232862236,-0.008351669548856822,0.003641723842280259,0.8805946420123649,0.502705953096813,0.4725448998529396,0.004541121598648168,0.02915951972555743,-0.028945612278945612,-0.020093770931011386,-1,0.27567046134464573,0.27567046134464573,0.9999999996372481,0,1,0.024383176606830998,0.004595060310166543,0.0,66.32013300293632,-0.030482228631569575,0.13641051025038142,-0.017154143780946485,-0.005145797598627766,0.0,IDFCFIRSTB
IDFCFIRSTB,2024-01-15,87.85,88.15,86.6,87.0,514800,227872500,-120000,181860000,88387500,7245000,607500,498120000,0.48601946552292974,0.32972298805303707,20790000,12142500,0.584054834054834,143865000,52282500,90.0,0.034482758620689655,-0.005145797598627766,0.01754385964912286,-0.015837104072398245,0.0,0.01781609195402312,0.25806451611238473,0.004574042309891268,86.50454545454545,86.50454545454545,0.005727497241343027,0.005727497241343027,-0.005159082810027336,43.269230769230745,0,-0.015706342606662815,-0.09248046447352717,0.07677412186686436,0.5918081037074742,0.062385530354797075,-1,1,63.76811594110484,66.1835748782679,0.023876698014629057,0.2370076177076833,72.72727272727273,0.9365498712480419,0.6659689849305801,0.01862124683679909,-0.007279699456972133,0.0023848120801876656,0.9090853962558374,0.48601946552292974,0.4810871152686985,-0.016686487573883246,0.034482758620689655,0.04149128081779916,0.006920710868079289,1,0.2607099603545665,0.2607099603545665,0.9999999996164319,0,1,0.024694197566939195,0.01754385964912286,-0.015837104072398245,62.43006743582036,-0.00974085790879431,-0.2860708936595109,-0.008313822925127834,0.018390804597701038,1.0,IDFCFIRSTB
IDFCFIRSTB,2024-01-16,86.85,89.9,86.7,88.6,1389200,229417500,1545000,172207500,94072500,-9652500,5685000,495697500,0.5462741169809677,0.2658604764219732,58807500,25395000,0.43183267440377504,94725000,58822500,90.0,0.015801354401805936,0.018390804597701038,0.05100830367734277,0.02486986697512994,0.0,0.03611738148984202,0.5937499999814421,-0.001724137931034548,86.67916666666667,86.67916666666667,0.022160265346344188,0.022160265346344188,0.018223738956451435,50.833333333333286,0,0.10548448262680665,-0.04996589616568883,0.15545037879249549,0.8378179800189938,0.06559824123077046,1,1,82.19178082079176,72.08325061111391,0.024501504890895424,0.24787335932563603,100.0,0.999999999077327,0.796837868415018,0.02257441307954542,0.002234160233170268,2.6958391122586245e-05,0.9354475677836379,0.5462741169809677,0.4981869409394052,0.06025465145803799,0.015801354401805936,-0.053076542395249095,0.06431904963937209,0,0.2501490077018239,0.2649783566377528,0.9440356215560449,0,1,0.025298416918930904,0.05100830367734277,0.02486986697512994,57.86858745719309,0.023536602196328804,0.8085715773577042,-0.010681579364913096,-0.035553047404063065,0.0,IDFCFIRSTB
IDFCFIRSTB,2024-01-17,87.0,89.8,85.0,85.45,2097200,243960000,14542500,191040000,89880000,18832500,-4192500,524880000,0.4704773869346734,0.34204977634145795,23280000,23325000,1.0019329896907216,163537500,36397500,90.0,0.05324751316559388,-0.035553047404063065,0.016052318668252186,-0.013848817080207798,0.0,0.05617320070216497,0.09374999999804752,-0.01805869074492093,86.58461538461538,86.58461538461538,-0.013104122245913175,-0.013104122245913175,-0.03620044804943522,40.26402640264025,0,0.016025851100906152,-0.03599974969011397,0.05202560079102012,0.2978276895684789,0.06481660232445972,1,1,39.0410958898762,61.666997550590935,0.027771526308682546,0.27895047296720005,100.0,0.9999999992829375,0.6743262442425653,0.031030661784199907,-0.0033361054153767,0.007562052052978444,0.9253638036812468,0.4704773869346734,0.5007283508067097,-0.07579673004629434,0.05324751316559388,0.10935934846043291,-0.0445666905843897,0,0.3150438691826969,0.3014495183029135,1.0450966080549957,1,1,0.02808827016860499,0.016052318668252186,-0.013848817080207798,54.79525837942578,-0.0539438520017641,1.3533372233942274,0.04448430975144535,0.012287887653598561,1.0,IDFCFIRSTB
IDFCFIRSTB,2024-01-18,85.45,87.35,84.6,86.5,1119300,244372500,412500,189735000,90390000,-1305000,510000,524497500,0.47640129654518143,0.3169699403750492,34485000,23505000,0.6816006959547629,150142500,40222500,90.0,0.04046242774566474,0.012287887653598561,-0.006318207926478969,-0.012557077625570678,0.0,0.031791907514450865,0.690909090883969,0.0,86.57857142857142,86.57857142857142,-0.0009075158815278206,-0.0009075158815278206,0.012213004376233707,44.13580246913578,0,0.009710710805805434,-0.02643708724907325,0.03614779805487868,0.4854300654129527,0.062286887883169696,1,1,53.424657533514726,58.21917808139423,0.027745664739884403,0.2808888433218313,100.0,0.9999999992927675,0.6786106325739245,0.03310889515922368,-0.00858456071447613,0.0025356394650374106,0.9488733519546704,0.47640129654518143,0.49637564381611304,0.005923909610508038,0.04046242774566474,-0.006831030150753769,0.005674232309746329,0,0.3165439499945655,0.29602353427706185,1.069320216923583,1,0,0.029897597906351436,-0.006318207926478969,-0.012557077625570678,52.30988278089233,0.04784093505766163,0.17038741046687922,0.03509062759945647,-0.009248554913294793,0.0,IDFCFIRSTB
IDFCFIRSTB,2024-01-19,86.95,87.25,84.45,85.7,1351000,214905000,-29467500,197190000,98182500,7455000,7792500,510277500,0.49790810893047316,0.4162707404429486,29775000,26107500,0.8768261964735516,162727500,42247500,90.0,0.05017502917152855,-0.009248554913294793,-0.020011435105774744,-0.015508328546812167,0.0,0.03267211201866974,0.446428571412628,0.005202312138728357,86.52,86.52,-0.009477577438742446,-0.009477577438742446,-0.009291588334099527,42.05882352941175,0,-0.042649045130616514,-0.029797720599642464,-0.01285132453097405,0.3445548006848717,0.06097053804747681,1,-1,42.465753424075864,44.97716894915559,0.029254875812635445,0.2829935020889297,100.0,0.9999999993031401,0.6690015778309975,0.03131973794628844,-0.008387208919767986,0.0031248930909752344,0.988453369736911,0.49790810893047316,0.49541607498284507,0.02150681238529173,0.05017502917152855,0.039291643608190374,0.08620975771656157,1,0.3182551265984276,0.28629929408344934,1.111616874593139,0,1,0.03092471720701221,-0.020011435105774744,-0.015508328546812167,53.79236256525564,-0.021536442566893355,0.30729705930735496,-0.0008165351301022694,-0.04842473745624276,0.0,IDFCFIRSTB
IDFCFIRSTB,2024-01-23,85.45,86.0,80.85,81.55,2793900,116962500,-90195000,214665000,103125000,18847500,2730000,434752500,0.4803996925441968,0.42392843574068245,14257500,31912500,2.238295633876907,199530000,24465000,90.0,0.1036174126302882,-0.04842473745624276,-0.06264367816091954,-0.046198830409356795,0.0,0.06315144083384434,0.1359223300944485,-0.0029171528588098016,86.209375,86.209375,-0.05404719614311082,-0.05404719614311082,-0.04963649653671129,37.239583333333314,0,-0.3335393820057817,-0.09230549017954409,-0.2412338918262376,-0.15454369318713565,0.0825723274175363,-1,-1,7.7348066297488085,34.5417391957798,0.032977139353595517,0.3110333052322473,100.0,0.9999999994170479,0.5699386528633156,0.03720680287311917,0.024367959926644932,0.008057342997288032,0.9284621277904911,0.4803996925441968,0.4942921203870985,-0.01750841638627637,0.1036174126302882,0.09558040468583599,0.027805362462760674,1,0.39124769850052693,0.3349983761638,1.1679092384389125,1,1,0.0352515571968294,-0.06264367816091954,-0.046198830409356795,48.52920467052627,-0.03917618254294797,1.258007160579635,-0.12703982362189548,-0.019006744328632696,0.0,IDFCFIRSTB
IDFCFIRSTB,2024-01-24,81.5,82.15,79.45,80.0,2071200,62700000,-54262500,217110000,97057500,2445000,-6067500,376867500,0.44704297360784856,0.4581337056191882,13110000,22372500,1.7065217391304348,202612500,25147500,90.0,0.125,-0.019006744328632696,-0.09706546275395023,-0.05100830367734277,0.0,0.03375000000000004,0.20370370369615787,-0.0006131207847945697,85.84411764705882,85.84411764705882,-0.06807825401719947,-0.06807825401719947,-0.01918969439314122,33.81995133819949,0,-0.6471656724711465,-0.20583396052150452,-0.44133171194964205,-0.13842725888697766,0.10663431592147954,-1,-1,5.263157894686448,18.487905982837038,0.033839285714285725,0.31148369595216546,100.0,0.9999999994185744,0.5538535816362823,0.03838308105937542,0.05002424678998241,0.002820287922205917,0.9488468584582317,0.44704297360784856,0.47444589171247464,-0.03335671893634823,0.125,0.011389839983229684,-0.05883636363636364,0,0.39543423755867485,0.3282760469517772,1.204578406222569,1,1,0.03524577427867995,-0.09706546275395023,-0.05100830367734277,43.40099954233034,0.029417993127610065,0.504456276194696,-0.20534838852516046,0.0,0.0,IDFCFIRSTB
IDFCFIRSTB,2024-01-25,80.05,80.8,78.9,80.0,1222300,14377500,-48322500,226845000,93825000,9735000,-3232500,335047500,0.41360841102955764,0.42718223934681704,14700000,20400000,1.3877551020408163,209970000,28342500,90.0,0.125,0.0,-0.06377998829724985,-0.04875148632580251,0.0,0.023749999999999893,0.5789473683905814,0.0006249999999999645,85.51944444444445,85.51944444444445,-0.06454022801831949,-0.06454022801831949,0.0,30.6122448979592,0,-0.8794079627301699,-0.34302008650670707,-0.5363878762234628,-0.028124072889754187,0.12220656344093467,-1,-1,9.99999999990904,7.6659881747814325,0.03446428571428571,0.3073941327196839,88.88888888888889,0.9762222361752282,0.5615293928540932,0.03139565952474914,0.08399204128352215,0.0029103125745882086,0.96453855764607,0.41360841102955764,0.4630720965314515,-0.033434562578290916,0.125,0.044839021694072126,-0.03330499961363109,0,0.3960444425518042,0.31869553600160583,1.2427047061793115,1,1,0.03559937118712227,-0.06377998829724985,-0.04875148632580251,40.54849490411643,0.019006744328632696,-0.14389174499558743,-0.232050581209452,0.03937500000000016,1.0,IDFCFIRSTB
IDFCFIRSTB,2024-01-29,81.85,83.2,81.85,83.15,24400,1050000,1050000,125730000,64965000,17317500,1845000,191745000,0.5167024576473396,0.23422862563737626,7395000,4342500,0.5872210953346856,107040000,38010000,90.0,0.08238123872519536,0.03937500000000016,-0.03872832369942192,-0.04480183802412396,0.0,0.016235718580878033,0.9629629628916347,0.02312499999999993,85.39473684210526,85.39473684210526,-0.0262865947611709,-0.0262865947611709,0.03861957096505522,41.21621621621624,0,-0.8451231866864504,-0.4449090817133624,-0.40021410497308796,0.2838839797499558,0.12163186575011894,-1,-1,38.6363636360124,17.966507176869296,0.034232454256507165,0.3013272851977943,84.21052631578947,0.9409480379764541,0.575434011358033,0.029702472513216848,0.16938789599419107,0.009692157047999892,0.8557379103352809,0.5167024576473396,0.4711323287518832,0.10309404661778193,0.08238123872519536,0.0763406731468624,0.019664268585131893,1,0.4085224535797226,0.3521256701063524,1.1601609542988462,1,1,0.03360433305095391,-0.03872832369942192,-0.04480183802412396,36.14910252272853,0.03937500000000016,-0.9818043520410447,-0.4814030475634098,-0.010823812387252052,0.0,IDFCFIRSTB
IDFCFIRSTB,2024-01-30,83.35,83.55,81.9,82.25,20900,1770000,720000,144067500,68820000,18337500,3855000,214657500,0.47769274819095214,0.17030335284725845,7672500,5700000,0.7429130009775171,125332500,38835000,90.0,0.09422492401215805,-0.010823812387252052,-0.040256709451575334,-0.0594625500285878,0.0,0.020060790273556128,0.21212121210835394,0.0024052916416114085,85.2375,85.2375,-0.035049127438040784,-0.035049127438040784,-0.010882815993455508,42.459396751740144,0,-0.8671658900470334,-0.5303454577319718,-0.33682043231506154,0.2153048937641457,0.12311109910423626,-1,-1,30.454545454268544,26.36363636339666,0.03438992618323925,0.29675961141005675,80.0,0.9143904180734217,0.5255484932969332,0.03543494647728862,0.1400666349258348,0.01027544690438146,0.8643311086254376,0.47769274819095214,0.46708925660397893,-0.03900970945638743,0.09422492401215805,0.14584824624194703,0.05933964442392057,1,0.40647814889481,0.3433401949347469,1.183893277784366,1,1,0.033151864336742914,-0.040256709451575334,-0.0594625500285878,31.034226383604675,-0.05019881238725221,-0.9834182256708082,-0.3089252255210647,0.02006079027355634,1.0,IDFCFIRSTB
IDFCFIRSTB,2024-01-31,82.2,84.05,82.2,83.9,19100,1882500,112500,138007500,68512500,-6060000,-307500,208402500,0.49644041084723656,0.26937733095508243,22785000,10830000,0.47531270572745227,102990000,42330000,90.0,0.07270560190703211,0.02006079027355634,0.028816676885346615,-0.0356321839080459,-0.05090497737556565,0.022050059594755592,0.918918918869252,-0.0006079027355622755,85.0125,85.17380952380952,-0.01308631083664169,-0.014955413300533849,0.019862223827679326,49.090909090909115,0,-0.7646405169550121,-0.5776406911095916,-0.18699982584542052,0.39003402493402994,0.1190032719598019,-1,-1,45.45454545413223,38.18181818147106,0.03286225097905669,0.29890548698159164,80.95238095238095,0.9268670857244744,0.6071007389917211,0.0337766305008607,0.11629298320074548,0.0020440525657103373,0.8675353484547559,0.49644041084723656,0.4702974002645869,0.018747662656284414,0.07270560190703211,-0.04206361601332709,-0.004468177855274629,-1,0.42682589677906535,0.3445455997006291,1.2388081491275686,1,0,0.03357526110081616,0.028816676885346615,-0.0356321839080459,25.05749736770442,0.03088460266080839,-0.9842259569723748,-0.2145950162807525,-0.008343265792610244,0.0,IDFCFIRSTB
IDFCFIRSTB,2024-02-01,83.0,83.4,82.2,83.2,14500,2310000,427500,152715000,70027500,14707500,1515000,225052500,0.45855024064433747,0.18179540709812034,10057500,5902500,0.586875466070097,131302500,40582500,90.0,0.08173076923076919,-0.008343265792610244,0.040000000000000036,-0.06094808126410822,-0.03759398496240607,0.014423076923076957,0.8333333332638869,-0.010727056019070388,84.85,85.0840909090909,-0.019446081319976383,-0.022143868365520625,-0.008378265645997578,48.00000000000002,0,-0.7231067037927374,-0.6069501593500481,-0.1161565444426893,0.33736581132202637,0.11956945509703654,-1,-1,39.090909090553694,38.33333333298482,0.03313873626373626,0.2936818030541136,72.72727272727273,0.8964952556231274,0.5206065459677485,0.03357384308857201,0.07368534407313403,4.088059928937515e-05,0.8701006886911237,0.45855024064433747,0.4725988536718847,-0.03789017020289909,0.08173076923076919,0.106570295092658,0.022112753147235906,1,0.4095438885865916,0.33752622746326477,1.2133690811029731,1,0,0.03140583064413966,0.040000000000000036,-0.06094808126410822,19.354443876951404,-0.028404056066166583,-0.986491270565876,-0.042252352317846964,-0.0024038461538461453,0.0,IDFCFIRSTB
IDFCFIRSTB,2024-02-02,83.55,84.0,82.9,83.0,13700,2947500,637500,161062500,72645000,8347500,2617500,236655000,0.4510360884749709,0.2049430992129132,11295000,6937500,0.6142098273572377,138765000,41842500,90.0,0.08433734939759036,-0.0024038461538461453,0.03750000000000009,-0.028671737858396718,-0.04212348528563192,0.013253012048192703,0.09090909090082175,0.0042067307692307005,84.66749999999999,84.99347826086957,-0.01969468804440888,-0.023454484998849057,-0.0024067400305649764,39.74683544303799,0,-0.6959103191717304,-0.6248478405768175,-0.07106247859491288,0.3353147769797419,0.11958989205960673,-1,-1,37.27272727238838,40.60606060569143,0.031411359724612724,0.2887149475718438,69.56521739130434,0.8676166915790975,0.6278559610274876,0.030960378150598288,0.04118094013577815,0.0003143980982147736,0.856218619648768,0.4510360884749709,0.48008438916096735,-0.0075141521693665725,0.08433734939759036,0.05466064237304783,0.03737817286066188,1,0.3748288914755659,0.33719769794851756,1.1115997933699826,0,1,0.02711381177874243,0.03750000000000009,-0.028671737858396718,17.3883443441622,0.0059394196387640985,-0.9841623989919425,0.09917441738948685,0.00060240963855418,1.0,IDFCFIRSTB
IDFCFIRSTB,2024-02-05,83.0,84.0,82.45,83.05,15000,3157500,210000,163260000,73575000,2197500,930000,239992500,0.4506615214994487,0.24994933117146206,11932500,6877500,0.5763670647391578,140257500,42465000,90.0,0.0836845273931367,0.00060240963855418,-0.00120264582080587,-0.03988439306358382,-0.0519406392694064,0.018663455749548433,0.38709677416857147,0.0,84.44000000000001,84.91250000000001,-0.01646139270487934,-0.021934344177830245,0.0006022282627059191,38.65979381443297,0,-0.6631361624537959,-0.6325418388316913,-0.03059432362210457,0.35858453756830777,0.11640447531156903,-1,-1,37.72727272692968,38.03030302995725,0.030876408359852062,0.28995183375339545,70.83333333333334,0.8748082631753766,0.5900492979846262,0.023686629309078323,-0.04718122375132119,0.008837555445570845,0.8682985014212273,0.4506615214994487,0.4668762019313892,-0.00037456697552218365,0.0836845273931367,0.013643771827706635,0.012801982242411728,1,0.3662797106991416,0.3339310538852407,1.096872262486048,0,-1,0.025800966602252184,-0.00120264582080587,-0.03988439306358382,17.074355932912688,0.0030062557924003253,-0.9801219188974291,0.06686093033180418,-0.003010234798314304,0.0,IDFCFIRSTB
IDFCFIRSTB,2024-02-06,82.85,83.3,82.25,82.8,15300,3592500,435000,169650000,74205000,6390000,630000,247447500,0.43740053050397876,0.16169916434540277,13372500,7080000,0.5294447560291643,144532500,42660000,90.0,0.08695652173913047,-0.003010234798314304,0.006686930091185372,-0.03383897316219375,-0.04882251579551977,0.012681159420289821,0.5238095237596359,-0.002408187838651449,84.22749999999999,84.82799999999999,-0.016948146389243357,-0.023907200452680577,-0.0030147746680899068,39.0625,0,-0.647228870093798,-0.6354903843742272,-0.011738485719570813,0.3514800100683757,0.11411357082277782,-1,-1,35.454545454223066,36.81818181784704,0.030538302277432695,0.2872653879128093,64.0,0.8591885821649015,0.6102324745938269,0.014369395719001577,-0.029494989633912526,0.010088789673165519,0.8610148747759769,0.43740053050397876,0.4588177583939945,-0.013260990995469957,0.08695652173913047,0.03914002205071665,0.00856269113149847,1,0.3650281194688347,0.33363580147375493,1.0940915745462647,0,0,0.023801871342414196,0.006686930091185372,-0.03383897316219375,16.842590628925898,-0.003612644436868484,-0.9753635090092266,0.06884151872489319,0.004830917874396157,1.0,IDFCFIRSTB
IDFCFIRSTB,2024-02-07,83.0,83.5,82.8,83.2,9900,3472500,-120000,166477500,73335000,-3172500,-870000,243285000,0.4405099788259675,0.23620578316710744,14295000,7897500,0.5524658971668416,140467500,41092500,90.0,0.08173076923076919,0.004830917874396157,-0.008343265792610244,0.020232985898221978,-0.026900584795321647,0.008413461538461573,0.5714285713469446,0.002415458937198102,84.1125,84.76538461538462,-0.01084856590875305,-0.018467262579971888,0.004819286435948922,35.00000000000003,0,-0.5991742292144409,-0.628205135027175,0.029030905812734153,0.4047013288548746,0.11383753602097467,-1,-1,39.44954128404175,37.54378648839816,0.028245192307692287,0.2847237235795161,61.53846153846154,0.8444106977490071,0.7825333949002166,0.00976070572138199,-0.03195852823352927,0.015890025889689123,0.8645789766493156,0.4405099788259675,0.44763167198974063,0.003109448321988728,0.08173076923076919,-0.01870026525198939,-0.0117242773398019,-1,0.26426269010535985,0.3293206649512897,0.802447942537109,0,-1,0.018328073412875918,-0.008343265792610244,0.020232985898221978,18.807425793755492,0.00784115267271046,-0.9711058576306804,0.02012063575925671,-0.031850961538461564,0.0,IDFCFIRSTB
IDFCFIRSTB,2024-02-08,83.2,83.7,80.3,80.55,35900,4207500,735000,187065000,86392500,20587500,13057500,277665000,0.4618314489615909,0.33052717138875887,21652500,29107500,1.344302043643921,162847500,27345000,90.0,0.11731843575418999,-0.031850961538461564,-0.031850961538461564,0.0068749999999999645,-0.04448398576512458,0.04220980757293614,0.07352941176254313,0.0,83.925,84.60925925925925,-0.04021447721179627,-0.04797653702204019,-0.03236923820417955,36.0,0,-0.7425689453287703,-0.651133334071137,-0.09143561125763322,0.1654140566112529,0.12019177137178516,-1,-1,19.52662721870375,31.476904652322858,0.02793296089385474,0.2895229694651498,70.37037037037037,0.87231473686713,0.740977799872256,0.011416270390720218,-0.04424298131985951,0.007107808764376479,0.8409216696771561,0.4618314489615909,0.4482879136531913,0.02132147013562341,0.11731843575418999,0.12366536018380862,0.17805277152791982,1,0.298653506968039,0.34429243509946694,0.867441385388015,1,0,0.019174054170169527,-0.031850961538461564,0.0068749999999999645,20.320456859083457,-0.03668187941285772,-0.7419122933141626,0.11508017782489799,0.01365611421477353,1.0,IDFCFIRSTB
IDFCFIRSTB,2024-02-09,80.15,81.8,79.4,81.65,29100,5332500,1125000,188527500,89520000,1462500,3127500,283380000,0.47483788837172297,0.45716028377901047,17317500,11002500,0.635339974014725,157485000,52545000,90.0,0.10226576852418853,0.01365611421477353,-0.016265060240963747,0.020625000000000115,-0.02913198573127218,0.02939375382731159,0.9374999999609408,-0.004965859714462961,83.8025,84.50357142857142,-0.025685391247277645,-0.033768648831410175,0.013563709793490829,36.18233618233623,0,-0.767068044102416,-0.6743652130667623,-0.09270283103565369,0.29076224195261463,0.12275696072889376,-1,-1,32.93413173613255,30.636766746292682,0.02725045927740353,0.29320204259854854,75.0,0.8937058060224119,0.7851601694704937,0.019329801613614417,-0.03804852515694057,0.004765538168014907,0.8406882596822893,0.47483788837172297,0.45304827363254174,0.013006439410132076,0.10226576852418853,0.007818138080346404,0.03620105911971525,1,0.30536574556192964,0.3487642882336502,0.8755648321131929,1,1,0.019738429552900696,-0.016265060240963747,0.020625000000000115,21.842195989514618,0.04550707575323509,0.4711830131445831,0.09686708934253008,-0.03306797305572573,0.0,IDFCFIRSTB
IDFCFIRSTB,2024-02-12,81.05,81.4,78.6,78.95,39900,6660000,1327500,200977500,87922500,12450000,-1597500,295560000,0.43747434414300107,0.31436653869468456,17197500,21810000,1.2682075883122548,181125000,29925000,90.0,0.1399620012666244,-0.03306797305572573,-0.04936785069235394,-0.05051112447384254,-0.093049971280873,0.03546548448385068,0.12499999999553825,-0.007348438456828028,83.39750000000001,84.31206896551724,-0.05332893671872663,-0.06359788143391742,-0.033627078714823094,32.647814910025744,0,-0.9718962695957174,-0.7339636484844062,-0.2379326211113112,0.08348018901300232,0.12803457437584279,-1,-1,4.729729729665926,19.06349622816741,0.028408576856961906,0.2922295503700208,72.41379310344827,0.8880514882746715,0.5507814757949048,0.028073367909234204,-0.04382419478893877,0.00012105352250653748,0.8636654743764363,0.43747434414300107,0.45041083816125227,-0.0373635442287219,0.1399620012666244,0.0660381111508931,-0.017845174262734586,0,0.2733558783310605,0.33835965307591237,0.8078855613111279,0,0,0.02166140614319796,-0.04936785069235394,-0.05051112447384254,23.498618825015967,-0.04672408727049926,0.8706047819971785,0.09682985888836315,0.018366054464851178,1.0,IDFCFIRSTB
IDFCFIRSTB,2024-02-13,79.0,80.65,77.95,80.4,23000,6532500,-127500,194115000,87097500,-6862500,-825000,287745000,0.44869020941194654,0.2907811302348258,28642500,26415000,0.9222309505106049,162705000,32730000,90.0,0.11940298507462678,0.018366054464851178,-0.02898550724637672,-0.022492401215805424,-0.0806174957118353,0.03358208955223884,0.9074074073737998,0.0006333122229258665,83.045,84.18166666666666,-0.03185020169787456,-0.04492268704587288,0.018199435483269594,46.56716417910451,0,-1.0152041774591112,-0.7902814723684587,-0.22492270509065249,0.24268008346212788,0.12377666729687106,-1,-1,40.16393442557117,25.942598630456548,0.02571961620469082,0.2964948121628801,80.0,0.9128508077413516,0.6452210407765574,0.037637644525975886,-0.03232323430038715,0.003142880297229138,0.8549976135757952,0.44869020941194654,0.45266877394284577,0.011215865268945469,0.11940298507462678,-0.034145613314923315,-0.009383263669709119,-1,0.29450373568773347,0.34677852589245406,0.8492559764042076,0,1,0.023013536071066234,-0.02898550724637672,-0.022492401215805424,23.730720819130507,0.05143402752057691,0.0677808727947955,0.03681803932590344,0.006840796019900397,1.0,IDFCFIRSTB
IDFCFIRSTB,2024-02-14,79.15,81.1,79.0,80.95,18200,6697500,165000,193320000,87615000,-795000,517500,287632500,0.45321229050279327,0.2179212722268329,24825000,24682500,0.9942598187311178,164527500,34830000,90.0,0.11179740580605307,0.006840796019900397,-0.027043269230769273,-0.03516090584028608,-0.06954022988505748,0.025941939468807833,0.9285714285272147,-0.015547263681592038,82.7425,84.07741935483871,-0.021663594887754267,-0.03719689993861264,0.006817503938723351,53.01587301587302,0,-0.9970411986401473,-0.8316744112038587,-0.16536678743628863,0.31574505940637515,0.11757402443777604,-1,-1,49.18032786804627,31.357997341094457,0.025015441630636178,0.29934404723086144,87.09677419354838,0.9294169868220429,0.6024496738257946,0.03837446568042395,-0.03560939007954798,0.003238092361409931,0.8581090523625349,0.45321229050279327,0.455209236278211,0.00452208109084673,0.11179740580605307,-0.004095510393323546,0.00594161715319039,0,0.27334720837417154,0.3488414978503027,0.7835856971727417,0,1,0.023402724058471457,-0.027043269230769273,-0.03516090584028608,22.76549331362018,-0.011525258444950781,-0.15151515151515538,0.004315695198789049,0.004323656578134605,1.0,IDFCFIRSTB
IDFCFIRSTB,2024-02-15,80.9,81.55,80.7,81.3,10700,6915000,217500,195307500,90142500,1987500,2527500,292365000,0.4615414154602358,0.31380289493732033,23400000,27975000,1.1955128205128205,168322500,34717500,90.0,0.10701107011070114,0.004323656578134605,0.009310986964618184,-0.022836538461538547,-0.08239277652370203,0.010455104551045442,0.7058823528581295,-0.0006176652254477722,82.3775,83.990625,-0.013080027920245207,-0.03203482531532531,0.004314336430120725,54.037267080745316,0,-0.9455521282573329,-0.8544680135668765,-0.09108411469045641,0.36661573429800465,0.09806275014410933,-1,-1,54.918032785984906,48.087431693200784,0.02398523985239851,0.29006203194321867,65.625,0.8754489835453786,0.6434316572110087,0.03154151768620557,-0.010636899269203703,0.0010753447253870757,0.8514123936476614,0.4615414154602358,0.4551512295779399,0.008329124957442535,0.10701107011070114,0.010280881440099317,0.02884780003424071,1,0.27437660254040097,0.34068335629386354,0.8053713144213437,0,0,0.023005926821268306,0.009310986964618184,-0.022836538461538547,20.70636822818367,-0.002517139441765792,-0.49216896060750115,0.01046705133987591,0.019680196801968197,1.0,IDFCFIRSTB
IDFCFIRSTB,2024-02-16,81.35,83.8,81.35,82.9,22700,7042500,127500,186382500,89317500,-8925000,-825000,282742500,0.47921612812361675,0.28201944961721404,22732500,10785000,0.4744308808973936,150285000,55867500,90.0,0.08564535585042211,0.019680196801968197,0.015309246785058184,-0.00120481927710836,-0.029842012873025126,0.029553679131483747,0.6326530611986712,0.0006150061500614657,82.25,83.95757575757575,0.007902735562310026,-0.012596549483866237,0.019489045587484558,49.14089347079038,0,-0.7759023048318738,-0.8387449061165775,0.06284260128470365,0.5858965477212851,0.09200294739714522,-1,-1,81.1475409822764,61.74863387876919,0.022919179734620005,0.2728060781505463,39.39393939393939,0.775118468892519,0.7148813633830311,0.025511410580325265,6.209728621140443e-05,0.0006599164538568375,0.8286794831524165,0.47921612812361675,0.45602687752831866,0.017674712663380943,0.08564535585042211,-0.0456971698475481,-0.009152175721773858,-1,0.29544052156365974,0.3292057829522756,0.8974341787815612,0,-1,0.02463599352959741,0.015309246785058184,-0.00120481927710836,20.071716983305613,0.015356540223833592,0.03322712790167959,-0.022359262678547376,-0.00663449939686378,0.0,IDFCFIRSTB
IDFCFIRSTB,2024-02-19,82.95,82.95,82.2,82.35,18800,7942500,900000,189255000,91290000,2872500,1972500,288487500,0.4823650630102243,0.2678326996197698,19740000,11505000,0.5828267477203647,158175000,54502500,90.0,0.09289617486338805,-0.00663449939686378,0.043065231158961215,-0.008428657435279985,-0.04797687861271682,0.009107468123861567,0.19999999997332196,0.0006031363088057558,82.0425,83.91029411764706,0.003748057409269423,-0.018594787851171635,-0.006656605517600051,50.35211267605631,0,-0.6752637453978281,-0.8060320866027109,0.1307683412048828,0.5478279149993296,0.07836547774776029,-1,-1,72.13114753980106,69.39890710268746,0.022291612455546873,0.2648542347300009,38.23529411764706,0.7288844239705246,0.6914673976880346,0.02142953236599181,0.004594560225473376,0.009657573843591628,0.8132489218868705,0.4823650630102243,0.4650050213017633,0.0031489348866075573,0.09289617486338805,0.015411854653736267,0.022084138046855318,1,0.2972806677355357,0.32567425239761877,0.9128159977513399,0,-1,0.023680394767028722,0.043065231158961215,-0.008428657435279985,20.145213718682665,-0.026314696198831977,-0.15883668903803505,0.002407968185632381,-0.004250151791135304,0.0,IDFCFIRSTB
IDFCFIRSTB,2024-02-20,81.95,82.3,81.65,82.0,20000,8760000,817500,191835000,92220000,2580000,930000,292815000,0.48072562358276644,0.318650683022021,20377500,11512500,0.5649613544350387,159465000,55560000,90.0,0.0975609756097561,-0.004250151791135304,0.01990049751243772,-0.009661835748792202,-0.043173862310385114,0.007926829268292579,0.5384615383786966,-0.004857316332726066,81.8575,83.85571428571428,0.0017408301010903848,-0.02212984889010028,-0.004259209359396122,42.63565891472867,0,-0.6149724867269271,-0.76780465974096,0.15283217301403296,0.5262382023372459,0.0663471558787491,1,-1,66.94214875922408,73.40694576043386,0.021385017421602773,0.2561220062034742,37.142857142857146,0.6781130210878371,0.6874558267545777,0.011619596383022124,-0.003693836104687187,0.010025483598701852,0.788717223488319,0.48072562358276644,0.47141210413592727,-0.0016394394274578672,0.0975609756097561,0.013632400729174923,0.010187315149523497,1,0.29761700322294987,0.32473236097448516,0.9164993665496869,0,-1,0.023204961751828998,0.01990049751243772,-0.009661835748792202,21.586505303806316,0.0023843476057284763,-0.12357581069237888,0.013872514139992465,-0.011585365853658547,0.0,IDFCFIRSTB
IDFCFIRSTB,2024-02-21,82.15,82.2,80.75,81.05,18700,9150000,390000,189097500,94155000,-2737500,1935000,292402500,0.49791774084797524,0.20469939918104857,23790000,32535000,1.3675914249684742,161610000,33637500,90.0,0.1104256631708822,-0.011585365853658547,0.001235330450895633,-0.025841346153846256,-0.006131207847946074,0.01789019123997536,0.20689655170986684,0.001829268292682996,81.83250000000001,83.77777777777777,-0.009562215501176308,-0.0325596816976127,-0.011652999082568014,41.825095057034225,0,-0.6321709123972994,-0.7406691042810173,0.1084981918837179,0.35702805385192676,0.06688176078759699,1,-1,51.239669420640595,63.437655239888585,0.02141535207543843,0.22295413397052877,13.88888888888889,0.48526655597474583,0.6343433304986669,0.010781587506536617,-0.0034902824778880294,0.005235329639378889,0.8024911484459764,0.49791774084797524,0.4803531942049637,0.017192117265208806,0.1104256631708822,-0.014270075846430526,0.020982433311646065,0,0.3003012456193379,0.2778275303372881,1.0808908863231703,0,-1,0.024152634721980377,0.001235330450895633,-0.025841346153846256,23.022543743353424,-0.007335214062523243,-0.2109704641350244,0.00911090979681628,0.002467612584824197,1.0,IDFCFIRSTB
IDFCFIRSTB,2024-02-22,81.05,81.5,80.15,81.25,38700,9787500,637500,185392500,95475000,-3705000,1320000,290655000,0.5149884704073789,0.33544184881317507,24172500,33187500,1.372944461681663,156937500,34657500,90.0,0.1076923076923077,0.002467612584824197,-0.0006150061500614923,0.008690254500310468,0.015625,0.016615384615384546,0.8148148147544574,0.0,81.89500000000001,83.70945945945945,-0.007875938701996543,-0.029380902413431165,0.002464573028161772,43.34600760456275,0,-0.6232478075424126,-0.7171787464877476,0.093930938945335,0.3766596185378306,0.06385531331336279,1,-1,54.545454544552946,57.57575757480587,0.02158241758241757,0.2142452566206915,8.108108108108109,0.4346309227865737,0.7453760812616317,0.013088755305880006,0.0009956450896114965,0.0047923852969020755,0.7969851767118475,0.5149884704073789,0.4910426051943924,0.017070729559403697,0.1076923076923077,-0.019593067068575734,0.014019436036323085,0,0.25171573178644546,0.2688196252594219,0.9363740889449277,0,-1,0.02159319242622522,-0.0006150061500614923,0.008690254500310468,25.20637464214099,0.014052978438482744,0.6138448707255981,0.004265420037626866,0.01907692307692299,1.0,IDFCFIRSTB
IDFCFIRSTB,2024-02-23,81.5,83.8,81.5,82.8,54900,10320000,532500,182115000,93315000,-3277500,-2160000,285750000,0.5123960135079483,0.41915605743063467,25725000,12502500,0.48600583090379007,141465000,60210000,90.0,0.08695652173913047,0.01907692307692299,-0.0012062726176116367,0.014084507042253502,0.03499999999999992,0.027777777777777745,0.5652173912797727,0.003076923076923077,82.035,83.68552631578947,0.009325287986834851,-0.010581594629015312,0.01889724018136706,49.14675767918089,0,-0.4915508913199744,-0.6720438012928271,0.18049290997285272,0.6539808209548368,0.06056136035781262,-1,-1,82.90598290456569,62.89703562325307,0.022041062801932354,0.21644286912947036,10.526315789473683,0.44740840218078576,0.7629143192187944,0.013339309359533046,-0.0022117447085739706,0.005513628717043445,0.7831235358835564,0.5123960135079483,0.49767858227125866,-0.002592456899430662,0.08695652173913047,-0.017678708685626442,-0.022623723487824036,-1,0.2606711573992249,0.27638406858370956,0.9431482742137851,0,-1,0.021431594821271834,-0.0012062726176116367,0.014084507042253502,24.652015714456304,0.016609310492098794,1.067018072289149,-0.014729917040776197,0.011473429951690761,1.0,IDFCFIRSTB
IDFCFIRSTB,2024-02-26,82.8,84.2,82.5,83.75,65900,11587500,1267500,195667500,100530000,13552500,7215000,307785000,0.5137797539192763,0.3294396438231555,50647500,16245000,0.32074633496223903,122280000,71122500,90.0,0.07462686567164178,0.011473429951690761,0.01700060716454166,0.06079797340088655,0.007215874924834553,0.0202985074626866,0.735294117603805,0.0,82.065,83.68717948717949,0.02053250472186674,0.0007506587413443899,0.011408109313961747,53.09446254071662,0,-0.3105183412750989,-0.5997266935487581,0.28920835227365915,0.8298393171820238,0.062250021908469635,1,-1,92.79999999851516,76.75047914921126,0.02234541577825159,0.21799526713781409,15.384615384615385,0.45643443997588806,0.9070215446818592,0.009597068744813097,-0.013570548617336309,0.0030325977771768486,0.9017968945012087,0.5137797539192763,0.5039615204530691,0.0013837404113280494,0.07462686567164178,0.07441726381681904,0.07731875904195466,1,0.17795203895726408,0.2417343288459752,0.7361471568112872,-1,-1,0.019914897119155426,0.01700060716454166,0.06079797340088655,23.6719449326597,-0.00760349312523223,1.2599451303154932,0.04730988510675216,-0.008358208955223878,0.0,IDFCFIRSTB
IDFCFIRSTB,2024-02-27,84.0,84.0,82.9,83.05,46200,12675000,1087500,190957500,96922500,-4710000,-3607500,300555000,0.5075605828522053,0.36397635977467746,22567500,16725000,0.7411100033233633,155242500,59527500,90.0,0.0836845273931367,-0.008358208955223878,0.012804878048780388,0.032960199004975044,0.009726443768997006,0.013245033112582714,0.1363636363512326,0.0029850746268656717,82.10499999999999,83.67125,0.011509652274526605,-0.007424892062685817,-0.008393334645871933,49.520766773162926,0,-0.21873168164709966,-0.523517561237206,0.3047858795901064,0.6823436813289228,0.0631206532072462,1,-1,81.59999999869432,85.76866096725838,0.022877784467188425,0.21564678970355627,10.0,0.4427797934428306,0.8205590806824687,0.01308652700505033,-0.0058723339270517535,0.0021841765699087586,0.8971788523657827,0.5075605828522053,0.5093285123069569,-0.006219171067071039,0.0836845273931367,-0.024071447736593966,-0.03588481050432707,-1,0.17641364939183837,0.24036098158711225,0.7339529409206826,-1,-1,0.017881191475189812,0.012804878048780388,0.032960199004975044,21.745894512497017,-0.01983163890691464,0.46759847522235876,0.01734931684208929,-0.03371462974111983,0.0,IDFCFIRSTB
IDFCFIRSTB,2024-02-28,83.0,83.05,79.85,80.25,107600,17032500,4357500,179355000,87742500,-11602500,-9180000,284130000,0.4892113406372836,0.3994586536952754,12285000,21967500,1.7881562881562882,164520000,34695000,85.0,0.059190031152647975,-0.03371462974111983,-0.009870450339296677,-0.00864731315626932,-0.04350417163289633,0.039875389408099725,0.12499999999609542,-0.0006020469596628195,81.92249999999999,83.58780487804877,-0.02041563672983593,-0.039931720696798956,-0.03429607404917866,49.05063291139241,0,-0.3589578251553007,-0.4906021138500922,0.1316442886947915,0.1749944810552241,0.06281627707841642,1,-1,36.799999999411156,70.39999999887354,0.02349799732977301,0.22642616836254886,26.82926829268293,0.505453849104363,0.6893479043546641,0.016690768349724872,0.004775698118842375,0.004328276512569364,0.8784330670059041,0.4892113406372836,0.5075872322648185,-0.01834924221492168,0.059190031152647975,-0.06075959310317741,-0.09471484949315175,-1,0.25403854594522574,0.25776143542326796,0.9855568402989199,0,-1,0.019274536469119002,-0.009870450339296677,-0.00864731315626932,19.812489571578194,-0.02535642078589595,1.662048490846109,-0.03283124840439111,0.013707165109034136,1.0,IDFCFIRSTB
IDFCFIRSTB,2024-02-29,80.0,81.5,79.2,81.35,169200,21330000,4297500,181882500,85057500,2527500,-2685000,288270000,0.4676508185229475,0.38938293026786475,20182500,19485000,0.9654403567447045,157845000,38325000,85.0,0.04486785494775668,0.013707165109034136,0.0012307692307691465,0.0006150061500613813,-0.022235576923076983,0.028272894898586323,0.9347826086550068,-0.003115264797507788,81.83000000000001,83.5345238095238,-0.005865819381645099,-0.026151149367954485,0.01361407165492143,49.05063291139237,0,-0.3800671569788392,-0.468493241661002,0.08842608468216279,0.40445671162506996,0.06139436355927764,1,-1,54.39999999912946,57.59999999907831,0.02309245763455965,0.23246163564560487,33.33333333333333,0.540545594594354,0.7197068802331692,0.023364531632059114,0.0006662688888444901,0.0051948074654516625,0.8855269254660842,0.4676508185229475,0.4981197018879321,-0.021560522114336123,0.04486785494775668,0.014092163586183825,-0.030600906060347037,0,0.26347986887142055,0.262512216028552,1.0036861246197955,0,0,0.02105631550387309,0.0012307692307691465,0.0006150061500613813,17.60109526873479,0.047421794850153964,2.0069308690243415,-0.017142974040054826,0.01536570374923163,1.0,IDFCFIRSTB
IDFCFIRSTB,2024-03-01,81.25,83.05,81.0,82.6,172900,26197500,4867500,117052500,66262500,19912500,9772500,209512500,0.5660921381431409,0.24349214145383005,18457500,10057500,0.5449004469727753,88830000,40507500,85.0,0.029055690072639296,0.01536570374923163,-0.0024154589371980784,-0.00361881785283491,-0.004819277108433773,0.024818401937045972,0.7804878048399745,-0.0012292562999384675,81.81,83.51279069767442,0.009656521207676239,-0.010929950850030012,0.015248846861885492,62.71777003484317,0,-0.29588919916342604,-0.43397008363710166,0.1380808844736756,0.6593462075192645,0.06060088506155901,1,-1,74.39999999880946,55.19999999911669,0.021878242822552726,0.23682829250731985,34.883720930232556,0.5659344508414277,0.705747966029097,0.020374377261678855,0.05193261536296834,0.0040567208170316435,0.8812252197092122,0.5660921381431409,0.5088589268149708,0.09844131962019337,0.029055690072639296,0.10948002144241474,0.11489286659024778,1,0.25530525054487496,0.26874888180951767,0.9499769775073188,0,0,0.02058278778442931,-0.0024154589371980784,-0.00361881785283491,14.979790992554484,0.0016585386401974933,1.4253050918782404,-0.24649479141378994,-0.002421307506053183,0.0,IDFCFIRSTB
IDFCFIRSTB,2024-03-04,82.8,83.0,81.8,82.4,76400,27300000,757500,133290000,71685000,14640000,4387500,232275000,0.537812288993923,0.21967249637963565,21210000,11865000,0.5594059405940595,101355000,43575000,85.0,0.03155339805825236,-0.002421307506053183,-0.016119402985074527,0.0006071645415908211,-0.007826610475616946,0.014563106796116538,0.49999999995833927,0.002421307506053303,81.7775,83.4875,0.007612118247684263,-0.013025902081149732,-0.00242424361150628,57.63358778625954,0,-0.2420445449890849,-0.39558288590965796,0.15353834092057306,0.6282486147456802,0.05935438961279272,1,-1,65.38461538335807,64.728205127099,0.02063106796116502,0.23553150454951677,34.090909090909086,0.558394595046423,0.7193791350703393,0.022411080887689373,0.045626173759452125,0.002993597392568534,0.8760450148893929,0.537812288993923,0.5136654338299,-0.028279849149217884,0.03155339805825236,0.1250720830396617,0.06621392190152801,1,0.25322048300967864,0.2688577646796493,0.9418380875747194,0,1,0.02112835165165481,-0.016119402985074527,0.0006071645415908211,13.7642417872586,-0.017787011255284813,-0.008436080467230433,-0.11665212009195713,-0.0042475728155341175,0.0,IDFCFIRSTB
IDFCFIRSTB,2024-03-05,82.15,82.85,81.45,82.05,86700,28357500,1057500,141435000,75570000,8145000,3885000,245362500,0.5343090465584898,0.23419593345656048,17827500,10935000,0.6133782078249895,112245000,46680000,85.0,0.035953686776355916,-0.0042475728155341175,-0.012040939193257105,0.0006097560975608651,-0.009057971014492794,0.01706276660572811,0.42857142854081487,-0.003033980582524272,81.74,83.45555555555555,0.003792512845607998,-0.016841965117827096,-0.004256619379326249,54.26356589147284,0,-0.22422146561956424,-0.361309109018113,0.13708764339854873,0.5650389659370659,0.058311395180952956,-1,-1,56.999999998859884,65.59487179367581,0.020109689213893937,0.23677782683762796,35.55555555555556,0.5656410305719183,0.7193874789704712,0.01881000616820263,0.029659119086528983,0.0027927025545624526,0.8800130346706878,0.5343090465584898,0.5190151265711569,-0.003503242435433207,0.035953686776355916,0.06110735989196489,0.05419543837622934,1,0.2532192210908522,0.2690617268393439,0.9411194374290806,0,1,0.022041945385398363,-0.012040939193257105,0.0006097560975608651,13.180060846812285,-0.0018262653094809345,0.03559483994266488,-0.025991425509110377,-0.007921998781230899,0.0,IDFCFIRSTB
IDFCFIRSTB,2024-03-06,81.55,81.65,80.1,81.4,188900,32850000,4492500,164122500,80962500,22687500,5392500,277935000,0.49330530548827856,0.26910991187922584,34620000,28807500,0.832105719237435,126255000,33885000,85.0,0.044226044226044155,-0.007921998781230899,0.01433021806853585,0.0043183220234424,-0.021634615384615308,0.01904176904176918,0.8387096773652457,-0.006093845216331505,81.65,83.4108695652174,-0.0030618493570115923,-0.024108003857280624,-0.007953544527605232,50.37878787878792,0,-0.25815746005034157,-0.34067806033743403,0.08252060028709246,0.44529450179986935,0.055969682359088585,1,-1,43.99999999912006,55.461538460446,0.02123552123552121,0.23960594156306517,41.30434782608695,0.5820844105965528,0.7312397698507651,0.014473607204162797,-0.007821172818197386,0.006160442920970434,0.888637490395842,0.49330530548827856,0.5198339195413559,-0.04100374107021121,0.044226044226044155,0.16040937533142433,0.07135768161969035,1,0.24908886023781626,0.26963294263836357,0.9238072236578224,0,1,0.022157103165577747,0.01433021806853585,0.0043183220234424,13.290552128780778,-0.0036744259656967815,0.8751240817947172,0.10876407721675019,-0.004299754299754377,0.0,IDFCFIRSTB
IDFCFIRSTB,2024-03-07,81.45,81.75,80.85,81.05,91100,34597500,1747500,171135000,85620000,7012500,4657500,291352500,0.5003067753527917,0.2460136674259666,27735000,27945000,1.0075716603569498,140055000,34807500,85.0,0.04873534855027764,-0.004299754299754377,-0.003687768899815591,-0.002461538461538515,0.0062073246430789375,0.011104256631708892,0.22222222219753263,0.0006142506142505793,81.675,83.36063829787234,-0.0076522803795531225,-0.027718577317219495,-0.0043090248268095824,42.259414225941384,0,-0.3090052443527185,-0.3343433205537187,0.025338076201000204,0.3607941678311881,0.05497097543093667,1,-1,36.999999999259884,45.99999999907993,0.019917158720366597,0.22394807685697837,21.27659574468085,0.49104559331636094,0.7093449394327637,0.005713697130427309,-0.014562148999957846,0.0061870806223759695,0.9166640060233348,0.5003067753527917,0.5263651109073247,0.00700146986451311,0.04873534855027764,0.04272723118402413,0.05752663270032422,1,0.24993972575124962,0.24430770194287643,1.0230529928499132,-1,-1,0.021605990367210177,-0.003687768899815591,-0.002461538461538515,14.681628552765831,0.003622244481476522,-0.1404038497829787,0.15943888971795261,-0.012954966070326979,0.0,IDFCFIRSTB
IDFCFIRSTB,2024-03-11,80.5,81.45,79.8,80.0,211800,38452500,3855000,183292500,88380000,12157500,2760000,310125000,0.48218012193624943,0.22620133454946847,22447500,23812500,1.0608085532910123,157792500,35175000,85.0,0.0625,-0.012954966070326979,-0.03147699757869238,-0.033816425120772875,-0.02020820575627691,0.02062500000000007,0.12121212120477633,-0.006785934608266467,81.5925,83.29062499999999,-0.01951772528112261,-0.039507747720706754,-0.013039613507803516,40.56224899598395,0,-0.4271227586174007,-0.35289962198580516,-0.07422313663159552,0.1635632754084705,0.05801306413566995,-1,-1,15.999999999679943,32.33333333268662,0.020982142857142845,0.21914888267903174,18.75,0.4631418548399133,0.60571042503316,0.00711303175650233,-0.0820900829222424,0.011147995894661904,0.900182331540664,0.48218012193624943,0.5095827076659465,-0.018126653416542238,0.0625,0.0710404066964677,0.0322354590049054,1,0.23209006268607463,0.243449437864371,0.9533398993512614,-1,-1,0.020890712589432415,-0.03147699757869238,-0.033816425120772875,16.234696840282304,-0.008655211770572602,0.7407742253636873,0.14264397037692045,-0.005624999999999991,0.0,IDFCFIRSTB
IDFCFIRSTB,2024-03-12,80.0,81.2,79.35,79.55,140900,41925000,3472500,191685000,88335000,8392500,-45000,321945000,0.46083418107833163,0.2625279449699045,27660000,28222500,1.0203362255965294,160942500,32610000,85.0,0.06851037083595227,-0.005624999999999991,-0.03458737864077677,-0.05014925373134327,0.007599746675110763,0.02325581395348848,0.10810810810226547,0.0,81.6225,83.21428571428571,-0.025391283040828272,-0.04403433476394847,-0.005640879890085729,40.23904382470118,0,-0.5498777983113712,-0.39229596010507695,-0.15758183820629423,0.036841760196574695,0.054822047539627126,-1,-1,6.999999999859886,19.9999999995999,0.0221334291101733,0.2118299428322463,4.081632653061225,0.4205876726507418,0.5503909439718552,0.005021622719510765,-0.06798380190929323,0.009771840172610086,0.9947643401773546,0.46083418107833163,0.49418708608282824,-0.0213459408579178,0.06851037083595227,0.04578747084577929,-0.0005091649694501018,0,0.21691428199730015,0.21294484952587173,1.0186406592054347,-1,-1,0.0211864432385126,-0.03458737864077677,-0.05014925373134327,17.003604403306806,0.0073299660703269875,0.09081055972748997,0.11267211347047112,-0.028912633563796364,0.0,IDFCFIRSTB
IDFCFIRSTB,2024-03-13,79.5,79.8,76.85,77.25,292100,46447500,4522500,197490000,88372500,5805000,37500,332310000,0.44747835333434605,0.28812737618330664,4387500,11407500,2.6,189870000,28260000,85.0,0.10032362459546926,-0.028912633563796364,-0.05850091407678237,-0.06983744732089103,-0.03917910447761197,0.03818770226537221,0.13559322033438848,-0.0006285355122564068,81.465,83.095,-0.051740011047689216,-0.07034117576268129,-0.02933883900594104,36.33093525179856,0,-0.8195826278055875,-0.4777545133504084,-0.34182811445517913,-0.2181638416477269,0.07204485668439,-1,-1,5.442176870674327,9.480725623404714,0.024179380490060107,0.2145943777578116,10.0,0.4366608020841368,0.4838900952932017,0.009313896370373853,-0.06315381996425865,0.004190668183485154,0.9496908943329017,0.44747835333434605,0.47682094743799947,-0.013355827743985582,0.10032362459546926,0.030284059785585727,0.00042452029206996094,1,0.2480115038936603,0.22596234095050644,1.097578927270122,-1,-1,0.02368071015379155,-0.05850091407678237,-0.06983744732089103,17.850024869008564,-0.023287633563796373,0.8997138397502591,0.08338345827892946,0.012944983818770295,1.0,IDFCFIRSTB
IDFCFIRSTB,2024-03-14,76.7,78.75,75.75,78.25,209500,47775000,1327500,195420000,90525000,-2070000,2152500,333720000,0.4632330365366902,0.43530646935306255,7620000,13545000,1.7775590551181102,183315000,31852500,85.0,0.08626198083067092,0.012944983818770295,-0.038697788697788726,-0.024922118380062308,-0.03335392217418165,0.038338658146964855,0.8333333333055556,-0.007119741100323588,81.33,82.89200000000001,-0.037870404524775636,-0.05600057906673761,0.012861913642407822,39.79591836734692,0,-0.9431477806465551,-0.5708342295921198,-0.3723135510544353,0.02821864219779421,0.08027109146751712,-1,-1,29.58579881621791,14.009325228917369,0.025376540392514843,0.2231106725858113,25.49019607843137,0.48617671139258267,0.6348504826472994,0.01695053465374783,-0.037451913184723296,0.0006682339756619166,0.9696458211134125,0.4632330365366902,0.4708064936476818,0.015754683202344133,0.08626198083067092,-0.01048154336928452,0.024357124671136383,0,0.2164191816743754,0.23009501782068842,0.9405643965267125,-1,-1,0.023527037027678062,-0.038697788697788726,-0.024922118380062308,18.05588424918053,0.04185761738256666,0.27782860628240247,0.049795448432714995,0.0031948881789136685,1.0,IDFCFIRSTB
IDFCFIRSTB,2024-03-15,78.0,79.15,76.85,78.5,211800,53797500,6022500,195607500,90547500,187500,22500,339952500,0.4629040297534604,0.3367866062343894,30075000,32115000,1.0678304239401497,161505000,31305000,85.0,0.08280254777070063,0.0031948881789136685,-0.031462060456508345,-0.035033804548248226,-0.03444034440344401,0.029299363057324987,0.7173913043166341,-0.003194888178913738,81.19,82.73299999999999,-0.03313215913289813,-0.0511645897042291,0.003189795368100081,33.955223880597,0,-1.009549427414882,-0.6585780706427183,-0.3509713567721636,0.11584795232188301,0.0862475140593352,-1,-1,32.5443786978397,22.52411812824397,0.0250682438580528,0.23071939865510888,34.61538461538461,0.5304157845587048,0.6008395409298416,0.01817610488542385,-0.03153194519728384,0.0014694820780244613,1.0042430288333755,0.4629040297534604,0.46332594452781556,-0.0003290067832297794,0.08280254777070063,0.000959471906662573,0.00024855012427506213,1,0.20029594746405557,0.2297445856534451,0.8718200988597271,-1,-1,0.023629683843551928,-0.031462060456508345,-0.035033804548248226,21.683713759355157,-0.009750095639856626,0.25914036026395504,0.03767278521292816,-0.008280254777070173,0.0,IDFCFIRSTB
IDFCFIRSTB,2024-03-18,78.35,79.1,77.4,77.85,205900,59692500,5895000,202080000,90750000,6472500,202500,352522500,0.44907957244655583,0.2606388355402797,9750000,15390000,1.5784615384615384,188130000,31425000,85.0,0.09184328837508036,-0.008280254777070173,-0.026875000000000093,-0.05750605326876512,-0.06091676718938488,0.021836865767501462,0.2647058823373653,-0.0019108280254777794,80.9375,82.557,-0.03814671814671822,-0.057015153166902977,-0.008314726508355522,27.480916030534317,-1,-1.1010638064146008,-0.7470758644954478,-0.35398794191915295,0.08327263254252008,0.09153878800799743,-1,-1,25.454545454236847,29.19490765609815,0.025277548398935694,0.22666143145207085,32.075471698113205,0.506821728685762,0.5243364843002003,0.018740091122506096,-0.026040644012135593,0.001955614787866041,1.0476065253035682,0.44907957244655583,0.45670583462987685,-0.01382445730690457,0.09184328837508036,0.033089222039032244,0.0022363952621552224,1,0.17100675043709493,0.2163612252048829,0.7903761415481112,-1,-1,0.023331530226597477,-0.026875000000000093,-0.05750605326876512,26.02421166842628,-0.011475142955983841,0.2005130896157652,0.048893153619566254,-0.01734104046242768,0.0,IDFCFIRSTB
IDFCFIRSTB,2024-03-19,77.95,78.2,76.3,76.5,215300,65107500,5415000,199582500,91807500,-2497500,1057500,356497500,0.4599977452932998,0.3007556959169846,12630000,26280000,2.0807600950118763,186217500,20085000,85.0,0.1111111111111111,-0.01734104046242768,-0.038340666247642985,-0.07160194174757284,-0.07103825136612019,0.024836601307189617,0.10526315788919785,0.0012845215157354982,80.645,82.335,-0.05139810279620549,-0.07086901074877017,-0.017493157447517116,26.181818181818173,-1,-1.2662950685257641,-0.8509203123768336,-0.4153747561489305,-0.001354489930907193,0.10251848508085996,-1,-1,10.27397260259899,22.757632251558505,0.026470588235294138,0.23184027071696856,38.88888888888889,0.5369328204859884,0.47606586021063174,0.0190862550455122,-0.020673086444673715,0.002510348808308598,1.044422182091972,0.4599977452932998,0.4565385474728704,0.010918172846743956,0.1111111111111111,-0.01235896674584323,0.011652892561983472,0,0.17884665548140932,0.22197945867843552,0.80569011414665,-1,0,0.024358879677704788,-0.038340666247642985,-0.07160194174757284,30.433359943111622,-0.009060785685357509,0.16127292340884525,0.03934979686618534,-0.002614379084967311,0.0,IDFCFIRSTB
IDFCFIRSTB,2024-03-20,76.85,77.05,75.9,76.3,536700,83557500,18450000,192952500,93652500,-6630000,1845000,370162500,0.4853655692463171,0.39537551039133645,10260000,20047500,1.9539473684210527,181710000,20257500,80.0,0.048492791612057703,-0.002614379084967311,-0.012297734627831791,-0.0700792199878123,-0.06951219512195128,0.015072083879423218,0.34782608692627115,0.004575163398692736,80.36,82.12,-0.05052264808362372,-0.07087189478811506,-0.002617802542078823,32.28699551569504,0,-1.3970005392342841,-0.9601368685328858,-0.4368636707013983,0.04982512152247952,0.11222893701788066,-1,-1,7.534246575239221,14.420921544025015,0.024620857517318868,0.23343492303189226,41.81818181818181,0.5462045355920296,0.4813498207791048,0.017374060608245,-0.02190035133779338,0.0025317002667860477,1.0515545976992173,0.4853655692463171,0.46411599065526465,0.025367823953017288,0.048492791612057703,-0.03321934538348803,0.020096397353157422,0,0.1798237163969063,0.2219903022035073,0.8100521262908574,-1,0,0.024159811405074297,-0.012297734627831791,-0.0700792199878123,34.0545883387671,0.01472666137746037,1.3294270833333326,0.05588454264614007,0.020314547837483543,1.0,IDFCFIRSTB
IDFCFIRSTB,2024-03-21,76.95,77.95,76.7,77.85,437000,95392500,11835000,190012500,93945000,-2940000,292500,379350000,0.49441484112887313,0.5668386652906737,12517500,14445000,1.1539844218094668,170932500,37440000,80.0,0.02761721258831093,0.020314547837483543,-0.0051118210862620694,-0.04361179361179379,-0.03948180135718693,0.01605651894669236,0.9199999999263931,0.008519003931848044,80.2,81.96699999999998,-0.02930174563591037,-0.05022753059157947,0.02011095998959594,34.91379310344827,0,-1.36132999537638,-1.0403757941110465,-0.32095420126533347,0.24631336991867397,0.11550370481417958,-1,-1,28.767123287277094,15.52511415503843,0.023534269199009104,0.23289494594750546,41.07142857142857,0.5430649711594752,0.5727050569220681,0.01358832251622184,-0.026015782185015678,0.0007148280517866642,0.990712815884537,0.49441484112887313,0.4703523515737012,0.009049271882556054,0.02761721258831093,-0.015236910638628679,0.0031232481781052293,0,0.2263999035339605,0.23507816000189605,0.9630835269249431,0,0,0.023861286395566613,-0.0051118210862620694,-0.04361179361179379,36.71249747942859,0.022928926922450854,0.7123153481446647,0.05463765335824311,0.0,0.0,IDFCFIRSTB
IDFCFIRSTB,2024-03-22,77.8,78.9,77.15,77.85,1688000,134962500,39570000,178785000,93330000,-11227500,-615000,407077500,0.5220236597029952,0.42744165112839694,11760000,14407500,1.2251275510204083,160657500,37650000,85.0,0.09184328837508036,0.0,-0.008280254777070173,-0.03948180135718693,-0.041846153846153866,0.022479126525369302,0.39999999997713637,-0.0006422607578676578,80.03,81.83800000000001,-0.02723978508059488,-0.048730418631931505,0.0,27.053140096618336,-1,-1.3178452476082185,-1.0958698509128142,-0.22197539669540434,0.26898001965402396,0.11791094882848055,-1,-1,28.965517240979707,21.755629034498668,0.02325901458849438,0.2350711587973914,43.859649122807014,0.5557180274811686,0.5866162860364117,0.015701212955747224,-0.03689904123441159,0.0008498624211619246,1.0018724204959237,0.5220236597029952,0.4821762775636082,0.027608818574122118,0.09184328837508036,-0.0590882178804026,-0.006546383522273671,-1,0.22745698920098972,0.23463182925111828,0.9694208574771342,0,0,0.024998773384932654,-0.008280254777070173,-0.03948180135718693,40.18550946437323,-0.020314547837483543,3.0684502289708355,0.09100374676379297,0.0006422607578677741,1.0,IDFCFIRSTB
IDFCFIRSTB,2024-03-26,77.95,78.85,77.65,77.9,2432100,239535000,104572500,179340000,89685000,555000,-3645000,508560000,0.5000836400133823,0.5284702549575033,12870000,15165000,1.1783216783216783,158557500,34822500,85.0,0.09114249037227207,0.0006422607578677741,0.0006422607578677741,-0.026249999999999885,-0.05917874396135259,0.015404364569961342,0.2083333333159742,0.0012845215157354982,79.785,81.714,-0.023625994861189326,-0.046674988374085125,0.0006420545966953233,27.941176470588275,-1,-1.2647914398605309,-1.1296542495999204,-0.13513719026061044,0.2960153872705624,0.11582243653298274,-1,-1,30.28169014041867,29.338110222891817,0.023244085824316897,0.22979883409693405,32.758620689655174,0.5250633875250454,0.6306081340677103,0.01353463651612401,-0.07936294676348518,0.0005255865559095248,1.0379947152508548,0.5000836400133823,0.4923770910769735,-0.0219400196896129,0.09114249037227207,0.003104287272422183,-0.0390549662487946,0,0.22253487326703708,0.22138728706108923,1.0051836133892946,-1,0,0.024476709841928783,0.0006422607578677741,-0.026249999999999885,43.279867756067404,0.0006422607578677741,2.8184729876124526,0.2577860383672228,-0.0012836970474968679,0.0,IDFCFIRSTB
IDFCFIRSTB,2024-03-27,78.25,78.9,77.3,77.8,1793600,291615000,52080000,173827500,87232500,-5512500,-2452500,552675000,0.5018337144582992,0.6242686339353801,10837500,13462500,1.2422145328719723,154890000,34747500,80.0,0.028277634961439625,-0.0012836970474968679,0.01699346405228752,-0.021998742928975523,-0.07104477611940296,0.0205655526992289,0.31249999998046707,0.004492939666238694,79.4875,81.52900000000001,-0.021229753105834304,-0.045738326239743055,-0.0012845216923567388,28.64321608040204,-1,-1.216692688837469,-1.147061970793999,-0.06963071804346987,0.3038090844379206,0.10820966427214042,-1,-1,34.16666666609717,31.137958015831845,0.023457583547557864,0.22983547496178403,33.89830508474576,0.5252764268546526,0.6446537877997148,0.012107670940125437,-0.09445675693236008,0.004006095294901544,1.0695090161759502,0.5018337144582992,0.5007442849099734,0.001750074444916816,0.028277634961439625,-0.030737704918032786,-0.027345709984947314,-1,0.2219311462041907,0.21489811808844234,1.032727266646333,-1,0,0.024207683716502826,0.01699346405228752,-0.021998742928975523,46.80523451600529,-0.001925957805364642,1.2358514086262775,0.24598424131750707,-0.02249357326478152,0.0,IDFCFIRSTB
IDFCFIRSTB,2024-03-28,76.1,76.8,75.35,76.05,2594000,342472500,50857500,204105000,95070000,30277500,7837500,641647500,0.465789667083119,0.6031878196740776,18795000,19882500,1.0578611332801278,181192500,28830000,80.0,0.051939513477975055,-0.02249357326478152,-0.003276539973787629,-0.01553398058252431,-0.08428657435279951,0.019066403681788337,0.4827586206563625,-0.02185089974293063,79.1375,81.30099999999999,-0.03901437371663252,-0.06458715144955152,-0.022750412479044087,25.79185520361993,-1,-1.3034476894863758,-1.178339162464631,-0.1251085270217447,0.13405152095373182,0.10661165697007632,-1,-1,10.937499999829136,25.12861893544832,0.02446698600544757,0.23170188967270045,38.333333333333336,0.5361282378151937,0.665421722963704,0.013404313908090293,-0.11898754567434774,0.0010041473994285566,1.0311970896347786,0.465789667083119,0.49682910447733375,-0.03604404737518019,0.051939513477975055,0.1741813004271476,0.08984610093715072,1,0.20165705954906585,0.22469214847342434,0.8974815578977333,-1,0,0.022295553858144437,-0.003276539973787629,-0.01553398058252431,50.477533543134236,-0.02120987621728465,1.51261635622197,0.2888059341745304,0.024983563445101886,1.0,IDFCFIRSTB
IDFCFIRSTB,2024-04-01,76.25,78.15,76.2,77.95,914800,337387500,-5085000,102495000,65812500,18555000,9067500,505695000,0.6421044929020928,0.3173172008609138,13440000,9247500,0.6880580357142857,74220000,34567500,80.0,0.02629890955740856,0.024983563445101886,0.0012845215157355483,-0.003833865814696469,-0.028660436137071588,0.02501603592046187,0.8974358973898737,0.002629848783694975,79.02250000000001,81.12,-0.013572083900155074,-0.039077909270216926,0.024676576798483646,37.698412698412746,0,-1.2062564643150466,-1.1839226296800252,-0.022333834635021477,0.3728118213261759,0.10670868977086831,-1,-1,42.62295081897347,29.242372494966588,0.024970219004856617,0.22264551668827753,18.333333333333332,0.10853152547263402,0.704370794868286,0.018313955865576804,-0.07164743863555759,0.003004039006454023,1.0152283674310836,0.6421044929020928,0.5263670348319777,0.17631482581897384,0.02629890955740856,0.09090909090909091,0.09537709056484696,1,0.23248727256962043,0.21930584657532085,1.060105218780667,-1,-1,0.020963291635494142,0.0012845215157355483,-0.003833865814696469,51.62959165451135,0.047477136709883405,-0.17056540818917054,-0.033330083669291244,0.021808851828095,1.0,IDFCFIRSTB
IDFCFIRSTB,2024-04-02,78.05,79.8,77.6,79.65,1043800,331042500,-6345000,107940000,72352500,5445000,6540000,511335000,0.6703029460811561,0.2675845555222979,31395000,13950000,0.44433827042522694,53917500,47152500,80.0,0.004394224733207712,0.021808851828095,0.023121387283237205,0.014649681528662528,-0.020897357098955016,0.02762084118016325,0.9318181817758304,0.0012828736369466878,78.9375,80.94099999999999,0.009026128266033329,-0.015949889425630803,0.02157444085227207,48.67924528301889,0,-0.9818085458847463,-1.143499773274347,0.16169122738960073,0.5872065209222614,0.10350290517076818,-1,-1,73.5042735030171,42.354908107273225,0.024930499506770714,0.2222579058450473,18.333333333333332,0.10464194950879797,0.7645935645890158,0.014885988621481471,-0.059259605919704805,0.004951350036822665,0.9731637598575347,0.6703029460811561,0.5560228921076099,0.028198453179063332,0.004394224733207712,0.05312454266061759,0.09937321937321937,1,0.2577050200386854,0.2283869528600902,1.128370148550992,0,0,0.020795439447777966,0.023121387283237205,0.014649681528662528,50.74042082593518,-0.0031747116170068868,-0.11998785957575964,-0.06001571741738021,-0.010043942247332183,0.0,IDFCFIRSTB
IDFCFIRSTB,2024-04-03,79.3,79.35,78.5,78.85,812000,334912500,3870000,118035000,76492500,10095000,4140000,529440000,0.6480493074088194,0.2285903961053318,40177500,21120000,0.5256673511293635,59505000,42975000,80.0,0.014584654407102165,-0.010043942247332183,0.012195121951219301,0.012845215157353929,-0.045399515738498764,0.010779961953075389,0.4117647058339061,-0.004394224733207891,78.75,80.80900000000001,0.0012698412698410877,-0.024242349243277617,-0.010094722947010247,47.4264705882353,0,-0.8581279222579354,-1.086425358288326,0.22829743603039065,0.5134997669464708,0.09406394008313666,-1,-1,78.65168539149093,64.92630323782716,0.02454932512002901,0.2169949711561556,11.666666666666666,0.051829742052072546,0.7588874105219535,0.021128095284993355,-0.016482012826113168,0.00647512193159345,0.9773571977697639,0.6480493074088194,0.5856160255866973,-0.022253638672336762,0.014584654407102165,0.09352418010005559,0.057219861096714,1,0.259737363116016,0.22202217526364132,1.1698712648437142,-1,0,0.019689749066335357,0.012195121951219301,0.012845215157353929,49.68551665082818,-0.03185279407542718,-0.3486961892310284,-0.034147969975837245,0.013316423589093462,1.0,IDFCFIRSTB
IDFCFIRSTB,2024-04-04,79.2,80.5,78.85,79.9,1228300,327937500,-6975000,138135000,81712500,20100000,5220000,547785000,0.5915408839179064,0.17408895427795332,47527500,18045000,0.37967492504339595,67515000,51855000,80.0,0.0012515644555693905,0.013316423589093462,0.026992287917738,0.04444444444444451,-0.03033980582524276,0.02065081351689619,0.6363636363250735,0.00443880786303118,78.625,80.67699999999999,0.016216216216216273,-0.00963099768211495,0.013228539363181836,60.72874493927123,0,-0.6682507777044719,-1.0027903896730346,0.33453961196856263,0.6911237993562594,0.08484666101216336,-1,-1,88.34951456139139,80.16849115196646,0.02306454496692296,0.21925349584077286,18.333333333333332,0.07449346129637514,0.8580751726017143,0.025414976891205553,-0.006062991190922862,0.006397401916792897,0.9584200479933669,0.5915408839179064,0.6035574594786187,-0.05650842349091301,0.0012515644555693905,0.17028847375778372,0.06824198450828513,1,0.242854331868862,0.22876555660952563,1.0615860856065213,0,1,0.019271170287306016,0.026992287917738,0.04444444444444451,47.82133907822645,0.023360365836425645,-0.0888184981046416,0.001104754281265441,0.013767209011263937,1.0,IDFCFIRSTB
IDFCFIRSTB,2024-04-05,80.05,81.35,79.35,81.0,1016200,326955000,-982500,148447500,86737500,10312500,5025000,562140000,0.5842974789066842,0.23079203884214733,50662500,20745000,0.4094744633604737,71137500,55335000,80.0,-0.012345679012345678,0.013767209011263937,0.06508875739644981,0.0615989515072084,-0.012797074954296161,0.024691358024691357,0.8249999999587528,0.001877346683354086,78.5725,80.583,0.030895033249546566,0.005174788727150936,0.013673301900209642,61.04417670682727,0,-0.42467527486671486,-0.8871673086495433,0.46249203378282844,0.8870851979863719,0.07981455609549103,1,-1,94.16666666509731,87.05595553932653,0.021869488536155227,0.22263890775960635,20.0,0.10846520655881847,0.9110754161915622,0.021263158732182718,0.020892943101322548,0.001067207115707491,0.9486332262481102,0.5842974789066842,0.6272590218433318,-0.007243405011222226,-0.012345679012345678,0.07465522858073624,0.06149609912804038,1,0.24340960475002646,0.23469440190840726,1.0371342591345958,0,1,0.02023309770183283,0.06508875739644981,0.0615989515072084,47.09330893843212,0.00045078542217047435,-0.2720526082035559,0.05808812318951051,0.022839506172839474,1.0,IDFCFIRSTB
IDFCFIRSTB,2024-04-08,81.8,83.95,81.8,82.85,2153800,316260000,-10695000,149850000,94042500,1402500,7305000,560152500,0.6275775775775776,0.32396489050447674,18315000,7800000,0.4258804258804259,75877500,74115000,80.0,-0.034399517199758534,0.022839506172839474,0.0628608082103912,0.06422607578676942,0.01781326781326764,0.025950512975256558,0.48837209300053824,0.009876543209876508,78.645,80.60900000000001,0.053468116218450046,0.02780086590827313,0.022582589200133122,65.48042704626329,0,-0.08228604628166636,-0.7261909915062259,0.6439049452245595,1.1074752441234836,0.08801694675507324,1,1,87.20930232456725,89.90849451701864,0.021941546685059075,0.22573795707459685,26.666666666666668,0.13956337611949138,0.9192445513231474,0.013582190822521146,-0.02077600864925664,0.002290098449415105,0.9141303473692927,0.6275775775775776,0.6243536387784288,0.04328009867089344,-0.034399517199758534,0.009447784570302632,0.08421962818849979,1,0.24782783416871582,0.24694285408291955,1.0035837440557835,0,1,0.02122249710468925,0.0628608082103912,0.06422607578676942,45.698976600707155,0.009072297161575538,0.3738948496485208,0.033166688338815975,-0.0060350030175014835,0.0,IDFCFIRSTB
IDFCFIRSTB,2024-04-09,83.1,83.45,81.55,82.35,961400,313350000,-2910000,150915000,95887500,1065000,1845000,560152500,0.6353742172746248,0.2696936109571678,22230000,10485000,0.4716599190283401,80122500,71160000,80.0,-0.028536733454766174,-0.0060350030175014835,0.03389830508474567,0.05780346820809257,0.01603948180135717,0.023072252580449374,0.42105263155678396,0.0030175015087507548,78.71,80.656,0.04624571210773731,0.021002777226740488,-0.006053287248922563,66.18705035971219,0,0.14721407230031502,-0.5515099226045868,0.6987239949049018,0.9929143696343944,0.0938209858657139,1,1,81.39534883626277,87.5904392753091,0.022248243559719,0.22980706178957666,35.0,0.1803958042368748,0.899719177585626,0.018722150337187958,-0.018545415109672492,0.0014787038095046365,0.928465454270756,0.6353742172746248,0.6173678930171225,0.007796639697047247,-0.028536733454766174,0.007107107107107107,0.019618789377143314,1,0.25393647878883874,0.2475127756661957,1.025953015971632,0,1,0.021281809710197257,0.03389830508474567,0.05780346820809257,43.746785365652514,-0.028874509190340958,-0.3569230769230769,0.014890367326528153,0.029143897996357193,1.0,IDFCFIRSTB
IDFCFIRSTB,2024-04-10,82.55,85.15,82.3,84.75,1845600,314820000,1470000,153480000,97192500,2565000,1305000,565492500,0.6332584050039093,0.2664058489263392,49485000,12262500,0.2478023643528342,47137500,79567500,85.0,0.0029498525073746312,0.029143897996357193,0.07482561826252376,0.08793324775353017,0.059374999999999956,0.0336283185840709,0.8596491227768528,0.0024286581663631192,78.94749999999999,80.751,0.07349821083631536,0.04952260653118845,0.028727289636910486,77.59197324414707,1,0.5158343792254811,-0.3380410073535618,0.8538753865790429,1.137279411430521,0.11533121816989368,1,1,95.91836734595996,88.17433950226332,0.02241887905604723,0.23701190713350923,55.00000000000001,0.2526945898935743,0.991932075839181,0.01938737172487426,-0.013370575523733797,0.0031399937872933596,0.9081729700867814,0.6332584050039093,0.6144097125361404,-0.0021158122707155558,0.0029498525073746312,0.016996322433157737,0.013609698865858428,1,0.2771319391011147,0.26097661442185843,1.0619033418333472,0,1,0.02310420511160821,0.07482561826252376,0.08793324775353017,42.90340382318537,0.03517890101385868,0.28492359104675047,0.011353058109307979,-0.0023598820058997605,0.0,IDFCFIRSTB
IDFCFIRSTB,2024-04-12,84.5,85.4,84.2,84.55,1016300,309502500,-5317500,170917500,99082500,17437500,1890000,579502500,0.5797095089736276,0.33210364773934503,64545000,18532500,0.28712526144550315,60802500,74722500,85.0,0.005322294500295717,-0.0023598820058997605,0.05819774718397985,0.08676092544987157,0.06285355122564429,0.014192785334121856,0.2916666666423557,-0.0029498525073746312,79.1975,80.779,0.06758420404684484,0.04668292501764082,-0.002362670915970392,77.59197324414707,1,0.7828575227662782,-0.11386125521849334,0.8967187779847715,1.0151000317905425,0.13120597917773988,1,1,91.54228855630298,89.61866824617522,0.02251415054490162,0.23381804165166484,46.666666666666664,0.22064496427840996,0.9884502360683345,0.02101605455804052,-0.011395584666090697,0.000998522131857341,0.9000015104386593,0.5797095089736276,0.6120434375472847,-0.05354889603028168,0.005322294500295717,0.11361415168100078,0.01944594490315611,1,0.27825702431878646,0.25979738794849594,1.071053971746801,0,1,0.02246692837509751,0.05819774718397985,0.08676092544987157,42.95437435802892,-0.031503780002256954,-0.25196154921906055,0.02478301926831339,-0.018923713778829065,0.0,IDFCFIRSTB
IDFCFIRSTB,2024-04-15,83.8,83.8,82.15,82.95,1351200,315037500,5535000,178695000,98302500,7777500,-780000,592035000,0.5501133215814656,0.385164605365357,18037500,11677500,0.6474012474012474,121177500,69217500,85.0,0.024713682941531007,-0.018923713778829065,0.024074074074074137,0.09072978303747536,0.0737864077669903,0.01989150090415903,0.48484848481910087,-0.008870490833826138,79.4825,80.793,0.04362595539898728,0.02669785748765352,-0.019105058708135777,66.99999999999997,0,0.8560313829300554,0.08011730433047677,0.7759140785995786,0.8229632951820927,0.1350802275328368,1,1,75.62189054651122,87.69418214959137,0.02359424782571259,0.22365140103218875,25.0,0.11862531834455324,0.9999999967646456,0.024238663828192286,-0.010479739052018511,0.0048443798975748055,0.9111685396795002,0.5501133215814656,0.605206606082241,-0.029596187392161966,0.024713682941531007,0.04550441002237922,-0.007872227689047006,0,0.2674950183170114,0.245455578415537,1.0897899323973983,0,1,0.022549438097334576,0.024074074074074137,0.09072978303747536,42.34846665278615,-0.016563831772929305,0.09467407683458373,0.03599157956627419,-0.001808318264014508,0.0,IDFCFIRSTB
IDFCFIRSTB,2024-04-16,82.6,83.7,82.05,82.8,1123000,311115000,-3922500,182310000,102060000,3615000,3757500,595485000,0.5598156985354615,0.2671392017881819,21007500,13837500,0.658693323812924,122947500,70110000,85.0,0.02657004830917878,-0.001808318264014508,-0.0006035003017501595,0.06221937139191791,0.058146964856230055,0.019927536231884126,0.4545454545179048,-0.004219409282700525,79.71000000000001,80.771,0.03876552502822728,0.02512040212452482,-0.0018099552452395303,66.33663366336629,0,0.8916780513376779,0.24242947509875032,0.6492485762389275,0.7793094944761553,0.13879057387560068,1,1,74.12935323309318,80.43117744530245,0.023550724637681195,0.21205173877061562,3.3333333333333335,0.0022256656794436736,0.9133187636343706,0.02584728349884009,-0.012352329910955362,0.002348561952465484,0.8703173266786307,0.5598156985354615,0.5916542302738178,0.009702376953995895,0.02657004830917878,0.020230000839419122,0.03822384985122454,1,0.2558043943741078,0.24364876141536948,1.049889984185171,0,0,0.022040588128476802,-0.0006035003017501595,0.06221937139191791,40.78893401838808,0.017115395514814558,-0.10529334905510057,0.029300809719748244,-0.0024154589371980784,0.0,IDFCFIRSTB
IDFCFIRSTB,2024-04-18,83.2,84.7,82.35,82.6,1177800,310567500,-547500,171562500,101040000,-10747500,-1020000,583170000,0.5889398907103826,0.4020607853824381,23062500,18210000,0.7895934959349593,115695000,65212500,85.0,0.029055690072639296,-0.0024154589371980784,0.0030358227079538835,0.03703703703703698,0.05222929936305731,0.028450363196126014,0.10638297871887693,0.004830917874396204,79.91499999999999,80.759,0.033598198085465825,0.022796220854641502,-0.002418380864281638,65.35947712418292,0,0.8935411752336933,0.37265182883975334,0.5208893463939399,0.7378038926531563,0.14128531585286758,1,1,72.13930348186918,73.96351575382452,0.02460221376686273,0.21121512599970232,1.6666666666666667,0.0,0.8349445325271876,0.020193809795408614,-0.008216205575329783,0.0020659359694205834,0.8642752463533014,0.5889398907103826,0.5823673649609693,0.029124192174921015,0.029055690072639296,-0.05895178542043772,-0.009994121105232217,-1,0.2429183029479945,0.2443840973167633,0.9940020873523979,0,0,0.022123540330073077,0.0030358227079538835,0.03703703703703698,39.538370528161465,-0.0006071406731835705,-0.0715456896008072,5.659047530848227e-05,-0.009079903147699797,0.0,IDFCFIRSTB
IDFCFIRSTB,2024-04-19,81.5,82.25,80.4,81.85,1624700,287040000,-23527500,169207500,97912500,-2355000,-3127500,554160000,0.57865342848278,0.37555009430187924,19020000,14550000,0.7649842271293376,117322500,64087500,85.0,0.038485033598045275,-0.009079903147699797,-0.034218289085545806,0.03804692454026637,0.05138086062941549,0.0226023213194868,0.7837837837414133,-0.01331719128329291,80.115,80.736,0.0216563689696061,0.013798057867617786,-0.009121376709788511,62.69592476489025,0,0.8251853079343334,0.46315853228384396,0.36202677565048946,0.6543390627039346,0.14031683612289653,1,1,64.67661691477926,70.31509120991386,0.025351252290775846,0.21170408552345085,3.3333333333333335,0.004876498423111962,0.8380635406972445,0.01449091843473722,0.003639489521631889,0.00807772521064844,0.8645397021032146,0.57865342848278,0.5714463696567436,-0.010286462227602544,0.038485033598045275,-0.013726775956284153,-0.030953087885985747,-1,0.24142937637787443,0.24487491427168975,0.9859293958196738,0,-1,0.02330577626671422,-0.034218289085545806,0.03804692454026637,37.34937105158541,-0.006664444210501719,0.20363305008778876,-0.04598357120907326,0.017104459376908965,1.0,IDFCFIRSTB
IDFCFIRSTB,2024-04-22,82.2,83.75,82.2,83.25,2377400,205365000,-81675000,166440000,99210000,-2767500,1297500,471015000,0.5960706560922855,0.32615209016978075,20985000,14992500,0.7144388849177984,109657500,67732500,85.0,0.021021021021021023,0.017104459376908965,-0.015375517445298637,0.0419274092615769,0.08823529411764697,0.018618618618618583,0.6774193547950046,0.00427611484422735,80.4525,80.74,0.0347720704763681,0.03108744116918505,0.016959825043409284,73.07692307692304,1,0.8735557813010075,0.545237987619421,0.32831779368158653,0.7535606169023245,0.1371351391246462,1,1,76.6304347817757,71.14878505947469,0.02445302445302449,0.20893808861097407,1.6666666666666667,0.0,0.8503191790579399,0.013427034939207582,0.038602041437801084,0.0018011380639429732,0.8776580501581608,0.5960706560922855,0.5747185990804751,0.01741722760950548,0.021021021021021023,-0.01635565799388325,0.013251627728839525,0,0.2462905364220821,0.2380632052375706,1.0345594400984615,0,-1,0.023102556776886458,-0.015375517445298637,0.0419274092615769,36.54429942944443,0.026184362524608762,0.6230866911533788,-0.15765782682640261,0.00480480480480483,1.0,IDFCFIRSTB
IDFCFIRSTB,2024-04-23,83.7,83.9,83.2,83.65,1826000,126472500,-78892500,167310000,99757500,870000,547500,393540000,0.596243500089654,0.3271894146115414,57315000,24547500,0.4282910232923319,74617500,67162500,85.0,0.016138673042438663,0.00480480480480483,0.008438818565400963,0.032716049382716106,0.096330275229358,0.008368200836820118,0.6428571427653076,0.0054054054054054395,80.82,80.757,0.03501608512744392,0.035823519942543625,0.004793298572279795,70.21276595744676,1,0.9333082378189772,0.6228520418442737,0.31045619597470353,0.7655918897337013,0.13184169577469346,1,1,77.56410256310818,72.9570514198877,0.02314063700794128,0.20723524362234572,1.6666666666666667,0.0,0.8213226249202925,0.012574199499042548,0.07582434468798963,0.005002529709100534,0.8757413877305562,0.596243500089654,0.5839446347821127,0.0001728439973684992,0.016138673042438663,0.005227108868060562,0.0055185969156335045,1,0.24060998190855412,0.23663977338311284,1.0167774350313288,0,0,0.021470241058099335,0.008438818565400963,0.032716049382716106,36.57023927906967,-0.012299654572104135,0.18132650156561336,-0.24242599244620522,-0.00298864315600722,0.0,IDFCFIRSTB
IDFCFIRSTB,2024-04-24,83.5,83.75,83.0,83.4,1280000,79372500,-47100000,163387500,100590000,-3922500,832500,343350000,0.6156529722285976,0.3258468111077185,52050000,22920000,0.4403458213256484,76680000,68970000,80.0,-0.040767386091127164,-0.00298864315600722,0.007246376811594235,0.006638503319251754,0.07129094412331427,0.008992805755395683,0.5333333332622298,-0.0017931858936043716,81.0975,80.761,0.02839175067048938,0.03267666324092078,-0.0029931180681319522,64.82213438735174,0,0.9495909825996875,0.6881998328141932,0.2613911497854944,0.7191179945969922,0.12957288479123535,1,1,71.01449275259402,75.06967669915929,0.021968139773895196,0.2052475303586337,1.6666666666666667,0.0,0.7377594076142262,0.010709809988242048,0.1024967533570414,0.004506408351218964,0.8898835761639893,0.6156529722285976,0.5951120895207399,0.019409472138943618,-0.040767386091127164,-0.023444504213734983,0.00834523720021051,0,0.21559578634674204,0.23064537403241384,0.9347500991845957,0,-1,0.019774470336113247,0.007246376811594235,0.006638503319251754,37.56815739149012,-0.00779344796081205,-0.12228972667553517,-0.26798380546086,0.0,0.0,IDFCFIRSTB
IDFCFIRSTB,2024-04-25,83.3,83.65,82.8,83.4,1447300,16830000,-62542500,168255000,107707500,4867500,7117500,292792500,0.6401444236426852,0.3731605886116413,49507500,23587500,0.4764429631873959,86160000,74122500,80.0,-0.040767386091127164,0.0,0.009685230024213176,0.012750455373406355,0.07129094412331427,0.010191846522781876,0.7058823528581344,-0.0011990407673861932,81.375,80.818,0.02488479262672816,0.03194832834269601,0.0,69.19831223628694,0,0.9515218138586761,0.7408642308404713,0.2106575830182048,0.697897711125926,0.1257457324002898,1,1,69.46564885390134,72.68141472320117,0.02171120246659818,0.20078424741933434,1.6666666666666667,0.0,0.7572847813517476,0.011186110484806777,0.12781017030581948,0.0046847847203588845,0.8705322973616797,0.6401444236426852,0.6053529961072004,0.024491451414087595,-0.040767386091127164,0.02979114069313748,0.07075753056963913,1,0.21238702920437208,0.23064537403241384,0.9208380181188476,0,-1,0.018486429730346497,0.009685230024213176,0.012750455373406355,38.63269983050508,0.00298864315600722,-0.03957051754228791,-0.2875600862833554,0.02937649880095905,1.0,IDFCFIRSTB
IDFCFIRSTB,2024-04-26,85.0,87.35,84.85,85.85,19300,945000,945000,131700000,71235000,40477500,20332500,203880000,0.5408883826879272,0.3381215469613252,34605000,12450000,0.3597745990463806,66615000,50752500,90.0,0.048340128130460173,0.02937649880095905,0.04886988393402558,0.012979351032448294,0.10205391527599472,0.029120559114735003,0.399999999984,0.019184652278177387,81.77250000000001,80.902,0.04986395181754233,0.0611604163061481,0.028953277978783287,72.4528301886792,1,1.137179742755876,0.8201273354117676,0.31705240734410844,0.8910223825757858,0.12752198860838462,1,1,81.24999999898438,73.91004720182657,0.02300524170064067,0.20755111502921694,6.666666666666667,0.06730319426057758,0.758037327394944,0.015728521402898245,0.17859523650874115,0.0021813508346406347,0.8377101372273781,0.5408883826879272,0.5977999869482298,-0.09925604095475804,0.048340128130460173,0.24057234554693768,0.18877515493350044,1,0.21324088882275738,0.24776006129326655,0.8606749918594938,0,0,0.01803565378341291,0.04886988393402558,0.012979351032448294,40.714835983434774,0.02937649880095905,-0.9854262629313599,-0.40196324309102993,-0.034944670937682054,0.0,IDFCFIRSTB
IDFCFIRSTB,2024-04-29,83.1,83.2,81.0,82.85,48300,3105000,2160000,177352500,93772500,45652500,22537500,274230000,0.5287351461073286,0.30689246254410785,27660000,12165000,0.43980477223427333,127290000,60735000,90.0,0.08630054315027165,-0.034944670937682054,-0.00480480480480483,-0.020106445890005986,0.06491002570694082,0.026554013277006676,0.8409090908708641,-0.03203261502620851,82.025,80.98,0.010057909174032265,0.0230921215114841,-0.035569843470912674,56.10561056105608,0,1.0308629731168253,0.8622744638836233,0.168588509233202,0.5844860896435501,0.11904810857922625,1,1,35.251798560643756,61.98914913784315,0.026295370290542304,0.21079280913567255,10.0,0.10154811317923197,0.6526139862290435,0.023355882845704713,0.07957647442134405,0.005028254576224897,0.7394667180416413,0.5287351461073286,0.5843328849512386,-0.012153236580598525,0.08630054315027165,0.3466400911161731,0.31638239629395665,1,0.28113365812675234,0.2850605766544527,0.9862242661808581,0,1,0.01927177657770139,-0.00480480480480483,-0.020106445890005986,39.3272040075712,-0.0643211697386411,-0.9606517311608961,-0.09062420724337072,0.0030175015087507973,1.0,IDFCFIRSTB
IDFCFIRSTB,2024-04-30,82.7,83.5,82.1,83.1,36600,3435000,330000,181387500,96060000,4035000,2287500,280882500,0.5295844531734546,0.25323741007194184,28957500,13147500,0.45402745402745404,131985000,62700000,90.0,0.08303249097472931,0.0030175015087507973,-0.006575014943215884,0.0018083182640142859,0.09270216962524658,0.01684717208182919,0.714285714234691,-0.0018105009052503498,82.3775,81.034,0.008770598767867455,0.025495471036848683,0.0030129579888306317,50.922509225092256,0,0.9557208140537341,0.8809637342478563,0.07475707980587776,0.5901924962319824,0.09724310927809617,1,1,38.848920862750276,51.78357314079279,0.024883960804538436,0.20995671303334895,10.0,0.09306497803616015,0.7236015942721589,0.028488386420570454,0.041827666160726105,0.005987642441611957,0.7824453872459822,0.5295844531734546,0.5710010755679986,0.0008493070661259594,0.08303249097472931,0.022751300376369094,0.024394145405102777,1,0.26501943415656104,0.26833401586544087,0.9876475526334062,0,1,0.01896734369546841,-0.006575014943215884,0.0018083182640142859,36.28138190515117,0.03796217244643285,-0.9666070581365643,0.006649894096270259,-0.0036101083032490378,0.0,IDFCFIRSTB
IDFCFIRSTB,2024-05-02,83.05,83.5,82.65,82.8,22300,4012500,577500,191677500,102165000,10290000,6105000,297855000,0.5330046562585593,0.35871580375310713,30112500,15030000,0.4991282689912827,142447500,66765000,90.0,0.08695652173913047,-0.0036101083032490378,-0.007194244604316613,0.0,0.06221937139191791,0.010265700483091719,0.17647058821452402,-0.0006016847172081488,82.62,81.071,0.002178649237472685,0.021326984988466968,-0.003616640470188439,51.68539325842697,0,0.8620675462778564,0.8771844966004376,-0.015116950322581202,0.5263053513835382,0.0828215219432138,1,1,34.53237410022249,36.21103117453883,0.024068322981366467,0.2040978161138782,3.3333333333333335,0.03361988049405847,0.7177721648898414,0.02825521879080801,0.004235604564879791,0.0066209120904624184,0.7895145329368114,0.5330046562585593,0.554471412373991,0.0034202030851047116,0.08695652173913047,0.056729377713458755,0.06355402873204247,1,0.2655758073387623,0.2585105245317399,1.02733073524603,0,1,0.018001160120589166,-0.007194244604316613,0.0,33.529590923276956,-0.006627609811999835,-0.977382678986176,0.10346092291277675,-0.010265700483091722,0.0,IDFCFIRSTB
IDFCFIRSTB,2024-05-03,83.05,83.05,81.5,81.95,21300,4732500,720000,195195000,108862500,3517500,6697500,308790000,0.5577115192499807,0.17912414489177925,24262500,17415000,0.717774343122102,153600000,67380000,90.0,0.09823062843197068,-0.010265700483091722,-0.017386091127098324,-0.007869249394673039,0.02887633396107958,0.018913971934106127,0.2903225806264332,0.0030193236714975845,82.73499999999999,81.084,-0.009488124735601455,0.010680282176508404,-0.01031875620137525,38.13559322033899,0,0.7111754630434035,0.8439826895135905,-0.13280722647018695,0.37517631750856706,0.07601221616503805,1,1,22.302158273060396,31.894484412011042,0.02318486882245271,0.19929180372049818,1.6666666666666667,0.0,0.6923738511410524,0.028988608595575106,-0.032556435586422204,0.007299711178152035,0.7883019095928901,0.5577115192499807,0.5379848314954501,0.02470686299142144,0.09823062843197068,0.018351136674883594,0.06555571869035384,1,0.27055673838146965,0.2528115195669005,1.0701914957749943,0,1,0.017047520994387177,-0.017386091127098324,-0.007869249394673039,30.507993078125175,-0.006655592179842684,-0.9755262432208843,0.13057088722300025,-0.011592434411226371,0.0,IDFCFIRSTB
IDFCFIRSTB,2024-05-06,82.15,82.2,80.9,81.0,14800,5235000,502500,210457500,113310000,15262500,4447500,329002500,0.5383984890060939,0.24218707240982912,36450000,36757500,1.0084362139917695,171465000,48840000,90.0,0.1111111111111111,-0.011592434411226371,-0.05649388468258587,-0.010384850335980356,0.027266962587190857,0.01604938271604935,0.07692307691715555,0.002440512507626636,82.8425,81.046,-0.02224099948697833,-0.0005675789058066094,-0.01166015051739994,35.85657370517929,0,0.509185932469947,0.7770233374991303,-0.2678374050291833,0.15891386222127168,0.06520640103409442,-1,1,8.633093525055571,21.82254196611281,0.023544973544973535,0.2008606638825511,5.0,0.01568040960843013,0.6842449219913412,0.023378655621010224,-0.10638199459795525,0.0016342130254966176,0.7913796866513827,0.5383984890060939,0.5374868527590835,-0.019313030243886864,0.1111111111111111,0.07819103972950127,0.04085428866689631,1,0.27302916882965245,0.2538107398906436,1.0757195256580445,0,0,0.01639222713404343,-0.05649388468258587,-0.010384850335980356,27.447718414582877,-0.001326733928134649,-0.9791352402971818,0.10347238992191898,-0.030246913580247003,0.0,IDFCFIRSTB
IDFCFIRSTB,2024-05-07,80.8,80.8,78.2,78.55,27000,6472500,1237500,222697500,113077500,12240000,-232500,342247500,0.5077627723705924,0.32230100640439086,31230000,36525000,1.16954851104707,189502500,36015000,90.0,0.14576702737110125,-0.030246913580247003,-0.051901025950512936,-0.05645645645645647,-0.01689612015018782,0.033099936346276185,0.1346153846102052,-0.002469135802469171,82.775,80.97,-0.051041981274539516,-0.02988761269606033,-0.030713789970808696,33.5820895522388,0,0.1499721700376142,0.6516131030992326,-0.5016409330616184,-0.19152343614171666,0.07381092036315005,-1,-1,3.8251366119799948,11.586796136698645,0.02464308447758479,0.20798421264924097,13.333333333333334,0.08687870071753637,0.5310464478079764,0.01424531750708613,-0.0454224220991748,0.004746400305654043,0.7612843145650325,0.5077627723705924,0.5332923780117362,-0.030635716635501464,0.14576702737110125,0.058159010726631266,-0.0020518930368016945,0,0.2885811804625654,0.27320175733811936,1.056293279987152,0,-1,0.017840358906809194,-0.051901025950512936,-0.05645645645645647,26.339887750919996,-0.018654479169020632,-0.943072803559004,0.09780741638880475,-0.008274984086568904,0.0,IDFCFIRSTB
IDFCFIRSTB,2024-05-08,77.85,79.05,77.7,77.9,20800,7072500,600000,237172500,113880000,14475000,802500,358125000,0.4801568478638965,0.2000475595981208,11250000,16222500,1.442,222907500,37807500,90.0,0.1553273427471116,-0.008274984086568904,-0.06257521058965088,-0.06873879258816495,-0.03827160493827153,0.017329910141206602,0.14814814813717694,-0.00891152132399749,82.61999999999999,80.888,-0.05712902444928569,-0.036939966373256805,-0.008309411824927422,32.37410071942449,0,-0.18495000810062834,0.4843004798905865,-0.6692504879912149,-0.14062948007506507,0.08917639013805838,-1,-1,2.0725388600821812,4.843589665705906,0.024573629194938548,0.20442584814148781,8.333333333333332,0.05131363611378186,0.4887286948969457,0.01104726891653518,-0.049849028441231846,0.00672495733740662,0.7602903947868157,0.4801568478638965,0.5234068569498246,-0.02760592450669591,0.1553273427471116,0.06499848449129425,0.007096902566823639,1,0.2827299255933176,0.26887864093400715,1.0515150050820086,0,0,0.01873652983724784,-0.06257521058965088,-0.06873879258816495,25.714588547858106,0.0219719294936781,-0.9291963100384655,0.09450067847581334,-0.01797175866495515,0.0,IDFCFIRSTB
IDFCFIRSTB,2024-05-09,78.0,78.2,76.3,76.5,18000,7650000,577500,248310000,112012500,11137500,-1867500,367972500,0.45109943216141113,0.21703311544487003,17175000,34867500,2.030131004366812,229957500,18097500,90.0,0.17647058823529413,-0.01797175866495515,-0.07608695652173914,-0.08273381294964033,-0.07664453832226914,0.024836601307189617,0.10526315788919785,0.0012836970474967176,82.3025,80.797,-0.07050211111448612,-0.05318266767330471,-0.018135212044212506,29.801324503311264,-1,-0.5567834204949804,0.2760836988490789,-0.8328671193440593,-0.13279586473837315,0.11141367231196049,-1,-1,1.8099547511148681,2.5692100743923385,0.024603174603174585,0.2036674896644784,6.666666666666667,0.04373401121338763,0.44025300578523124,0.011661101869812462,-0.0432633803182604,0.0073355626500236325,0.7892328414989307,0.45109943216141113,0.5070258121303949,-0.02905741570248538,0.17647058823529413,0.04695949150934446,-0.016398840885142256,0,0.28682257192944827,0.2580575450949871,1.1114674895970449,0,0,0.020320909392427235,-0.07608695652173914,-0.08273381294964033,25.682547988886665,-0.009696774578386247,-0.892582204451871,0.0783787942062113,0.012418300653594727,1.0,IDFCFIRSTB
IDFCFIRSTB,2024-05-10,76.55,77.6,76.25,77.45,18300,8040000,390000,253372500,111255000,5062500,-757500,372667500,0.43909658704081933,0.2283453779497886,14242500,19357500,1.3591363875724065,233370000,34890000,90.0,0.16204002582311164,0.012418300653594727,-0.05491153142159855,-0.07134292565947242,-0.05950212507589547,0.0174306003873466,0.8888888888230511,0.0006535947712417929,82.05749999999999,80.721,-0.05614965115924797,-0.04052229283581721,0.012341826030387441,35.62091503267976,0,-0.7660587781687838,0.06765520267320656,-0.8337139808419903,0.04578457659548636,0.12361898840519595,-1,-1,10.810810810713447,4.897768140636822,0.023517476713086773,0.20117051326869972,6.666666666666667,0.01877728555011586,0.48043060979689034,0.0164079952975539,-0.03847270257929965,0.0010310803913067407,0.7613517996818665,0.43909658704081933,0.4833028256885627,-0.012002845120591799,0.16204002582311164,0.020387821674519753,-0.006762638098426515,0,0.3033654552083433,0.26422806549695466,1.1481197295335295,0,1,0.021044784778883708,-0.05491153142159855,-0.07134292565947242,26.07199761009945,0.030390059318549878,-0.25820835022294575,0.05272412945652993,0.009038089089735246,1.0,IDFCFIRSTB
IDFCFIRSTB,2024-05-13,77.6,78.45,75.85,78.15,22100,8490000,450000,249615000,112132500,-3757500,877500,370237500,0.4492218015744246,0.2076444495650665,16485000,15202500,0.9222020018198362,223912500,42847500,90.0,0.15163147792706325,0.009038089089735246,-0.0351851851851851,-0.0896913220733837,-0.07787610619469021,0.033269353806781934,0.8846153845813625,0.0019367333763717427,81.7275,80.62799999999999,-0.04377351564650822,-0.03073374013990149,0.008997490004607912,32.53424657534248,0,-0.8655060732157551,-0.11897705305781553,-0.7465290201579395,0.15546245826099014,0.1270500608605876,-1,-1,19.999999999826187,10.873588520551491,0.023946622794991303,0.20091053615803187,6.666666666666667,0.016178871948514924,0.41462864587295434,0.01681869082469887,-0.024077169650990958,0.002859709816523068,0.8356529689656064,0.4492218015744246,0.46546748820222883,0.010125214533605265,0.15163147792706325,-0.014829944054702069,0.007887285964675745,0,0.24654619784110055,0.24042340963995976,1.0254666885714796,0,-1,0.0214596642480884,-0.0351851851851851,-0.0896913220733837,25.297070246495966,-0.003380211563859481,-0.1142284569138311,0.022049689440993836,0.001279590531030106,1.0,IDFCFIRSTB
IDFCFIRSTB,2024-05-14,78.4,78.5,77.75,78.25,10400,8610000,120000,251767500,112447500,2152500,315000,372825000,0.4466323095713307,0.26992672349334396,17355000,15412500,0.8880726015557476,225622500,42915000,90.0,0.1501597444089457,0.001279590531030106,-0.003819223424570306,-0.05552202776101378,-0.07451212300413956,0.009584664536741214,0.6666666665777777,0.003198976327575176,81.4125,80.51799999999999,-0.03884538615077526,-0.02816761469485063,0.0012787725527770174,31.118881118881077,0,-0.9255853696135858,-0.28029871675153134,-0.6452866528620544,0.19794599901423165,0.12860411060354965,-1,-1,20.86956521720988,17.226792009249827,0.02396166134185302,0.1996842742490211,3.3333333333333335,0.00392265594813982,0.5318269706279135,0.014639494702635768,-0.017423310544249414,0.0026716737622548316,0.8282696879974728,0.4466323095713307,0.4532413956423764,-0.002589492003093885,0.1501597444089457,0.008623279850970495,0.0028091766437027626,1,0.20424395183493263,0.2410860581521165,0.8471827583714686,0,-1,0.019762729374061854,-0.003819223424570306,-0.05552202776101378,24.88380839411681,-0.00775849855870514,-0.5085066162570911,0.01210618258224505,-0.007667731629392938,0.0,IDFCFIRSTB
IDFCFIRSTB,2024-05-15,78.45,78.5,77.25,77.65,7400,9015000,405000,252405000,111202500,637500,-1245000,372622500,0.44057170024365605,0.21897520285989777,19380000,14617500,0.7542569659442725,223357500,43275000,90.0,0.15904700579523495,-0.007667731629392938,-0.003209242618742003,-0.0655836341756918,-0.0638939119951778,0.016097875080489373,0.31999999997440454,0.002555910543131027,81.14750000000001,80.41,-0.04310052681844789,-0.03432408904365114,-0.007697279825566488,30.375426621160372,0,-1.0099255524244342,-0.4262240841629524,-0.5837014682614818,0.17853034138038953,0.13407338970570792,-1,-1,15.652173912907472,18.84057970998117,0.02460675190874803,0.19810999249345776,1.6666666666666667,0.0,0.4972564542769244,0.012034573235984758,-0.00803630738275316,0.0023727678227092146,0.8432919322945021,0.44057170024365605,0.4453243661183284,-0.00606060932767466,0.15904700579523495,0.002532098066668653,-0.011071833522310412,0,0.19855435028232574,0.23492456742719411,0.8451834236508351,0,-1,0.01968779967392787,-0.003209242618742003,-0.0655836341756918,25.19467733590048,-0.008947322160423044,-0.5942982456140373,0.0036564179225082594,0.003219575016097931,1.0,IDFCFIRSTB
IDFCFIRSTB,2024-05-16,77.75,78.0,77.35,77.9,8400,9315000,300000,251850000,111907500,-555000,705000,373072500,0.44434187016081,0.2803755410595606,20145000,15255000,0.7572598659717051,221827500,43380000,80.0,0.026957637997432532,0.003219575016097931,0.0183006535947714,-0.05917874396135259,-0.05917874396135259,0.008344030808729213,0.8461538460236787,0.0012878300064390767,80.9025,80.363,-0.03711257377707733,-0.03064843273645823,0.0032144032820065594,31.543624161073794,0,-1.0445664273126027,-0.5498925529805753,-0.4946738743320275,0.23030102316930237,0.1376073955247492,-1,-1,17.82608695636683,18.11594202882805,0.02434439757931412,0.1943304080040818,1.6666666666666667,0.0,0.5193529004481101,0.012272679649405682,-0.002778362251458444,0.0071232489010428285,0.8234595376883237,0.44434187016081,0.44397285371820816,0.0037701699171539538,0.026957637997432532,-0.002198847090984727,0.0063397855264045325,0,0.20439416042110678,0.23599266148191625,0.8661038824300847,0,-1,0.01949563270649162,0.0183006535947714,-0.05917874396135259,25.58614520134508,0.010887306645490868,-0.5014836795252254,0.0021153148797292687,0.0012836970474967568,1.0,IDFCFIRSTB
IDFCFIRSTB,2024-05-17,78.05,78.15,77.85,78.0,20100,9832500,517500,254077500,112080000,2227500,172500,375990000,0.44112524721787644,0.2572112985327851,21142500,15397500,0.7282724370344094,222750000,43770000,80.0,0.02564102564102564,0.0012836970474967568,0.007101355713363455,-0.0482001220256254,-0.0556900726392251,0.003846153846153992,0.4999999998333333,0.0019255455712450765,80.6725,80.296,-0.03312776968607645,-0.028594201454617996,0.0012828738128891231,18.725099601593598,-1,-1.0518300614453153,-0.6502800547954106,-0.4015500066499047,0.2635193574775366,0.14008660215499982,-1,-1,28.104575163031367,20.527612010768546,0.020970695970695976,0.1850234213101612,1.6666666666666667,0.0,0.5567192948929808,0.006581843379415942,-0.0017905802848099174,0.008898109405943988,0.7824507827451745,0.44112524721787644,0.4443785857536196,-0.003216622942933567,0.02564102564102564,0.008844550327575938,0.0015414516453320824,1,0.20587275479080736,0.23646652966819742,0.8706211191605829,0,-1,0.01798885089769641,0.007101355713363455,-0.0482001220256254,28.104838629123982,-0.001935877968601174,0.20143454871487632,0.008152578298134205,0.0012820512820512775,1.0,IDFCFIRSTB
IDFCFIRSTB,2024-05-21,77.8,78.55,77.7,78.1,17100,10357500,450000,254310000,114840000,892500,225000,379507500,0.4515748495930164,0.28856767411300666,22297500,16852500,0.7558022199798183,221542500,45412500,80.0,0.024327784891165247,0.0012820512820512775,-0.000639795265515164,-0.03580246913580254,-0.04581551618814905,0.010883482714468557,0.47058823523874743,-0.0025641025641026005,80.485,80.20599999999999,-0.029632850841771807,-0.026257387227888174,0.00128123015604854,25.388601036269378,-1,-1.0375613774782693,-0.7277363194072183,-0.309825058071051,0.29204092121176095,0.14249366276674685,-1,-1,29.411764705497863,25.114142274965342,0.017285531370038416,0.18005480721031683,1.6666666666666667,0.0,0.5983728191929056,0.005906130219733141,-0.004965752259342704,0.010542910809261077,0.7640781318243065,0.4515748495930164,0.4448491953573379,0.010449602375139977,0.024327784891165247,0.0035127077368125865,0.002007494646680942,1,0.20420700434915995,0.23564973218643448,0.8665700672256414,0,0,0.017472260897538328,-0.000639795265515164,-0.03580246913580254,31.515031519077684,-1.6457654454793413e-06,0.008254716981126231,0.012550576502087019,-0.002560819462227748,0.0,IDFCFIRSTB
IDFCFIRSTB,2024-05-22,78.05,78.1,77.55,77.9,9400,10762500,405000,247140000,114330000,-7170000,-510000,372232500,0.46261228453508135,0.20887061608421972,24007500,16897500,0.703842549203374,212737500,45540000,80.0,0.026957637997432532,-0.002560819462227748,-0.004472843450479158,-0.008274984086568904,-0.06426426426426424,0.007060333761232312,0.6363636362479527,-0.0006402048655569419,80.2175,80.116,-0.028890204755820048,-0.02765989315492523,-0.0025641039689375364,22.91666666666663,-1,-1.030500684212143,-0.7882891924152567,-0.24221149179688617,0.29635980587589456,0.14186887259880926,-1,-1,26.797385620564867,28.104575163031356,0.01655052264808362,0.17624073007515376,1.6666666666666667,0.0,0.6879471464001718,0.0051230046568479185,0.0002659155097518795,0.00979820546780933,0.785708233200907,0.46261228453508135,0.44804519035008805,0.011037434942064939,0.026957637997432532,-0.028193936534151233,-0.004440961337513062,-1,0.14016795666039164,0.22430811152200036,0.6248902710063376,-1,-1,0.014868300639033943,-0.004472843450479158,-0.008274984086568904,36.220913872008865,-0.0038428707442790255,-0.3815789473684251,-0.006545498218503587,0.010911424903722544,1.0,IDFCFIRSTB
IDFCFIRSTB,2024-05-23,78.0,79.0,77.75,78.75,20100,10642500,-120000,236797500,112155000,-10342500,-2175000,359595000,0.47363253412726064,0.2629496847570765,57067500,29992500,0.5255618346694704,163897500,48892500,80.0,0.015873015873015872,0.010911424903722544,0.014166130070830674,0.010911424903722544,-0.05857740585774063,0.015873015873015872,0.799999999936,0.0012836970474967176,79.9725,80.05,-0.015286504736002904,-0.016239850093691444,0.010852324829039688,30.049261083743787,0,-0.94545986488869,-0.8197233269294845,-0.12573653795920559,0.38858409165024055,0.1372021730370954,-1,-1,40.277777777218425,32.16230936776037,0.016734693877551023,0.17859961133506724,3.3333333333333335,0.037226755830221295,0.7500219796902262,0.006027989097953368,0.00694739647475946,0.009393745807985658,0.7825798056826163,0.47363253412726064,0.45465735712680894,0.011020249592179288,0.015873015873015872,-0.041848749696528284,-0.01902387824717922,-1,0.14452432254177822,0.22821903908065097,0.6332702260979082,0,0,0.01472261121221487,0.014166130070830674,0.010911424903722544,39.68699056816721,0.013472244365950292,0.32848645076007044,-0.03355331320322674,-0.0031746031746031633,0.0,IDFCFIRSTB
IDFCFIRSTB,2024-05-24,79.05,79.5,78.4,78.5,26600,11895000,1252500,236205000,110655000,-592500,-1500000,358755000,0.4684701847971042,0.2763954270342957,65865000,35850000,0.5442951491687543,160185000,41940000,80.0,0.01910828025477707,-0.0031746031746031633,0.007702182284980763,0.02614379084967311,-0.058752997601918544,0.014012738853503112,0.09090909090082175,0.0038095238095237735,79.72749999999999,79.992,-0.015396193283371384,-0.018651865186518735,-0.003179652917379684,31.937172774869026,0,-0.8879890287444141,-0.8333764672992603,-0.05461256144515381,0.3836561795790344,0.13233357154806086,-1,-1,41.73228346390976,36.26914895389768,0.01637852593266606,0.1800341834105833,5.0,0.05986649835717189,0.7978960222322881,0.006667733384520336,0.007656120041212166,0.008741851592705623,0.7888596933248601,0.4684701847971042,0.4594830200540678,-0.005162349330156413,0.01910828025477707,-0.00250213790263833,-0.013374348000534974,-1,0.10286919595111581,0.22822079116869964,0.45074419109344427,0,0,0.013640224966846217,0.007702182284980763,0.02614379084967311,41.044382305346595,-0.014086028078325707,0.6635397123201898,-0.02833300832033281,0.014649681528662528,1.0,IDFCFIRSTB
IDFCFIRSTB,2024-05-27,78.5,80.05,78.2,79.65,61000,12397500,502500,222862500,102982500,-13342500,-7672500,338242500,0.4620898536092882,0.3054887441558784,52762500,20025000,0.3795309168443497,151147500,53287500,80.0,0.004394224733207712,0.014649681528662528,0.0211538461538463,0.02840542285345382,-0.04496402877697836,0.023226616446955357,0.783783783741421,0.0,79.54,79.964,0.0013829519738495222,-0.003926767045170254,0.01454341156769489,43.07692307692309,0,-0.7411528270214518,-0.8149317392363602,0.0737789122149084,0.5110347619792371,0.12532685125508644,-1,-1,76.76767676612609,52.925912669084745,0.01663527934714375,0.185533738571046,10.0,0.14665789418219385,0.805115330227679,0.009845414731453239,0.02065553989405953,0.006790917066769164,0.7845473802380146,0.4620898536092882,0.46367594133235024,-0.006380331187816002,0.004394224733207712,-0.05648694989521814,-0.06933712891419276,-1,0.10924304497769351,0.23648506535870956,0.46194479455095827,0,0,0.014219826572807093,0.0211538461538463,0.02840542285345382,41.133101272088254,0.01782428470326569,2.0108588351431247,-0.06476685012297245,-0.010671688637790444,0.0,IDFCFIRSTB
IDFCFIRSTB,2024-05-28,79.75,80.2,78.3,78.8,29300,13192500,795000,227565000,102900000,4702500,-82500,343657500,0.452178498450992,0.2919073108888566,56527500,26407500,0.46716200079607273,159735000,44895000,80.0,0.015228426395939123,-0.010671688637790444,0.008962868117797784,0.008317338451695244,-0.08211997670355264,0.024111675126903626,0.2631578947229909,0.0012554927809164383,79.1875,79.94,-0.0048934490923441265,-0.01426069552164122,-0.010729039492224202,51.53374233128835,0,-0.6854369710428472,-0.7890327855894144,0.10359581454656719,0.4516417727357947,0.10119165589299063,-1,-1,67.81609195246394,62.10535072749991,0.015998912255257437,0.18221743099327076,8.333333333333332,0.09432148600695614,0.7413472135759762,0.014909359611654738,0.019324755464339805,0.0024252001589497984,0.8828675518376601,0.452178498450992,0.4637966711039453,-0.00991135515829622,0.015228426395939123,0.02110045431600202,-0.000801106984196344,0,0.1219309176855511,0.2063927148819824,0.590771421831412,-1,-1,0.013304058704819263,0.008962868117797784,0.008317338451695244,40.553382420712005,-0.025321370166452972,0.3965681601525197,-0.030575760268437113,-0.008248730964466877,0.0,IDFCFIRSTB
IDFCFIRSTB,2024-05-29,78.45,79.25,78.0,78.15,52000,14287500,1095000,218242500,98400000,-9322500,-4500000,330930000,0.45087460050173545,0.3315527434913374,18577500,14730000,0.7928946306015341,192330000,41370000,80.0,0.023672424824056227,-0.008248730964466877,0.003209242618742003,-0.0012779552715653786,-0.0567290283645141,0.01599488163787588,0.11999999999040455,-0.004441624365482162,78.9525,79.91199999999999,-0.010164339317944249,-0.022049254179597355,-0.008282939996347697,51.53374233128835,0,-0.685801588079201,-0.7683865460821145,0.08258495800291354,0.3896540167363124,0.09211336033998306,-1,-1,52.87356321717548,65.81911064525515,0.016040581299698393,0.17631870645545433,3.3333333333333335,0.0012305866002261128,0.7105197164311845,0.014625376997463645,0.02289792322665738,0.0005628094139007271,1.0213567406612933,0.45087460050173545,0.46144913429727613,-0.0013038979492565606,0.023672424824056227,-0.04096631731593171,-0.043731778425655975,-1,0.13010970944855554,0.17263185264646938,0.7536830971723236,-1,-1,0.013945080414932729,0.003209242618742003,-0.0012779552715653786,40.12815615042725,0.002422957673323567,1.0684168655528956,-0.044206841576265865,0.0057581573896352545,1.0,IDFCFIRSTB
IDFCFIRSTB,2024-05-30,78.0,79.1,77.85,78.6,97800,16987500,2700000,215940000,93060000,-2302500,-5340000,325987500,0.4309530425118088,0.46936979227789893,48270000,18367500,0.3805158483530143,156997500,46027500,80.0,0.01781170483460567,0.0057581573896352545,-0.0019047619047619646,0.012234385061171693,-0.054151624548736454,0.015903307888040712,0.599999999952,-0.0019193857965451781,78.7275,79.939,-0.0016195103362867114,-0.016750272082462825,0.005741642567675183,64.58333333333337,0,-0.6423890359754267,-0.7431870440556437,0.100798008080217,0.4792227127872061,0.0779461880807126,1,-1,63.21839080314428,61.30268199092789,0.015358051617593607,0.17590365160098848,1.6666666666666667,0.0,0.7539572259228596,0.014732305795094014,0.019094848740740633,0.0004909821969811545,1.010146151213262,0.4309530425118088,0.45291323597418576,-0.01992155798992662,0.01781170483460567,-0.010550190728203719,-0.05426829268292683,-1,0.12561621698928058,0.1741368328619579,0.7213650027546028,-1,-1,0.013925623695687863,-0.0019047619047619646,0.012234385061171693,41.067566284357056,0.014006888354102132,1.8613224107665216,-0.039842186416191305,-0.01717557251908386,0.0,IDFCFIRSTB
RELIANCE,2024-01-01,2601.45,2629.0,2592.0,2613.3,1800900,33224250,-279750,14068000,8095250,781500,301500,55387500,0.5754371623542792,0.4988134333724854,4802500,1897000,0.39500260281103594,7763000,5039500,2600.0,-0.005089350629472384,0.0,0.0,0.0,0.0,0.014158343856426739,0.5756756756741247,0.0,2613.3,2613.3,0.0,0.0,0.0,50.0,0,0.0,0.0,0.0,0.0,0.0,0,0,57.56756756741247,57.56756756741247,0.014158343856426739,0.13512721977245723,100.0,0.0,0.5,0.0,0.0,0.0,0.0,0.5754371623542792,0.5754371623542792,0.0,-0.005089350629472384,0.0,0.0,0,0.0,0.0,0.0,0,0,0.014158343856426739,0.0,0.0,0.0,0.0,0.0,0.0,0.004324034745341043,1.0,RELIANCE
RELIANCE,2024-01-02,2606.65,2629.5,2584.25,2624.6,3089400,33405500,181250,16582750,8283250,2514750,188000,58271500,0.49951003301623675,0.4270835406425588,6368750,1895500,0.2976251226692836,8739500,5241500,2600.0,-0.00937285681627673,0.004324034745341043,0.0,0.0,0.0,0.017240722395793644,0.8917127071803478,-0.002544675314736192,2618.95,2618.95,0.002157353137707929,0.002157353137707929,0.004314712969230168,50.0,0,0.2535256410255897,0.14084757834754985,0.11267806267803987,0.6767766952945216,0.012203832264698476,0,1,89.17127071803478,73.36941914272361,0.0156690543320887,0.15107230679934572,100.0,0.9999999937284757,0.620722120444224,0.0,-0.052069510268562436,0.0,0.0,0.49951003301623675,0.537473597685258,-0.07592712933804247,-0.00937285681627673,0.1787567529144157,0.023223495259565796,1,0.0,0.0,0.0,0,0,0.015699533126110193,0.0,0.0,49.99999999946935,0.0,0.2634807680510398,0.02537414547022232,-0.010896898575020963,0.0,RELIANCE
RELIANCE,2024-01-03,2617.55,2646.5,2590.0,2596.0,2455600,33518250,112750,18793250,8486500,2210500,203250,60798000,0.45157170792704826,0.4256418698866928,6789000,2255250,0.3321917808219178,10844500,4968750,2700.0,0.040061633281972264,-0.010896898575020963,0.0,0.0,0.0,0.021764252696456085,0.10619469026529876,-0.0026861235997865302,2611.2999999999997,2611.2999999999997,-0.005859150614636266,-0.005859150614636266,-0.010956704638205677,28.320802005012098,-1,-0.5638423004998003,-0.1479597490489051,-0.41588255145089525,0.23445822487902016,0.022064892094571017,0,-1,18.875502008001806,55.204780097816354,0.017815870570107858,0.17124375074570386,100.0,0.9999999972311848,0.15336117724973813,0.015220933320362007,-0.047713448835318584,0.0,1.0022779484887934,0.45157170792704826,0.5088396344325213,-0.047938325089188494,0.040061633281972264,0.13330117139798886,0.024537470195877223,1,0.17085455277517836,0.17085455277517836,0.9999999994147069,0,0,0.01772110631622549,0.0,0.0,45.79124579082219,-0.015220933320362007,0.0028451244912126583,0.04549545160125423,0.006548536209553202,1.0,RELIANCE
RELIANCE,2024-01-04,2597.35,2622.5,2590.0,2613.0,1955600,32852500,-665750,19900000,8553750,1106750,67250,61306250,0.4298366834170854,0.4255035630829837,8750000,2019500,0.2308,9805750,5436000,2600.0,-0.004975124378109453,0.006548536209553202,0.0,0.0,0.0,0.012437810945273632,0.7076923076901301,0.0005200308166409511,2611.725,2611.725,0.000488183097378192,0.000488183097378192,0.0065271876966319165,49.736379613356604,0,-0.3080003953969026,-0.2021740601424002,-0.10582633525450241,0.5270312418498699,0.018059958179848578,0,-1,46.1847389557491,51.410503893928556,0.016384424033677764,0.1597710322183044,75.0,0.6823416234484966,0.35468391623294665,0.016333184052468086,-0.034595515886374516,0.0,1.0599550342490918,0.4298366834170854,0.4890888966786624,-0.02173502450996284,-0.004975124378109453,0.058890825163290014,0.007924350438932422,1,0.1507337829906116,0.1507337829906116,0.9999999993365787,0,0,0.016400282473487526,0.0,0.0,43.686868686486335,0.017445434784574165,-0.1590173627909477,0.04013242097740011,0.0026215078453883933,1.0,RELIANCE
RELIANCE,2024-01-05,2613.05,2633.9,2604.0,2619.85,2635400,32893750,41250,20885000,8921750,985000,368000,62700500,0.4271845822360546,0.486257312521507,9428500,2072750,0.21983878665747467,10078500,5779750,2600.0,-0.007576769662385217,0.0026215078453883933,0.0,0.0,0.0,0.011412867148882604,0.530100334446383,1.9135093762029047e-05,2613.35,2613.35,0.002487229035529115,0.002487229035529115,0.0026180776871799916,55.13725490196061,0,0.11008171739695172,-0.1092850258910461,0.21936674328799782,0.6499177009155707,0.016590629527496403,0,1,57.18875501998831,40.74966532791307,0.015355840983262408,0.1509663821564575,40.0,0.4385571347336053,0.3950553008202641,0.01219779882303366,-0.03163223177664243,0.0,1.2093670970217725,0.4271845822360546,0.4767080337901408,-0.0026521011810308193,-0.007576769662385217,0.04949748743718593,0.043022066345170244,1,0.12483089907712522,0.12483089907712522,0.9999999991989164,-1,0,0.015402799408566542,0.0,0.0,46.37411458951279,-0.0039270283641648085,0.10388794410609115,0.050387191074293014,-0.010305933545813661,0.0,RELIANCE
RELIANCE,2024-01-08,2621.95,2638.8,2575.0,2592.85,2740300,32875000,-18750,22036250,9382750,1151250,461000,64294000,0.4257870554200465,0.48847861813350085,8893000,2568750,0.28885078151355,11853250,5647250,2600.0,0.0027575833542241514,-0.010305933545813661,-0.00782535491524139,0.0,0.0,0.02460612839153834,0.2797805642628821,0.000801572609118808,2609.9333333333334,2609.9333333333334,-0.006545505632327808,-0.006545505632327808,-0.010359407394840129,38.7327823691458,0,-0.7951992134721877,-0.29520590681663095,-0.49999330665555675,0.16653817149148323,0.019628950220810768,-1,-1,24.965034964999923,42.77950964691244,0.017030809083955253,0.1675302819342517,83.33333333333334,0.8971809085451479,0.26050255389894755,0.012380209465075759,-0.030388679497118744,0.0,1.2579587935020056,0.4257870554200465,0.44677801240329434,-0.0013975268160080767,0.0027575833542241514,0.05512329423030883,0.05167147700843444,1,0.13317628739020276,0.13317628739020276,0.9999999992491155,0,0,0.016936687572395175,-0.00782535491524139,0.0,40.781191679535404,-0.012927441391202055,0.12022729130896903,0.04587220135976078,-0.000327824594558046,0.0,RELIANCE
RELIANCE,2024-01-09,2606.3,2617.0,2589.3,2592.0,1556000,32605750,-269250,21988250,9374000,-48000,-8750,63968000,0.4263186019806033,0.5015235411683753,8869750,2605250,0.29372304743651173,11827000,5611250,2600.0,0.0030864197530864196,-0.000327824594558046,-0.012420940333765063,0.0,0.0,0.010686728395061658,0.09747292418736782,0.005187342113890226,2607.371428571428,2607.371428571428,-0.005895373556290773,-0.005895373556290773,-0.0003278783407869894,38.37336244541468,0,-1.4005740962934397,-0.5749451070332638,-0.8256289892601758,0.21564660759496324,0.020732559251136432,-1,-1,23.776223776190523,35.31000458705959,0.016129298941798948,0.15977216304804562,71.42857142857143,0.6823729340341925,0.2729271453238679,0.01189978936231173,-0.018960685926312903,0.00029444128917923904,1.338394278812407,0.4263186019806033,0.4321397261961676,0.0005315465605567615,0.0030864197530864196,-0.0021782290543990016,-0.0009325624150702086,-1,0.11937600559378982,0.11937600559378982,0.9999999991623107,0,0,0.01604383626134753,-0.012420940333765063,0.0,36.78624674383648,0.009978108951255615,-0.32902939654535146,0.021635162469345603,0.026446759259259434,1.0,RELIANCE
RELIANCE,2024-01-10,2591.95,2671.35,2580.6,2660.55,4316300,33327000,721250,21843750,10561250,-144500,1187250,65732000,0.4834907010014306,0.34643035116270143,10905750,2070750,0.18987689980056394,6436000,8214750,2700.0,0.014827761177200133,0.026446759259259434,0.024865177195685817,0.0,0.0,0.034109488639567004,0.8809917355362222,-1.92901234568603e-05,2614.01875,2614.01875,0.017800656556116845,0.017800656556116845,0.026103089847539954,64.75179519200753,0,1.4762477078456868,-0.08200490092841878,1.5582526087741055,1.0150883368555674,0.03455845392412648,1,1,88.79086663197869,45.844041791056384,0.018013192760895306,0.1894930601601134,100.0,0.9999999981606097,0.5166925511494694,0.014210519469002824,-0.015804466074712354,0.000968750682533168,0.9513964076026861,0.4834907010014306,0.4385235248110441,0.057172099020827316,0.014827761177200133,-0.006571691698975589,0.12665350970770214,0,0.19917361317608445,0.19917361317608445,0.9999999994979254,1,1,0.018302042808624963,0.024865177195685817,0.0,36.99968138201303,0.02677458385381748,0.6803523200077861,0.033519575032448845,0.02364172821409083,1.0,RELIANCE
RELIANCE,2024-01-11,2674.5,2729.2,2666.1,2723.45,7755900,34349250,1022250,22098250,14962750,254500,4401500,71410250,0.677101127917369,0.38164550512564444,7674750,2930750,0.3818691162578586,6690500,11499000,2700.0,-0.00861040224714969,0.02364172821409083,0.042269422120168265,0.0,0.0,0.02316914208081658,0.9088748019003028,0.0052432767660821325,2626.1777777777775,2626.1777777777775,0.037039465890436496,0.037039465890436496,0.023366590605924373,74.69177314503474,1,6.56662893190196,1.4538624984979296,5.11276643340403,1.0769015392860168,0.0642041377394073,1,1,96.27107652393238,69.61272231070053,0.018442702373011346,0.1935038552903053,100.0,0.9999999982869858,0.6779843852637197,0.011282438721121713,-0.03140950924077095,0.0021605625262618687,0.8840498348378761,0.677101127917369,0.48797641371110084,0.19361042691593838,-0.00861040224714969,0.011650929899856938,0.41675937980826133,1,0.21888342441394895,0.21888342441394895,0.9999999995431358,1,1,0.018842831616646252,0.042269422120168265,0.0,39.39488641090976,-0.0028050310451686045,1.466070078500922,0.08822334940289656,0.007839321448897651,1.0,RELIANCE
RELIANCE,2024-01-12,2729.0,2749.0,2700.7,2744.8,4657000,33634500,-714750,21197500,15972500,-900750,1009750,70804500,0.753508668475056,0.5055463999342223,6558750,3563750,0.5433581093958453,6899250,11792750,2700.0,-0.016321772078111405,0.007839321448897651,0.04769357024257115,0.0,0.0,0.01759691052171385,0.9130434782589832,0.0020378563953809257,2638.04,2638.04,0.040469439432305965,0.040469439432305965,0.007808753618610367,76.90261865793784,1,11.18179629620954,3.6334843749673045,7.548311921242236,0.988385859365211,0.08286365924858957,1,1,97.58620689649575,94.21605001746894,0.018229014864470993,0.1911943865268172,90.0,0.9604384727032467,0.6956079965053539,0.013657514401327387,-0.025164498190012853,0.002716290902624841,0.9317359234413746,0.753508668475056,0.5532412309589011,0.07640754055768706,-0.016321772078111405,-0.04076114624461213,0.0674842525605253,0,0.20520233429174384,0.20520233429174384,0.999999999512676,1,1,0.018718239507153015,0.04769357024257115,0.0,41.72727197725912,-0.015802406765193178,0.41282188190180324,0.052984195087129704,0.016303555814631387,1.0,RELIANCE
RELIANCE,2024-01-15,2750.0,2794.9,2734.95,2789.55,3081300,33542750,-91750,23541750,16750250,2344250,777750,73834750,0.7115125256193784,0.42021163485393126,7931750,2750000,0.3467078513568885,5184000,13762000,2700.0,-0.03210195192773034,0.016303555814631387,0.07586246794068319,0.06744346228905984,0.0,0.021490921474789936,0.91075896580332,0.0018944914019235711,2651.8136363636363,2651.8136363636363,0.05194043870490006,0.05194043870490006,0.01617207993990791,80.47726093722986,1,16.74405578712185,6.502002486979756,10.242053300142096,0.9983259264711856,0.10422985428968212,1,1,97.56707594356641,97.14145312133151,0.018259706273902117,0.1926574158211649,90.9090909090909,0.9855003708216167,0.7616859918166227,0.012764872996233722,-0.028641088327782026,0.0015472154035049302,0.9591361250369513,0.7115125256193784,0.6103863249987673,-0.041996142855677654,-0.03210195192773034,0.11059087156504305,0.04869306620754422,1,0.2008655608898362,0.2008655608898362,0.9999999995021546,0,1,0.019451497268989332,0.07586246794068319,0.06744346228905984,44.275638959693744,0.008464234365733736,-0.10016120177088317,0.06774919414200165,-0.013478876521302863,0.0,RELIANCE
RELIANCE,2024-01-16,2783.8,2792.45,2746.85,2751.95,3263400,31734500,-1808250,24296250,15640750,754500,-1109500,71671500,0.6437516077583989,0.5596578773184114,10099250,5259000,0.5207317375052603,6929000,10012750,2800.0,0.017460346299896505,-0.013478876521302863,0.06170910493827164,0.0485216794940182,0.0,0.016570068496883996,0.11184210526291086,-0.002061264361635389,2660.1583333333333,2660.1583333333333,0.03450609142939487,0.03450609142939487,-0.013570541200615911,71.21652639632741,1,18.528822052054238,9.084858944220429,9.44396310783381,0.8189584697940278,0.10818364990165291,1,1,80.46839472483823,91.87389252163346,0.018347595947116293,0.18993950755802025,75.0,0.9389422190134695,0.6523578024597226,0.016725737673169448,-0.02379547286408381,0.002593154241331842,0.8898024552749697,0.6437516077583989,0.6538729261543266,-0.06776091786097949,0.017460346299896505,0.032049444072764346,-0.06623781734600977,0,0.2249942805168712,0.21346255715864962,1.054022229501583,1,1,0.019384431879098368,0.06170910493827164,0.0485216794940182,46.39927811172151,-0.02978243233593425,-0.05180028358243649,0.013875960877401061,-0.009211649920965126,0.0,RELIANCE
RELIANCE,2024-01-17,2730.6,2772.4,2715.7,2726.6,3101800,30030500,-1704000,24437750,14483500,141500,-1157250,68951750,0.5926691287045657,0.5937417047920925,6425250,4436500,0.6904789696898953,11242000,9183750,2800.0,0.026919973593486426,-0.009211649920965126,0.0248256939354643,0.050308166409861244,0.0,0.0207951294652682,0.1922398589061872,-0.007758135140536678,2665.269230769231,2665.269230769231,0.023011097161493188,0.023011097161493188,-0.009254339531502708,66.08917921045153,0,18.174685521973515,11.008582056288034,7.166103465685481,0.7150275326012218,0.10701465474256949,1,1,68.94042746699905,82.32529937846789,0.018693328969863858,0.1904918344362828,76.92307692307693,0.9484036563233934,0.6627069628416701,0.0122242662224735,-0.010690727084470275,0.002578406518606061,0.8926253405803694,0.5926691287045657,0.6757086116949536,-0.05108247905383323,0.026919973593486426,0.005823944024283583,-0.07398941866598469,0,0.22183083565444797,0.21340625869210234,1.0394767093993844,0,1,0.01928751955597958,0.0248256939354643,0.050308166409861244,46.712726448626775,0.004267226600337737,-0.11536377377862705,-0.033403168590816046,0.004144355607716532,1.0,RELIANCE
RELIANCE,2024-01-18,2714.75,2745.0,2706.9,2737.9,2956500,28931500,-1099000,25902250,14439000,1464500,-44500,69272750,0.557441921068633,0.5552924189305225,6964500,3817250,0.5481010840692081,12081750,9797750,2800.0,0.022681617297929037,0.004144355607716532,0.005305770254640407,0.04779946421737469,0.0,0.013915774863946786,0.8136482939611209,-0.004346072031100972,2670.457142857143,2670.457142857143,0.025255173004087084,0.025255173004087084,0.004135791419887523,67.1436433681893,0,18.328463113782163,12.539906634994331,5.788556478787832,0.7367902349094491,0.10665631128630476,1,1,74.07912687581899,74.49598302255208,0.018280433909200488,0.1869852431525337,57.14285714285714,0.8883352531577101,0.6479428207219337,0.014334461119176111,0.005655160211269194,0.000576423114926285,0.9150973628600966,0.557441921068633,0.6517767703252064,-0.03522720763593268,0.022681617297929037,0.05992777567492916,-0.0030724617668381263,0,0.22169152064980968,0.20433371425813074,1.08494832263097,0,-1,0.019435315947846896,0.005305770254640407,0.04779946421737469,46.647178345397734,0.013356005528681658,-0.18020513588380627,-0.023048483895465988,0.0008765842433982041,1.0,RELIANCE
RELIANCE,2024-01-19,2751.85,2752.8,2717.25,2740.3,3080100,29881250,949750,28848750,16496750,2946500,2057750,75226750,0.5718358681052038,0.6161595531658887,7734500,4734250,0.6120951580580516,14257750,10941000,2800.0,0.0217859358464401,0.0008765842433982041,-0.0016394637132031153,0.045975914651602334,0.0,0.01297303214976469,0.6483825597731427,0.005095145914752116,2675.1133333333332,2675.1133333333332,0.02436781494615814,0.02436781494615814,0.0008762002678052364,67.35921268452705,0,18.353000536462332,13.744923165262065,4.608077371200267,0.7297074653662282,0.10608194604072044,1,1,75.17053205999316,72.73002880093706,0.018226627950015912,0.1834566146901897,53.333333333333336,0.8278893500151666,0.6372271947709613,0.011827534039001142,-0.0132313955569483,0.0006641823016417109,0.9327969768690023,0.5718358681052038,0.615442210251236,0.01439394703657082,0.0217859358464401,0.11375459660840274,0.14251333194819585,1,0.22233653617232066,0.19667368049658013,1.130484442544097,0,0,0.0195913324479351,-0.0016394637132031153,0.045975914651602334,50.02210465704222,-0.003267771364318328,-0.1563357674630087,0.047850372258554374,-0.030069700397766685,0.0,RELIANCE
RELIANCE,2024-01-23,2733.3,2742.0,2647.05,2657.9,5718800,21176500,-7881250,29798250,13896500,-1316750,-2518500,64871250,0.46635288985091405,0.7338075308724463,7754000,4775250,0.6158434356461181,20028250,6658750,2800.0,0.053463260468791116,-0.030069700397766685,-0.04719399186248685,0.02508822338353567,0.0,0.035723691636254114,0.11427066877291735,-0.0025544648396161004,2674.0375,2674.0375,-0.006034881709774065,-0.006034881709774065,-0.030531066146652193,53.810940718699946,0,13.143409347818306,13.621136105805553,-0.47772675798724684,0.4412537873465146,0.10272801321486484,1,1,37.698954070014715,62.316204335275614,0.02012732930939034,0.19648925645002221,100.0,0.9999999983703278,0.5158573349523389,0.016323944094087373,0.022859518633329447,0.0012124437537188275,0.8392705821488222,0.46635288985091405,0.5664102830975432,-0.10548297825428976,0.053463260468791116,-0.04564322544304346,-0.1526664342976647,-1,0.27525680049421003,0.23411907976449606,1.1757128067200835,1,1,0.02070308877240668,-0.04719399186248685,0.02508822338353567,44.394766673088945,-0.03094628464116489,0.4482704478171353,-0.07325197003377204,0.011926709056021556,1.0,RELIANCE
RELIANCE,2024-01-24,2662.2,2697.3,2643.75,2689.6,5535500,12913750,-8262750,24454750,13237500,-5343500,-659000,50606000,0.5413058812705098,0.5714297218508912,7643750,4901500,0.6412428454619787,14310000,7105000,2800.0,0.041046995835812054,0.011926709056021556,-0.022656661639927966,0.03765432098765431,0.0,0.019910023795359975,0.8562091503251938,0.0016178185785769694,2674.9529411764706,2674.9529411764706,0.005475632336577663,0.005475632336577663,0.011856146361281102,60.63636363636361,0,10.96900148675013,13.07848987518437,-2.10948838843424,0.5549806473687449,0.09959199461281051,1,1,52.11459754431458,54.99469455810748,0.019811761706467253,0.19618073463073904,94.11764705882352,0.9949721043256508,0.5911127780292978,0.01876673951765817,0.06098000318576715,0.0017009860346025342,0.8524795276525947,0.5413058812705098,0.5459211377999653,0.07495299141959577,0.041046995835812054,-0.1793226112271694,-0.04742201273702011,-1,0.27844241392921837,0.23012955523483175,1.2099376523979843,1,1,0.02162541831243651,-0.022656661639927966,0.03765432098765431,42.874844817441065,0.04199640945378824,0.2735065544579056,-0.23074467551458755,0.005577037477691782,1.0,RELIANCE
RELIANCE,2024-01-25,2687.05,2720.95,2667.1,2704.6,4822200,4323500,-8590250,20215500,12266500,-4239250,-971000,36805500,0.6067868714600183,0.6224793877324654,5255000,3301000,0.628163653663178,11670000,7700250,2800.0,0.035273238186792906,0.005577037477691782,-0.008068656935377394,0.016556726992539073,0.0,0.019910522812985252,0.6963788300822734,-0.0009480963712075131,2676.6000000000004,2676.6000000000004,0.010461032653366065,0.010461032653366065,0.005561543384908203,60.45662100456619,0,10.114846679851325,12.47488770610274,-2.360041026251414,0.6077101883926818,0.09712203468816975,1,1,58.935879945402874,49.58314385324405,0.020265737737822344,0.19587328049163427,88.88888888888889,0.989961609967074,0.4629512172268228,0.01918322851325658,0.10793147855708,0.0023980158841903545,0.8772872712139637,0.6067868714600183,0.5487446863510559,0.06548099018950848,0.035273238186792906,-0.17335078052321123,-0.07335221907459868,-1,0.24917362475258265,0.2232715403847841,1.1160115803902189,0,0,0.020205521729778336,-0.008068656935377394,0.016556726992539073,41.74517572247883,-0.006349671578329774,0.0966399454204332,-0.37992416999332,0.0918250388227464,1.0,RELIANCE
RELIANCE,2024-01-29,2771.0,2962.0,2770.95,2952.95,30800,31500,31500,15396000,10823750,6744750,4978750,26251250,0.7030235126006755,0.3495303479885447,6264750,1116500,0.17821940221078256,3695750,9648500,2800.0,-0.05179566196515343,0.0918250388227464,0.07854560064282845,0.08426811580899218,0.0,0.06469801385055629,0.9526302015174277,0.02455076536271541,2691.1447368421054,2691.1447368421054,0.09728397717660742,0.09728397717660742,0.08785064362768957,74.51066961000734,1,25.266748779513364,15.070669072770983,10.196079706742381,1.2313844879424407,0.1330134543190062,1,1,97.66149870798506,69.57065873256751,0.024064313410560395,0.24002671251646504,100.0,0.9999999990467066,0.8816668857798728,0.03376162767653117,0.16621404721978741,0.020182949450386622,0.6008414936610736,0.7030235126006755,0.5778610046574644,0.09623664114065722,-0.05179566196515343,0.3336425020405135,0.40588187339501897,1,0.512651029560284,0.39948424832286406,1.2832822109612443,1,1,0.02435840890675231,0.07854560064282845,0.08426811580899218,41.37524008844934,0.08624800134505461,-0.9915028388243019,-0.48275590295189463,-0.024416261704397257,0.0,RELIANCE
RELIANCE,2024-01-30,2965.0,2965.25,2876.0,2880.85,23300,38750,7250,17528750,9694000,2132750,-1129750,27261500,0.5530343007915567,0.5696565166225358,4897750,1126500,0.2300035730692665,8954000,8057000,3000.0,0.04135932103372272,-0.024416261704397257,0.051290004744006135,0.04956645292917505,0.0,0.03098043980075325,0.054341736694615964,0.004080665097614312,2700.63,2700.63,0.06673257721346504,0.06673257721346504,-0.024719281192982712,69.87303339773666,0,31.94034327939744,18.483956438145707,13.456386841251732,0.9650458271853574,0.14349677668827038,1,1,78.05797478224929,78.2184511452124,0.025297593220254943,0.24285097013163345,100.0,0.9999999990716997,0.6835844233116181,0.05635633350909623,0.17570729148275244,0.023241699086635613,0.5998699477042917,0.5530343007915567,0.5741006911947348,-0.14998921180911884,0.04135932103372272,0.13852624058196936,-0.1043769488393579,0,0.5388463702374513,0.40483936726792125,1.3310127761061918,1,1,0.025696761834656245,0.051290004744006135,0.04956645292917505,44.744728854567086,-0.11624130052714365,-0.9926297775964218,-0.33765558527761785,0.01209712411267505,1.0,RELIANCE
RELIANCE,2024-01-31,2885.85,2926.7,2885.8,2915.7,11100,40250,1500,17345500,9897000,-183250,203000,27282750,0.5705802657749849,0.4568163684946102,4878750,1068250,0.21895977453241097,8467750,8395500,3000.0,0.02891243955139424,0.01209712411267505,0.09699386733887638,0.04522234769048761,0.11571576168063347,0.014027506259217217,0.7310513447414865,0.0017355988683895379,2715.75,2710.8714285714286,0.07362607014636824,0.07555820215955844,0.01202453870356829,71.33535460057999,1,39.01937639497146,22.629274237787953,16.390102157183506,0.9727864711230026,0.1557279546757115,1,1,87.11815936563441,87.61254428528959,0.025439860067908233,0.24282442902135884,95.23809523809523,0.9997536178404347,0.657752605428551,0.05746975374427772,0.1480199639949066,0.01833470075504885,0.6151354460739806,0.5705802657749849,0.5949461663795491,0.017545964983428197,0.02891243955139424,-0.010454253726021536,0.020940788116360635,0,0.5368617447895051,0.39474953119616113,1.3600060347803786,1,1,0.024950420313098978,0.09699386733887638,0.04522234769048761,48.114217620685075,0.03651338581707231,-0.996111198696726,-0.18901264513367455,-0.0036183420790889542,0.0,RELIANCE
RELIANCE,2024-02-01,2918.0,2940.0,2893.0,2905.15,6600,42750,2500,17925000,10012500,579500,115500,27980250,0.5585774058577406,0.469133039299585,5462750,1086250,0.19884673470321723,8899250,8528750,3000.0,0.03264891657917832,-0.0036183420790889542,0.08014202855443187,0.05566961609040866,0.10689247885392072,0.01617816635974046,0.25851063829732424,0.0007888328703227979,2729.7774999999997,2719.7022727272724,0.06424424701280618,0.06818677512327986,-0.0036249041126933143,67.4564658863831,0,43.32745431382136,26.7996824340665,16.527771879754862,0.8933685521244937,0.16331820799045807,1,1,81.30637636078345,82.16083683622237,0.024456568507650215,0.24243481982623424,90.9090909090909,0.9961368741468307,0.7183064306154705,0.052213565091872874,0.09892665153361838,0.019461792717317773,0.6119919161116595,0.5585774058577406,0.5984004712969953,-0.012002859917244257,0.03264891657917832,0.03340924159003776,0.011670203091846014,1,0.5296292788042094,0.39614055902137474,1.3369731187811411,1,1,0.024911230099384625,0.08014202855443187,0.05566961609040866,49.426610056092656,-0.015715466191764005,-0.9973899322568781,-0.03901601339458205,0.02139304338846526,1.0,RELIANCE
RELIANCE,2024-02-02,2933.6,3002.0,2933.6,2967.3,27600,57000,14250,16565250,10847250,-1359750,834750,27469500,0.6548195771268167,0.5002779177298508,4908000,720750,0.1468520782396088,5125250,9908750,2900.0,-0.022680551342971787,0.02139304338846526,0.09713081416845393,0.08827844201569723,0.1430277349768876,0.023051258720048557,0.4926900584788152,0.009792953892225812,2748.3424999999997,2730.467391304348,0.07966892772643885,0.08673702145276918,0.021167424349063525,67.42159034078733,0,50.37726353091102,31.543199435558865,18.834064095352158,0.9612022482642274,0.17274184596073525,1,1,90.31402651776968,86.24618741472916,0.0246231542864846,0.24304819511605122,100.0,0.9999999990733961,0.9062507311418876,0.05594590786971776,0.04803647740759827,0.019133079945714247,0.6151124048605551,0.6548195771268167,0.6080070124303549,0.09624217126907608,-0.022680551342971787,-0.07585774058577406,0.08337078651685394,0,0.5274362094676027,0.39512809875723215,1.3348486503314363,1,1,0.02513684302486266,0.09713081416845393,0.08827844201569723,49.33006017926838,0.025011385467554215,-0.9875745638716938,0.008090190300212408,-0.012705152832541478,0.0,RELIANCE
RELIANCE,2024-02-05,2957.55,2991.6,2921.0,2929.6,22100,70750,13750,17909250,9944500,1344000,-902750,27924500,0.5552717171294164,0.5816505381653003,5009750,1414000,0.2822496132541544,9318500,8068500,3000.0,0.024030584380120186,-0.012705152832541478,-0.007907346890397737,0.07001716644143308,0.12116341370072714,0.024098853085745463,0.12181303116129942,-0.0032858153877262154,2764.1724999999997,2738.7645833333336,0.059847024742486266,0.06967937946473723,-0.0127865534936586,62.90142418318903,0,52.666322318482344,35.787868896938846,16.878453421543497,0.842409666642218,0.17478193688085822,1,1,79.79064898811448,83.80368395555587,0.02548373254271671,0.2468962422795281,100.0,0.9999999991052978,0.8027774159218831,0.04551594684490819,-0.0126277704538031,0.0068107892811472386,0.6152769966636812,0.5552717171294164,0.5784566533361031,-0.09954785999740035,0.024030584380120186,0.08113369855571151,-0.08322385858166817,0,0.5384237066273273,0.40127656901978614,1.3417770885760365,1,0,0.02615515084704253,-0.007907346890397737,0.07001716644143308,48.549958826500415,-0.03409819622100674,-0.988536214668458,0.012355122771781968,-0.004881212452211847,0.0,RELIANCE
RELIANCE,2024-02-06,2932.95,2932.95,2901.0,2915.3,21000,96500,25750,19065000,9738750,1155750,-205750,28900250,0.5108182533438238,0.5203489228774344,5820000,1688750,0.29016323024054985,10231000,7559000,3000.0,0.029053613693273354,-0.004881212452211847,0.011958276203203999,0.0638616209904026,0.11277363207817248,0.0109594209858333,0.447574334896886,0.0011435008192244365,2778.945,2745.8259999999996,0.04906718197013604,0.06172058972418526,-0.004893164479164159,59.16879329201604,0,52.833182459808086,39.20985952458846,13.623322935219626,0.7834401923258862,0.17311299984475323,1,1,75.7990230285902,81.96789951149145,0.024922698472590415,0.24680076325034145,96.0,0.9991457460487749,0.7674186210603021,0.02383247481554538,-0.011919480922475056,0.011492854226183577,0.6124067718530959,0.5108182533438238,0.5700134438465565,-0.04445346378559256,0.029053613693273354,0.06453369069056493,-0.020689828548443864,0,0.5411127378933742,0.40300136205597564,1.3427069700174974,1,0,0.02595378973064939,0.011958276203203999,0.0638616209904026,46.5128072909387,0.00782394038032963,-0.9870522227017695,0.035426321455889864,0.0078036565705073,1.0,RELIANCE
RELIANCE,2024-02-07,2934.0,2955.0,2914.6,2938.05,25700,85750,-10750,18881500,9800000,-183500,61250,28767250,0.5190265603897996,0.3438219637162451,5511500,1377000,0.24984124104145877,9771250,7977500,3000.0,0.021085413794863877,0.0078036565705073,0.007665397674657903,0.10540276157868989,0.13313535298995327,0.013750616905770865,0.5804455445530241,0.006414434192021342,2796.205,2753.2192307692308,0.050727682698514576,0.06713260141624433,0.007773365527779799,63.86942912505592,0,53.94133716037959,42.16508667776744,11.776250482612149,0.8034046146424788,0.16719482911709058,1,1,82.14933705510622,79.2463363572703,0.02460329616096196,0.2430012577202849,88.46153846153845,0.9651514832250419,0.9999999938589712,0.019066771456674746,-0.010843176148420031,0.011841303202777705,0.6096481462828627,0.5190265603897996,0.5597027027695194,0.008208307045975749,0.021085413794863877,-0.00962496721741411,0.006289308176100629,0,0.5009364165704707,0.3985926294387076,1.256762868772074,1,0,0.023756482257601064,0.007665397674657903,0.10540276157868989,44.653924617988174,0.012684869022719147,-0.975584035569405,0.019813282237351793,0.008509045114957203,1.0,RELIANCE
RELIANCE,2024-02-08,2941.8,2975.0,2920.0,2963.05,8100,79750,-6000,18067750,10032750,-813750,232750,28180250,0.5552849690747326,0.3944169625537796,5984750,624000,0.10426500689251848,5613250,9178000,3000.0,0.012470258686151032,0.008509045114957203,0.019930124089978074,0.10166939321832258,0.14315200617283952,0.018561954742579434,0.7827272727258529,0.0012763567672435798,2814.7575,2760.990740740741,0.05268393458406284,0.07318360626050091,0.008473047251390862,67.63104913876671,0,55.94648372234951,44.92804651365217,11.018437208697343,0.8306873025196293,0.15931647263930243,1,1,89.12770411721174,82.35868806696938,0.024354731008348052,0.24518864641972538,92.5925925925926,0.984722099916666,0.9790120214475707,0.016064755927211925,-0.0016490255772773521,0.011875304219238937,0.616359639401605,0.5552849690747326,0.5590442154129178,0.03625840868493302,0.012470258686151032,-0.04309774117522443,0.02375,0,0.5009576977346119,0.3978012684220072,1.259316491362314,1,0,0.02362167535232301,0.019930124089978074,0.10166939321832258,44.960329834842476,0.0007053885444499031,-0.9837951385415624,-0.0024107602744939394,0.00293616375018968,1.0,RELIANCE
RELIANCE,2024-02-09,2975.0,2991.0,2961.0,2971.75,11700,86750,7000,18669750,10211500,602000,178750,28968000,0.5469542977276075,0.43366267567783895,6875000,753000,0.10952727272727272,5669000,9222250,3000.0,0.009506183225372255,0.00293616375018968,0.001499679843628865,0.09877615913628635,0.11696829602901637,0.010095061832253723,0.3583333333321389,0.004033006530433107,2830.3175,2768.5178571428573,0.04997054217415542,0.07340828318401416,0.0029318616404808355,67.5050527734112,0,57.47996730841851,47.443295872433595,10.036671435984914,0.8180482868704717,0.15711621233940945,1,1,91.55617585482442,87.6110723423808,0.024088740400677808,0.23484194889363016,67.85714285714286,0.8921499606534508,0.9627943400457107,0.012177055106654589,-0.010890609945024932,0.01561065461110323,0.6002231762364759,0.5469542977276075,0.5374711595330759,-0.008330671347125063,0.009506183225372255,0.03331903529769894,0.017816650469711693,1,0.5018086264307752,0.391257715681883,1.282552665901985,1,0,0.02264012925424986,0.001499679843628865,0.09877615913628635,45.89011974896444,-0.0055728813647675235,-0.3776595744680884,0.01471028669208585,-0.003836123496256394,0.0,RELIANCE
RELIANCE,2024-02-12,2966.8,2980.8,2944.45,2960.35,6400,89250,2500,18627000,10095250,-42750,-116250,28811500,0.541968647661996,0.5660316937490846,6598250,717250,0.10870306520668359,5937000,9131750,3000.0,0.013393686557332779,-0.003836123496256394,0.010496313489896325,0.002505968607663611,0.08698525766950005,0.012278953502119805,0.43741403026014275,-0.001665685202321803,2842.1625,2775.13275862069,0.0415836532921674,0.06674175885962574,-0.0038435002895656632,66.25304675382229,0,57.186201105378586,49.39489687530029,7.791304230078296,0.7642710700437921,0.1573522719881893,1,1,88.37404047450427,89.68597348218015,0.024200806371833444,0.23097241217586365,65.51724137931035,0.8575291271925548,0.37533639502362925,0.006711873311742456,-0.00649734225472991,0.018075214765871907,0.59714628419186,0.541968647661996,0.5348105456395918,-0.004985650065611469,0.013393686557332779,-0.0022898003454786485,-0.011384223669392351,-1,0.20859911329768127,0.38679368561881355,0.5393033056111626,1,-1,0.01739822321940621,0.010496313489896325,0.002505968607663611,46.31394740783878,-0.006772287246446074,-0.6088019559902225,0.0029956014614218596,0.008124039387234605,1.0,RELIANCE
RELIANCE,2024-02-13,2975.0,3005.3,2969.55,2984.4,8300,90500,1250,18614000,10712750,-13000,617500,29417250,0.5755211131406468,0.4650813877014138,6509500,783250,0.12032414163914279,5435750,9745750,3000.0,0.005227181342983484,0.008124039387234605,0.023702534902068306,0.03594425256434741,0.08729233459632746,0.011978957244337219,0.4153846153834509,0.0049487391693550055,2854.1425,2782.108333333333,0.04563805065794724,0.07271164254926576,0.008091217026191243,76.39023601681218,1,58.03989727709995,51.12604000705676,6.913857270043195,0.7865443244681288,0.1592704749697313,1,1,94.21933342550288,91.38318325161053,0.022809083424282468,0.22928388809494368,63.33333333333333,0.842421863645516,0.5751673185278119,0.00753911781237473,-0.003713773617108629,0.019080114695018822,0.5927281279299456,0.5755211131406468,0.5477511175989566,0.03355246547865076,0.005227181342983484,-0.0006979116336500779,0.06116738069884352,0,0.1584499603528358,0.3868280873331017,0.4096133799494025,1,-1,0.015498074963764605,0.023702534902068306,0.03594425256434741,50.37456147280663,0.011960162883490999,-0.44145356662180724,0.020410110011325422,0.00923133628199957,1.0,RELIANCE
RELIANCE,2024-02-14,2965.0,3016.2,2965.0,3011.95,17900,88250,-2250,18375000,11064500,-239000,351750,29527750,0.6021496598639455,0.5016306696878804,5991750,753750,0.1257979722117912,5121500,10177500,3000.0,-0.003967529341456472,0.00923133628199957,0.02515273735981327,0.03301094076894051,0.07972612070047136,0.016998954165905748,0.9169921874982087,-0.00650046910601799,2865.2625,2789.5225806451613,0.05119513482621585,0.07973673376875667,0.00918898791903456,76.23077549027587,1,60.04913452474784,52.91242806363573,7.136706461112112,0.81131380543974,0.16444864934233414,1,1,98.78258378685226,93.7919858956198,0.022544720672179632,0.2275226183855719,61.29032258064516,0.8266637432979522,0.5575684331592251,0.0052236033867838925,-0.005385440770052097,0.018708239638680898,0.5913264882928222,0.6021496598639455,0.5643757374937858,0.02662854672329873,-0.003967529341456472,-0.012839798001504244,0.03283470630790413,0,0.15474768097034047,0.38476649166064597,0.40218596027484976,0,-1,0.015795219754433456,0.02515273735981327,0.03301094076894051,54.922603368001646,0.0011072968947649642,0.15186615186614438,0.018867566453135698,-0.0051295672238914625,0.0,RELIANCE
RELIANCE,2024-02-15,3012.35,3013.5,2991.0,2996.5,20800,100250,12000,19733250,10678750,1358250,-385750,30512250,0.5411551569052234,0.6229000920848503,7794500,1361750,0.1747065238309064,5777500,9125250,3000.0,0.0011680293675955281,-0.0051295672238914625,0.011289043384350439,0.031444159509836034,0.08886425988844282,0.007508760220256966,0.24444444444335806,0.00013280432942116934,2877.49,2795.990625,0.04135896215104151,0.07171317858048964,-0.005142768618154031,73.73556675882261,1,59.78710452433688,54.28845355548888,5.498650968848004,0.7519092816554486,0.16418197010932073,1,1,91.96738022422353,94.98976581219289,0.021913661176134063,0.22536606397980619,59.375,0.8073690017366238,0.5482879561452528,0.007954706379072118,-0.016134773958106207,0.017371346319397282,0.5917835661879797,0.5411551569052234,0.5615497750598839,-0.06099450295872211,0.0011680293675955281,0.07391836734693878,-0.034863753445704734,0,0.15681045148738412,0.3808251475659269,0.41176495945310765,0,-1,0.014928279140485107,0.011289043384350439,0.031444159509836034,59.00644483514441,-0.014360903505891032,0.22641509433961549,0.03616284657193258,-0.0071750375438011105,0.0,RELIANCE
RELIANCE,2024-02-16,3000.0,3007.3,2972.0,2975.0,22500,124000,23750,23121000,10908500,3387750,229750,34153500,0.4718005276588383,0.5421187832507471,9980750,1874500,0.18781153720912758,7556250,8728750,3000.0,0.008403361344537815,-0.0071750375438011105,0.0010936316984941907,0.0025949516395376016,0.0911024719430793,0.011865546218487457,0.0849858356938098,0.0011680293675955281,2889.91,2801.4151515151516,0.029443823510074685,0.061963271809593934,-0.007200901918509819,52.84112872052574,0,57.29952302778338,54.89104939043371,2.4084736373496725,0.6859350019828104,0.15835546398506017,1,1,70.61340941507099,87.12112447538226,0.016739495798319334,0.22244778247737884,57.57575757575758,0.7812590704304632,0.3728505507149415,0.007249224170100543,-0.0344114420545625,0.016131435700971947,0.5855151345745255,0.4718005276588383,0.5465190210461299,-0.06935462924638514,0.008403361344537815,0.17167724525863706,0.021514690389792812,1,0.12634046895433526,0.37991807433034636,0.33254661322384216,0,-1,0.013809707890328999,0.0010936316984941907,0.0025949516395376016,58.38500245152157,-0.002045470319909648,0.3677811550151895,0.12035808420358585,0.00764705882352934,1.0,RELIANCE
RELIANCE,2024-02-19,2980.9,3012.0,2961.2,2997.75,23900,109250,-14750,23404750,11550500,283750,642000,35064500,0.4935109326098335,0.3928670259419248,9987250,1777000,0.17792685674234648,7135750,9500750,3000.0,0.0007505629221916438,0.00764705882352934,0.012633641292414843,0.02326256144183514,0.09490850651959537,0.016946042865482507,0.7194881889749626,0.001983193277310955,2902.9024999999997,2807.189705882353,0.03267333298310926,0.06788294133393835,0.007617968279812389,67.25715972837324,0,56.387500986469604,55.19049154485159,1.1970094416180146,0.713737818136264,0.15286641020287048,1,1,85.8512269937993,82.81067221103127,0.015696296031547482,0.2234056376382152,58.82352941176471,0.7898290224484183,0.49783406697475574,0.00885918599427742,-0.04082668343113003,0.015953514283853137,0.5878136139774065,0.4935109326098335,0.5368274780356975,0.021710404950995188,0.0007505629221916438,0.012272393062583799,0.058853187881010224,1,0.10766516835114148,0.38006203372489555,0.28328314530028964,0,0,0.013094426868302703,0.012633641292414843,0.02326256144183514,56.68958192606423,0.01482209636733045,0.43716175586288997,0.10491396736416037,-0.003819531315153002,0.0,RELIANCE
RELIANCE,2024-02-20,2994.25,2994.25,2978.0,2986.3,21900,140000,30750,25119250,11522750,1714500,-27750,36782000,0.4587218965534401,0.5188341750841747,10885500,1849500,0.16990491938817692,7776000,9359500,3000.0,0.00458761678331039,-0.003819531315153002,0.0006366438815172959,0.024354268857407435,0.08977119293508018,0.0054415162575762645,0.5107692307660988,-0.0011675423234092236,2915.2025000000003,2812.307142857143,0.02438852875572106,0.06186836938659934,-0.0038268443524091724,61.19568664763726,0,54.16740216365588,54.98579063205727,-0.8183884684013876,0.6685344427696258,0.14470946326998232,1,1,75.73051948045827,77.39838529644287,0.01513219894661814,0.22198389097180085,54.285714285714285,0.7771086225267643,0.5043538813270575,0.008760471445315688,-0.04641799791305647,0.016324609561061888,0.5825275770820098,0.4587218965534401,0.5134676347182561,-0.034789036056393385,0.00458761678331039,0.07325436076010211,-0.0024024933985541752,0,0.10579166606077324,0.3810701838795464,0.27761727500163463,0,0,0.012542636395477,0.0006366438815172959,0.024354268857407435,54.99416140060731,-0.011466590138682342,0.30980861244018376,0.10762466875451704,-0.00021766065030304205,0.0,RELIANCE
RELIANCE,2024-02-21,2995.0,3023.85,2967.5,2985.65,47600,141750,1750,24997000,11331000,-122250,-191750,36469750,0.4532943953274393,0.5514797151629971,10543750,1883000,0.17858921161825725,8433000,9094750,3000.0,0.004806323581129706,-0.00021766065030304205,-0.00873188465943986,0.016201221898878515,0.12331163700665937,0.018873612111265523,0.3220940550127402,0.002913304088671539,2931.59,2817.1222222222223,0.018440504981938055,0.05982267167834787,-0.00021768434182025694,63.17943680419124,0,51.75823168671468,54.340069294434194,-2.581837607719514,0.654856665876429,0.11908111851401187,1,1,68.90516890511294,76.8289717931235,0.015359182374740137,0.21269874989932344,52.77777777777778,0.6940342531183482,0.45509474191587534,0.009259386199332687,-0.043968896687590166,0.016799983315314064,0.5921743245072377,0.4532943953274393,0.48369658181095493,-0.005427501226000775,0.004806323581129706,-0.004866785433482289,-0.0166409928185546,-1,0.10197581908272417,0.3591826613169993,0.2839107508152616,0,-1,0.013054935916026463,-0.00873188465943986,0.016201221898878515,53.80288825734596,0.00360187066484996,1.5171866737175965,0.054148697552346414,0.009512166529901389,1.0,RELIANCE
RELIANCE,2024-02-22,2979.0,3017.0,2967.95,3014.05,23400,132750,-9000,24372750,12103500,-624250,772500,36609000,0.49659968612487304,0.5914205449113364,9369500,1458500,0.15566465659853782,7867250,10324250,3000.0,-0.004661501965793594,0.009512166529901389,0.0058568329718005074,0.01721199439766452,0.12063132064247473,0.016273784442859335,0.9398572884792294,-0.0022273206839382013,2947.8125,2822.4445945945945,0.022470051945298497,0.06788633008859013,0.009467210733693473,58.60482238174123,0,51.42304162969958,53.75651226141981,-2.3334706317202247,0.7437419708809009,0.09218786515947533,1,1,92.02279202271733,78.88616013609618,0.01408166989361729,0.21126842735714055,51.35135135135135,0.6812371246401717,0.46125493933293826,0.008333170934195366,-0.03806423972643238,0.015388725035570035,0.5888819745906466,0.49659968612487304,0.4747854876548849,0.043305290797433726,-0.004661501965793594,-0.024972996759611153,0.06817580090018534,0,0.10397607561562901,0.3587619190502694,0.28981915321976537,0,-1,0.012826118886054455,0.0058568329718005074,0.01721199439766452,51.27623502889657,0.009729827180204431,0.14481409001956402,0.022148077312355685,0.004943514540236338,1.0,RELIANCE
RELIANCE,2024-02-23,3015.0,3037.5,3014.0,3028.95,32200,145000,12250,24389000,13570500,16250,1467000,38104500,0.5564188773627455,0.5658195094286117,8708750,1472750,0.16911152576431748,8042250,11767250,3000.0,-0.009557767543207982,0.004943514540236338,0.01813445378151246,0.019247917893497002,0.11992531243067361,0.007758464154244871,0.6361702127632426,0.00031519052437743836,2964.0299999999997,2827.878947368421,0.021902612321737625,0.07110313290414805,0.004931335493934704,69.96182439220419,0,51.699668767801086,53.345058107011525,-1.645389339210439,0.909354165434929,0.05350528752635505,1,1,93.73626373619494,84.8880748880084,0.012901689175645516,0.2075876218175136,50.0,0.6483048733439698,0.4735821381822147,0.008837807268146447,-0.022366898759443088,0.017060992304592112,0.5785970471061679,0.5564188773627455,0.4917091575956663,0.05981919123787249,-0.009557767543207982,0.0006667282108092029,0.1212046102367084,1,0.10511164888374715,0.35877753403322027,0.29297165759748317,0,-1,0.012592459118253569,0.01813445378151246,0.019247917893497002,50.20352757426052,-0.004568651989665051,0.43174744330813075,0.04093733395800414,-0.002377061357896282,0.0,RELIANCE
RELIANCE,2024-02-26,3030.0,3035.25,3013.0,3021.75,20100,155500,10500,24843500,12959500,454500,-611000,37958500,0.5216455008352285,0.5908614610342423,9707000,1386500,0.1428350674770784,8092250,11205500,3000.0,-0.0071978158351948375,-0.002377061357896282,0.008006004503377628,0.020740790784873342,0.02329873516314196,0.007363282865888971,0.39325842696452473,0.00034665478135993726,2967.4700000000003,2832.85,0.018291676074231544,0.06668196339375543,-0.0023798910533751392,72.01654601861432,1,50.774218289467626,52.8308046984993,-2.0565864090316737,0.8264076664108074,0.056039358006935616,1,1,87.18470301050678,90.98125292313968,0.012703140327861125,0.15210573672758515,10.256410256410255,0.15190717928004682,0.482542280675594,0.007337503174306881,-0.016265846316476096,0.004599205262573416,0.9460599482126597,0.5216455008352285,0.49733607124074536,-0.034773376527517,-0.0071978158351948375,0.018635450407970808,-0.04502413323016838,0,0.10310738315832525,0.160778116566867,0.6413023444724397,-1,-1,0.012100892054630486,0.008006004503377628,0.020740790784873342,50.857362471754286,-0.00732057589813262,-0.15758591785415266,0.02080826145126702,-0.0014892032762472418,0.0,RELIANCE
RELIANCE,2024-02-27,3007.35,3045.0,3001.3,3017.25,30200,158500,3000,23272000,12339500,-1571500,-620000,35770000,0.5302294602956342,0.41753626399849986,9646250,2096250,0.21731242710898016,8236250,9771250,3000.0,-0.00571712652249565,-0.0014892032762472418,0.010363995579814489,0.011007237635705547,0.04734713712966654,0.014483387190322253,0.36498855835156485,-0.004765450483991095,2974.29,2837.46,0.014443783222214401,0.06336300776046189,-0.0014903132415590849,67.71812080536915,0,49.12326935636975,52.0891990537749,-2.9659296974051514,0.7855185413057085,0.05058789932217688,1,1,77.79999999993775,86.24032224887982,0.012800208325935413,0.14085932550431302,5.0,0.05128528100319232,0.4235070814036549,0.005221756762900221,0.005061400474341338,0.0031546530045776225,1.0837546516916006,0.5302294602956342,0.5116375839891841,0.008583959460405688,-0.00571712652249565,-0.06325598245013786,-0.04784135190400864,-1,0.09850354521427933,0.12997344479774495,0.7578743895860867,-1,-1,0.01235133504922899,0.010363995579814489,0.011007237635705547,50.20406284420444,0.00088785808164904,0.1593090211132393,-0.03278185404659251,-0.02220565084099757,0.0,RELIANCE
RELIANCE,2024-02-28,3017.25,3026.0,2941.0,2950.25,70100,194500,36000,24188750,10848250,916750,-1491250,35231500,0.44848328251769937,0.5920790805558792,11819000,3347500,0.2832303917421102,10020500,6743500,3000.0,0.016862977713753072,-0.02220565084099757,-0.011856714618257325,-0.02048506781321069,0.011849641595500282,0.028811117701889672,0.10882352941163667,0.0,2976.0175,2840.210975609756,-0.008658383225233046,0.03874325722110128,-0.022455907992149172,47.58945386064026,0,42.132643065107914,50.09767608099433,-7.965033015886419,0.3186321630686916,0.047739353193714404,1,1,8.894230769222217,57.959644593222244,0.01381723098526761,0.1504342039686045,7.317073170731707,0.1369519374787741,0.2304516406661034,0.008644672142880293,0.006374462130239067,0.002611689120027093,0.9952332219750029,0.44848328251769937,0.5106753614272361,-0.08174617777793486,0.016862977713753072,0.03939283258851839,-0.12085173629401516,0,0.14253038201587048,0.1511547248900616,0.9429436097696703,-1,-1,0.013532551402827383,-0.011856714618257325,-0.02048506781321069,46.869679226156656,-0.02071644756475033,1.2417652702270479,-0.040920437624371475,0.005202948902635285,1.0,RELIANCE
RELIANCE,2024-02-29,2969.0,2997.25,2952.05,2965.6,92000,231500,37000,22461000,10371500,-1727750,-476750,33064000,0.4617559325052313,0.49285073683781394,8890250,1837500,0.20668710103765361,9498000,7899000,3000.0,0.011599676288103619,0.005202948902635285,-0.01607471674325256,-0.010312030702486319,0.020807875669070386,0.0152414351227407,0.2997787610612788,0.006355393610710957,2979.04,2843.1964285714284,-0.004511520489822285,0.04305139461998886,0.0051894603306643396,48.870108396105074,0,37.35671587399656,47.549267244947124,-10.19255137095056,0.39339068062445126,0.04231825619243362,1,1,23.653846153823324,36.7826923076611,0.01415516975605998,0.1499983760121959,7.142857142857142,0.13305257479094992,0.29390391893087575,0.01218042665556598,0.019442438646072736,0.0016809202568671428,0.9926574931991649,0.4617559325052313,0.5037066107033078,0.013272649987531915,0.011599676288103619,-0.07142783318691541,-0.0439471804208052,-1,0.14564492681831268,0.1511078865979353,0.9638472881925542,-1,-1,0.014305818893075755,-0.01607471674325256,-0.010312030702486319,43.84912024485652,0.027408599743632855,1.396457410784052,-0.08221075509983156,0.01888319395737792,1.0,RELIANCE
RELIANCE,2024-03-01,2971.5,3036.6,2964.0,3021.6,94500,225000,-6500,11969000,6804000,-13250,985000,18998000,0.5684685437379898,0.4601457731780017,4933000,1108000,0.22460977093046827,5020000,5366000,3000.0,-0.007148530579825228,0.01888319395737792,-0.0024265834695190724,0.01566386554621846,0.018299464159336587,0.0240270055599682,0.793388429750973,0.0019894793633666343,2981.755,2847.3453488372093,0.013362935586592295,0.0611989870613876,0.018707119561724574,59.668508287292845,0,37.505816432074425,45.54044036869975,-8.034623936625323,0.8040077928668505,0.043955898171393705,1,1,77.4999999999254,36.68269230765698,0.014749754151064722,0.15081947034707305,11.627906976744185,0.14039892457306927,0.45392826692639865,0.014002745268581496,0.11269603522094332,0.0056148680132236135,1.0271447086803407,0.5684685437379898,0.5061165439783567,0.10671261123275855,-0.007148530579825228,-0.0005899114019856641,0.09497179771489177,0,0.17120134834237566,0.14683371191010566,1.165953962470096,-1,-1,0.01552196482722383,-0.0024265834695190724,0.01566386554621846,40.742217800801846,0.013680245054742635,1.0728229874972537,-0.41008061010296726,0.009349351337039957,1.0,RELIANCE
RELIANCE,2024-03-04,3023.65,3057.55,3013.9,3049.85,149300,391750,160000,12862750,8199750,287750,948500,21454250,0.6374803210821947,0.47933469168293824,6631500,1549750,0.23369524240367942,4196500,6350750,3000.0,-0.01634506615079427,0.009349351337039957,0.009299247125010401,0.017379701442748807,0.04104655925723644,0.014312179287505973,0.8235967926670649,0.0006784485041038463,2987.7675,2851.947727272727,0.02077889260124821,0.06939197055919522,0.009305916665949354,60.19629225736096,0,39.375997073182134,44.30748458109803,-4.931487507915897,0.9603946885606287,0.04513278088889109,1,1,93.39339339331303,64.84907984902058,0.014582684394314477,0.14523805151512406,6.8181818181818175,0.09046184270763398,0.4643820941387277,0.014445398613022565,0.08607173647990121,0.0065478740490812065,1.0347401571961563,0.6374803210821947,0.5292835080277498,0.06901177734420483,-0.01634506615079427,0.02404127328933077,0.13940329218106995,1,0.17308559174608235,0.140361858386943,1.2331383583253381,-1,-1,0.015258578469426179,0.009299247125010401,0.017379701442748807,35.75574480521873,-0.009533842620337962,1.5683812145191767,-0.2577295868500582,-0.0048854861714511255,0.0,RELIANCE
RELIANCE,2024-03-05,3038.95,3046.75,3011.0,3034.95,82000,433750,42000,14274250,8411000,1411500,211250,23119000,0.5892428674010893,0.6586158083595774,5922750,1645500,0.27782702292009626,6580250,6215250,3000.0,-0.011515840458656591,-0.0048854861714511255,0.005866268953517162,0.01629106251883594,0.04104208829279998,0.011779436234534342,0.6699300699281909,-0.003573946259652144,2993.75,2856.0144444444445,0.013762004175365217,0.06265218857825561,-0.004897459170883295,53.73013298735,0,39.23539134941939,43.29302174867414,-4.057630399254755,0.836026435134263,0.040955123574841955,1,1,80.60918060911116,83.83419133411653,0.014363616251621001,0.1455403435291387,8.88888888888889,0.09316645626659256,0.4578360347538439,0.017114794498390973,0.059021652697839586,0.006810052312999434,1.0368731346398825,0.5892428674010893,0.5410861894488409,-0.048237453681105324,-0.011515840458656591,0.1097354764727605,0.025762980578676178,1,0.1741304230686716,0.1403646584748279,1.2405574511182478,-1,1,0.015892370467121986,0.005866268953517162,0.01629106251883594,30.213423454631503,-0.014234837508491083,0.2784533832241951,-0.12339539724760029,0.002009917791067517,1.0,RELIANCE
RELIANCE,2024-03-06,3025.9,3050.3,2995.2,3041.05,139900,467000,33250,15008500,8352500,734250,-58500,23828000,0.5565179731485491,0.5405459574297506,8218000,1666250,0.20275614504745681,4793250,6371750,3000.0,-0.0134986271189228,0.002009917791067517,0.030777052792136272,0.018555423442131458,0.03505726587362368,0.018118741881915906,0.8321234119767122,-0.002981927214616296,2998.9,2860.0369565217393,0.014055153556304045,0.06329045611298723,0.0020079006087655882,57.45107877571503,0,39.14972713425277,42.46433395023449,-3.314606815981719,0.8580558150004618,0.03925408544546963,1,1,85.84298584291221,86.61518661511214,0.015100517443458217,0.1477528279611397,10.869565217391305,0.11296160505105582,0.47151565793445294,0.014350585777944635,0.04987726642435719,9.631003347408511e-05,1.0651779904774543,0.5565179731485491,0.5626931275750108,-0.032724894252540215,-0.0134986271189228,0.05143877962064557,-0.006955177743431221,0,0.17381246566423744,0.1387118671015661,1.2530468313260152,-1,-1,0.01581688344418702,0.030777052792136272,0.018555423442131458,24.931594550413532,0.0068954039625186425,0.9067738857843779,-0.010984677899691375,-0.01688561516581455,0.0,RELIANCE
RELIANCE,2024-03-07,3035.65,3039.2,2985.15,2989.7,100900,574250,107250,19651500,9512000,4643000,1159500,29737750,0.4840342976363127,0.47942925089179506,8682000,2848000,0.3280350149735084,9504000,5961250,3000.0,0.0034451617219119586,-0.01688561516581455,0.008126517399514421,-0.00807883080904448,0.00899411079799517,0.01807873699702302,0.08418131359835952,-0.0017757024711859688,3000.2325,2862.795744680851,-0.003510561264835399,0.04432878439020338,-0.017029802599344716,52.23540145985399,0,34.64028378402372,40.899480295239044,-6.259196511215322,0.40696622452117914,0.037734266364887435,1,1,41.78464178460571,69.4122694122097,0.015852044400059263,0.14734916208694926,10.638297872340425,0.10934999724797476,0.30940612244299187,0.012647972420594478,-0.012030471263245546,0.0041097210629286885,0.975401093134118,0.4840342976363127,0.5671488006012271,-0.07248367551223639,0.0034451617219119586,0.309358030449412,0.1388207123615684,1,0.1910759231798153,0.151065200794427,1.2648573069674072,-1,0,0.015997378699603392,0.008126517399514421,-0.00807883080904448,21.91163282371206,-0.018895532956882066,0.24383629191321332,0.2693576752008333,-0.006422049035020194,0.0,RELIANCE
RELIANCE,2024-03-11,3001.0,3007.35,2963.25,2970.5,254900,883750,309500,21017500,9656500,1366000,144500,31557750,0.4594504579517069,0.4680324707697223,8954250,2942250,0.328586983834492,10687750,5917500,3000.0,0.009930988049149974,-0.006422049035020194,-0.01691157002912358,-0.0192971161623664,-0.00042062757634386827,0.014845985524322473,0.1643990929701491,0.003779643442485929,3000.17,2865.039583333333,-0.009889439598422811,0.036809409992154096,-0.006442759106937949,45.8109146810146,0,29.21610421694595,38.56275296881972,-9.346648751873772,0.23854792039171155,0.03782505617567564,1,1,25.311025311003554,50.97955097950716,0.015793396975016236,0.1491365454696967,14.583333333333334,0.12534175722811772,0.239609870128256,0.012004636635804821,-0.10935427999227501,0.00019165424024128463,0.9766665356175108,0.4594504579517069,0.5453451834439706,-0.024583839684605813,0.009930988049149974,0.06951123323919293,0.015191337258200169,1,0.1901168231667094,0.15269955499984078,1.245038487783437,-1,0,0.016706130836611148,-0.01691157002912358,-0.0192971161623664,19.72646503863259,0.010463566130794355,1.4654221878324765,0.21659756316176004,0.005655613533075199,1.0,RELIANCE
RELIANCE,2024-03-12,2966.7,3005.0,2966.7,2987.3,129400,946000,62250,19774750,9237500,-1242750,-419000,29958250,0.46713612055778203,0.51750087640712,8650250,2617500,0.3025924106239704,9752250,5921250,3000.0,0.004251330633013028,0.005655613533075199,-0.020509205370755845,-0.011400678414825838,0.00910365328424012,0.012820941987748195,0.5378590078315008,-0.0012792459181956513,3001.5175,2867.534693877551,-0.004736770650179412,0.04176594842188286,0.005639680596318236,50.15124016938899,0,25.945403033319053,36.03923796070743,-10.093834927388379,0.36828705202276035,0.03596283222671595,1,1,39.725439725405735,35.607035607005,0.016148122289119184,0.14934963245620853,16.3265306122449,0.12724825136702536,0.28893875731807,0.012513400625356308,-0.07335932383269375,0.0009639958624143869,0.9746505801318475,0.46713612055778203,0.5112763433390881,0.0076856626060751165,0.004251330633013028,-0.05912929701439277,-0.04339046238285093,-1,0.19377228633825969,0.15323402602247457,1.264551296089971,0,1,0.017251896748797076,-0.020509205370755845,-0.011400678414825838,17.541297253552816,0.012077662568095393,0.13191042687193733,0.08386712807274921,-0.02907307602182585,0.0,RELIANCE
RELIANCE,2024-03-13,2984.7,2995.25,2892.7,2900.45,319600,1177000,231000,22706750,9415500,2932000,178000,33299250,0.41465643476058883,0.6005190527017287,2628500,3015250,1.1471371504660453,19377000,3850000,3000.0,0.034322260338912995,-0.02907307602182585,-0.04431703981943691,-0.03871074654072426,-0.028129607291247916,0.0353565825992519,0.07557289127247614,-0.0008703511532153998,2997.32,2868.1929999999998,-0.032318871525229276,0.011246453777692178,-0.029504072041749735,39.779270633397296,0,16.29591305223903,32.090516620979535,-15.794603568740506,-0.18999467182087693,0.04683930593251448,-1,1,4.701243554743877,23.24590286371772,0.0177694101654177,0.1648329190486671,34.0,0.2657775704153879,0.1195454026269441,0.0166121710346383,-0.0801446277710635,0.002699688535902625,0.9020696474855469,0.41465643476058883,0.4763590568109879,-0.0524796857971932,0.034322260338912995,0.14826988963198018,0.019269282814614343,1,0.23949056396282337,0.18272748608482706,1.3106433463468161,0,1,0.01933921628969004,-0.04431703981943691,-0.03871074654072426,17.668086689351174,-0.03472868955490105,1.2309088370794345,0.12208604875287277,0.00012067093037293475,1.0,RELIANCE
RELIANCE,2024-03-14,2907.15,2926.4,2889.65,2900.8,332800,1471000,294000,23509000,9241750,802250,-173750,34221750,0.3931154026117657,0.5080381589186382,3419250,2856250,0.8353440081889303,19262250,3857500,3000.0,0.034197462768891275,0.00012067093037293475,-0.046118939182190344,-0.016761291415981594,-0.03690300303789895,0.012668918918918918,0.30340136054339456,0.0023099863814236665,2991.7625,2873.9430000000007,-0.030404318524615337,0.009345000927297287,0.00012066365022187872,35.434083601286204,0,8.579190988501068,27.388197803494382,-18.809006814993314,-0.05507526331392424,0.0547751278684136,-1,-1,6.640857653361194,17.0225136445036,0.017464394058781824,0.16298346630065205,33.33333333333333,0.24923047440545967,0.2566519857977997,0.021071839632574328,-0.07955180981921488,0.0026206763732004278,0.9128898340735353,0.3931154026117657,0.4436785427036313,-0.021541032148823136,0.034197462768891275,0.03533090380613694,-0.01845361372205406,0,0.21668248389140796,0.1785357445400519,1.2136644363752713,0,1,0.01772499641139296,-0.046118939182190344,-0.016761291415981594,19.151055780471886,0.029193746952198785,0.9630743821152588,0.07768237707821934,-0.01011789851075573,0.0,RELIANCE
RELIANCE,2024-03-15,2889.7,2897.7,2862.55,2871.45,456000,1955500,484500,25365000,9144000,1856000,-97750,36464500,0.36049674748669425,0.4487545789749109,4078000,3127000,0.76679744973026,20569500,3385250,3000.0,0.044768322624458096,-0.01011789851075573,-0.039552463457872,-0.0317473698408417,-0.04173202069080595,0.012241202180083108,0.2532005689893146,-0.003826530612245023,2985.51,2878.88,-0.03820452786961037,-0.002580864780748149,-0.010169432350011413,30.468750000000085,0,0.1353458770549878,21.93757763014208,-21.802231753087092,-0.08231042191707467,0.06560852499227328,-1,-1,4.564102564100037,5.3020679240683695,0.018009815847145432,0.1642719159182774,34.61538461538461,0.2607582625847922,0.1625662218442536,0.01934044692942365,-0.043055563444918496,0.0018829184982170621,0.9094447153054993,0.36049674748669425,0.41897103267370756,-0.03261865512507145,0.044768322624458096,0.07894848781317793,-0.010577001109097303,0,0.21685461570692122,0.1806288090553706,1.200553869124999,0,1,0.017424973117127204,-0.039552463457872,-0.0317473698408417,20.67677835995957,-0.010238569441128664,1.2143446802311457,0.10163654105854025,0.012032248515558397,1.0,RELIANCE
RELIANCE,2024-03-18,2869.1,2909.7,2865.0,2906.0,346400,2270000,314500,24056500,9432250,-1308500,288250,35758750,0.39208737763182505,0.42541400759350495,6017000,2984250,0.49596975236828983,17048250,4396500,3000.0,0.03234686854783207,0.012032248515558397,-0.02171351624305673,-0.03825787662165736,-0.023193277310924354,0.015381968341362635,0.9172259507809495,-0.0008184018527224605,2982.0600000000004,2885.08,-0.02550585836636432,0.007251098756360319,0.011960436479652996,36.557891069562245,0,-3.767286579544816,16.79656722022904,-20.563853799773856,0.1348883367259348,0.06985769267859099,-1,-1,22.282051282039763,11.16233716650033,0.018347507619703086,0.16565296969453627,37.735849056603776,0.2731145822880971,0.12049436913888237,0.021677763108527603,-0.026944341065571066,0.004339882418938203,0.8896215418219792,0.39208737763182505,0.4054984166097311,0.031590630145130805,0.03234686854783207,-0.05158683224916223,0.03152340332458443,0,0.1994010102126383,0.1862061132943234,1.070861780946861,0,1,0.016560469395266647,-0.02171351624305673,-0.03825787662165736,20.766927577350014,0.022150147026314126,0.498788508134302,0.05357169163683495,-0.010271851342050886,0.0,RELIANCE
RELIANCE,2024-03-19,2897.8,2902.05,2866.0,2876.15,488600,3051500,781500,25007500,9623750,951000,191500,37682750,0.3848345496351095,0.6814478091969899,4528250,3210500,0.7089935405509855,19618750,3866500,3000.0,0.043061036454983194,-0.010271851342050886,-0.037207511799953186,-0.056953620669868976,-0.04056375615044616,0.012534116788067444,0.2815533980574725,-0.0028217481073640116,2975.9800000000005,2890.343,-0.03354525232024419,-0.004910489862275824,-0.010324970877450419,34.52511515683271,0,-9.127729782524057,11.611677508779213,-20.73940729130327,0.0622715726361108,0.07663484988229861,-1,-1,6.974358974355352,11.273504273498384,0.018446037733974744,0.16381736644009331,33.33333333333333,0.2566913980137199,0.0,0.02372305056643038,-0.04784231472591734,0.0034513373319184568,0.8812290447764182,0.3848345496351095,0.38903810242519665,-0.007252827996715561,0.043061036454983194,0.03953193523579906,0.020302684937316122,1,0.1870573197484865,0.1858964673520645,1.0062446172987194,0,1,0.016382663145322794,-0.037207511799953186,-0.056953620669868976,21.845362650351074,-0.022304099857609283,0.8434257687228817,0.06192264987854168,0.012516732437459765,1.0,RELIANCE
RELIANCE,2024-03-20,2881.0,2915.0,2874.0,2912.15,561300,3763750,712250,23156000,9527000,-1851500,-96750,36446750,0.4114268440145103,0.635888110761369,5972250,2902250,0.48595587927498013,16053500,4705000,3000.0,0.03016671531342819,0.012516732437459765,0.004033856815321757,-0.04046195159722554,-0.02483005726149423,0.014078945109283519,0.9304878048757814,0.0016862820089355245,2972.2725,2896.1890000000003,-0.020227788670116875,0.00551103536405928,0.012439045726164357,45.51659213932693,0,-10.389301745916327,7.2114610788848506,-17.60076282480118,0.24392265638585608,0.07899093447565673,-1,-1,25.435897435884346,18.23076923075982,0.017138785531553773,0.16617278252171253,40.0,0.2777653595343443,0.10686752423857011,0.0213350294113523,-0.018977910356026695,0.000895246858880535,0.8623446711833523,0.4114268440145103,0.38839218427598093,0.026592294379400805,0.03016671531342819,-0.07403778866340098,-0.010053253669307703,-1,0.20856011360348814,0.19269879897030903,1.0823114342679006,0,0,0.016612614032797714,0.004033856815321757,-0.04046195159722554,23.337557059131523,0.02278858377951065,0.7934053294140193,0.009188728198056717,0.006490050306474648,1.0,RELIANCE
RELIANCE,2024-03-21,2927.95,2945.9,2920.6,2931.05,1226600,5799000,2035250,22257000,9652250,-899000,125250,37708250,0.4336725524554073,0.6621158851194007,6434000,2638250,0.4100481815355922,14513000,5456000,3000.0,0.023523993108271714,0.006490050306474648,0.010428157749586386,-0.03617171700563948,-0.018287475089176497,0.008631719008546488,0.4130434782592448,0.005425544700650628,2969.5425,2902.953,-0.01296243444907752,0.009678765036843506,0.006469080610670657,45.968024273544216,0,-9.770015610106384,3.8151530339895965,-13.58516864409598,0.33774120419026066,0.07988740693163,-1,-1,35.12820512818712,22.51282051280894,0.016705373744660017,0.1623064967419624,30.357142857142854,0.24317361229018855,0.1343801466772467,0.016701616447109567,-0.020359672951398823,0.0007616598330701489,0.8340202358636861,0.4336725524554073,0.39650361424470926,0.022245708440897016,0.023523993108271714,-0.038823631024356535,0.013146845806654772,0,0.2133585223598944,0.1946073844245286,1.0963536809313748,0,1,0.015663911745460772,0.010428157749586386,-0.03617171700563948,23.17615265959561,-0.006026682130985117,1.9090477884501356,0.02434111517377402,0.0035140990430049257,1.0,RELIANCE
RELIANCE,2024-03-22,2928.0,2951.6,2923.75,2941.35,2974200,10801250,5002250,21339750,9574750,-917250,-77500,41715750,0.4486814512822315,0.6157718457311323,11266500,3058000,0.271424133493099,8469000,5615500,3000.0,0.019939823550410556,0.0035140990430049257,0.024343101917149834,-0.01617219118975144,-0.024120369602362413,0.009468441361959614,0.631956912026455,-0.0010405827263268049,2965.9075000000003,2909.94,-0.008279927812988253,0.010794036990453337,0.0035079390240225997,39.51665578053564,0,-8.361200224530876,1.3798750931202974,-9.741075317651173,0.39533998542230925,0.07911261857177772,-1,-1,40.41025641023555,33.658119658102336,0.015560153379522048,0.15978369233211695,29.82456140350877,0.22060202357088404,0.25965537747768064,0.01524909281157778,-0.02850780716192698,0.0027970898207672536,0.8343305538934762,0.4486814512822315,0.4141405550038167,0.015008898826824213,0.019939823550410556,-0.04121175360560723,-0.008029215985910021,-1,0.20205544357426752,0.19151125594410917,1.0550577952855669,0,1,0.01480288218195443,0.024343101917149834,-0.01617219118975144,24.660569870709107,-0.0029759512634697227,3.1950407627859736,0.10177101587456705,-0.008771482482533455,0.0,RELIANCE
RELIANCE,2024-03-26,2924.65,2934.45,2908.0,2915.55,4710400,20605500,9804250,22827750,9171000,1488000,-403750,52604250,0.4017478726549923,0.4995507925303212,5626250,3081000,0.547611641857365,15989750,4183500,3000.0,0.02896537531512058,-0.008771482482533455,0.0032863041982107433,-0.018498569264433495,-0.03743871638686658,0.009072044725694917,0.28544423440346656,-0.00567766501776389,2960.2375,2915.04,-0.015095917135027226,0.0001749547176026489,-0.008810178381449771,32.34288719432038,0,-9.198247366302894,-0.7357544646906895,-8.462492901612205,0.30644322656776346,0.07799219250946308,-1,-1,28.229027962701345,34.589163167041335,0.015445505258748049,0.16009144443028725,31.03448275862069,0.22335548862758597,0.2452274392048868,0.013276179711422632,-0.08458199979328325,0.0022002155222965603,0.8341990258313897,0.4017478726549923,0.41607265400845017,-0.046933578627239236,0.02896537531512058,0.06972902681615295,-0.042168202825139035,0,0.20397494841739255,0.19191037077430656,1.0628656882279062,0,0,0.014225488102091673,0.0032863041982107433,-0.018498569264433495,27.425375082260704,-0.01228558152553838,3.0799286289658996,0.27582518726557703,0.03260105297456728,1.0,RELIANCE
RELIANCE,2024-03-27,2937.0,3022.05,2926.2,3010.6,7534800,30949750,10344250,17430000,11508250,-5397750,2337250,59888000,0.6602553069420539,0.4028948558740079,8470500,2874000,0.339295200991677,6158000,7926750,3000.0,-0.0035208928452799804,0.03260105297456728,0.04674651878379077,0.007799685334582973,-0.00368991478447922,0.03183750747359342,0.8805425143444102,0.007357102433503049,2959.68,2920.783,0.01720456265542225,0.03075100067344949,0.03208091319421781,47.35584754044958,0,-2.2417718268011413,-1.0369585141051083,-1.204813312696033,0.7227688677847629,0.07723055212553621,-1,-1,78.85486018637597,49.16471485310429,0.016562906302493106,0.17350555117942965,47.45762711864407,0.3433718083219999,0.41070015664093074,0.01708986683132092,-0.10151362663927506,0.0008465238363732936,0.762755826267339,0.6602553069420539,0.47115680546983907,0.25850743428706163,-0.0035208928452799804,-0.23645562966126754,0.2548522516628503,0,0.26671738864531647,0.22747194466180576,1.1725287218369107,0,1,0.016127144650676196,0.04674651878379077,0.007799685334582973,27.687141328379777,0.041372535457100734,2.9760008865107883,0.31124569216554354,-0.006427290241147965,0.0,RELIANCE
RELIANCE,2024-03-28,3006.55,3031.5,2980.0,2991.25,8955700,38764250,7814500,14768000,9501500,-2662000,-2006750,63033750,0.6433843445287107,0.6331800928348005,5618750,2853250,0.5078086763070078,7036750,5774250,3000.0,0.0029251984956122023,-0.006427290241147965,0.027162062393764064,0.03130548707959124,-0.008617118236805,0.017216882574174676,0.2184466019413234,-0.0013452467946587813,2958.38,2925.712,0.01111081064636732,0.022400701094297704,-0.006448034203820512,44.743508549714996,0,1.7038990071055196,-0.48878616979130945,2.192685176896829,0.6466072903252077,0.07578620832360466,-1,1,72.85592980465736,59.979939317911565,0.01658408453226673,0.1746102854426134,48.333333333333336,0.35325589102591237,0.5497685774673899,0.02033781871856184,-0.11857910091711413,0.002074938972520311,0.763997021268479,0.6433843445287107,0.5175483055726791,-0.016870962413343182,0.0029251984956122023,-0.15272518646012623,-0.1743749049594856,-1,0.21458239466169504,0.22854838501373323,0.9388926312251638,0,1,0.014313174648168475,0.027162062393764064,0.03130548707959124,27.50054970276636,-0.039028343215715244,2.24637145301376,0.23619827417140615,0.00020058503969910824,1.0,RELIANCE
RELIANCE,2024-04-01,2999.55,3004.9,2986.25,2991.85,1689000,39012000,247750,10003500,6734750,1839250,1135250,55750250,0.6732393662218223,0.6293312440870379,4279750,1982000,0.46311116303522404,4588750,4197750,3000.0,0.0027240670488159805,0.00020058503969910824,0.020743419593660883,0.03138789299503575,0.01410049995763063,0.0062336012834868365,0.30026809651312897,0.0027747597158379214,2960.46,2929.758,0.010603081953480142,0.02119355933152156,0.00020056492520976484,50.25416715923869,0,4.822874804199273,0.5735473274238848,4.249327476775388,0.6388850377923158,0.07634430693185316,1,1,76.5315182006057,76.08076939721302,0.01569143793018653,0.1642428834191092,35.0,0.2205228009629335,0.5502593323077553,0.02045805734853423,-0.08854683104169261,0.0031693135088760108,0.7694696548950086,0.6732393662218223,0.5654616683259621,0.029855021693111605,0.0027240670488159805,0.12454293066088841,0.11948113455770142,1,0.2145509842022293,0.21344946132355613,1.0051605788617444,0,1,0.013669642884625266,0.020743419593660883,0.03138789299503575,27.831135523834565,0.006627875280847073,-0.41643920809867674,0.02109677206658067,-0.0002339689489779806,0.0,RELIANCE
RELIANCE,2024-04-02,2986.05,3007.85,2970.1,2991.15,2295700,39852250,840250,11706000,7412750,1702500,678000,58971000,0.6332436357423543,0.511962798182506,5268000,2254500,0.42796127562642367,5415750,4503500,3000.0,0.0029587282483325506,-0.0002339689489779806,0.016931001070936924,0.04168625607271603,0.008615457243053681,0.012620563997124851,0.5576158940382627,-0.001938599862960953,2961.7375,2934.542,0.009930826077598098,0.01929023336520652,-0.00023399632398254081,52.55284954876994,0,7.15581315520285,1.8900017841544516,5.2658113710483985,0.6291988435365719,0.07686466694081263,1,1,76.11719443617872,75.16821414714725,0.015543472290877136,0.1632523212302776,31.666666666666664,0.2111811281001013,0.6109568275957833,0.019949777893575705,-0.07884574372697209,0.0033324930983236987,0.767059137374566,0.6332436357423543,0.6023741052179867,-0.03999573047946803,0.0029587282483325506,0.1701904333483281,0.10067188834032444,1,0.2028187505130637,0.21282885920939526,0.9529663936140371,0,1,0.013707579066329443,0.016931001070936924,0.04168625607271603,27.97341868774021,-0.00043455398867708883,-0.25422396345999543,0.01587525807738066,-0.012587132039516558,0.0,RELIANCE
RELIANCE,2024-04-03,2978.0,2980.25,2950.0,2953.5,2472000,40263500,411250,14518500,8142500,2812500,729750,62924500,0.5608361745359369,0.5037129317504513,6572250,3587250,0.5458176423599224,7447000,3537500,3000.0,0.01574403250380904,-0.012587132039516558,0.013016411997736288,0.01634549208534075,-0.022537728355837894,0.010242085661080074,0.11570247933846049,-0.0043963024254885545,2958.3325,2939.08,-0.0016335215869074382,0.004906297208650434,-0.012667021076520301,46.026334352221944,0,5.9202466017181905,2.6960513801241137,3.224195221594077,0.4780951149855477,0.07457339245770456,1,1,53.832494820921035,68.82706915256848,0.015810539553556314,0.15640701400501297,21.666666666666668,0.14662524108463634,0.4597685045815654,0.019963294206575742,-0.040050724648112615,0.004529156888872211,0.7592155138498141,0.5608361745359369,0.6341917655941757,-0.07240746120641739,0.01574403250380904,0.2402614044079959,0.09844524636605848,1,0.21345510069787724,0.20601135129073694,1.0361327143232117,0,1,0.013193590798301184,0.013016411997736288,0.01634549208534075,27.624648119471836,-0.012353163090538577,-0.24882172582600737,0.04676154274830102,-0.003910614525139744,0.0,RELIANCE
RELIANCE,2024-04-04,2963.2,2967.95,2918.0,2941.95,3579500,40774750,511250,16997250,9244250,2478750,1101750,67016250,0.5438673903131389,0.4085739558981485,7727500,3858500,0.49932060821740537,8679000,4312750,3000.0,0.019731810533829667,-0.003910614525139744,-0.022802763568723905,0.022877805399579287,-0.03537878912077641,0.0169785346453882,0.47947947947851766,0.003284239038428921,2952.9375,2943.1610000000005,-0.0037208711664232785,-0.00041146236988076623,-0.003918280971660352,55.92857142857143,0,3.969608714777223,2.950763006939815,1.018845707837408,0.4459685986639671,0.06886497618852282,1,1,46.99615270787377,58.981947321657834,0.014595518521485985,0.1575840914029605,23.333333333333332,0.1577258787930368,0.4988330425578,0.01342409061803096,-0.025363363468559386,0.007517277626988516,0.7782999761352793,0.5438673903131389,0.6109141822683927,-0.016968784222798017,0.019731810533829667,0.1707304473602645,0.1353085661651827,1,0.20571092742586042,0.2024721780252762,1.0159960214315484,0,-1,0.01363803258403326,-0.022802763568723905,0.022877805399579287,25.791257348868523,0.008676517514376814,-0.005672348274406103,0.08900187929147552,-0.004027940651608608,0.0,RELIANCE
RELIANCE,2024-04-05,2934.4,2951.0,2919.05,2930.1,2084900,41176250,401500,17853250,9716250,856000,472000,68745750,0.544228641843922,0.381916394371631,4088000,3600750,0.880809686888454,13255250,4185000,3000.0,0.023855841097573494,-0.004027940651608608,-0.02044295862933554,0.006163830846625196,-0.03454752137596995,0.010904064707689096,0.3458528951475808,-0.0025663250565100453,2947.695,2946.9569999999994,-0.0059690707485001715,-0.005720137755657606,-0.004036074654088592,54.05255878284921,0,1.4567856352273338,2.6519673825516765,-1.1951817473243427,0.4068318482340018,0.06406771665392642,1,-1,39.98224326721505,46.936963598669955,0.014537534067584224,0.15728369379970497,21.666666666666668,0.15489292577904973,0.39723172998378864,0.005641887200181684,-0.020019354700688406,0.007608816467462464,0.7774109618142943,0.544228641843922,0.5910830417314349,0.0003612515307830355,0.023855841097573494,0.0503610878230302,0.051058766260107635,1,0.19946274836467773,0.20231730892358493,0.9858906750357457,0,-1,0.013320544543873816,-0.02044295862933554,0.006163830846625196,24.00689386437736,-0.00011732612646886409,-0.44436449305488934,0.09674617172038658,0.01631343640148808,1.0,RELIANCE
RELIANCE,2024-04-08,2929.55,2987.0,2928.6,2977.9,3308400,40425750,-750500,17774750,9112250,-78500,-604000,67312750,0.5126513734370385,0.4298830024681361,8517000,2906500,0.34125865915228365,8032750,5443500,3000.0,0.007421337183921525,0.01631343640148808,-0.004662666911776969,0.0159840330257075,-0.020765853899146758,0.019611135363847038,0.8441780821903371,-0.00018770690420112868,2944.5375,2953.357,0.011330302297050121,0.00831020428617335,0.016181801974993328,64.0084221608107,0,3.262640682261008,2.7741020915592705,0.48853859070173744,0.6961603979181166,0.0577603961720963,1,1,67.80780780776715,51.595401260951995,0.014787506056521123,0.15811324584010078,25.0,0.1627161638063495,0.4575574261037147,0.008384587554631607,-0.038960211658638055,0.0027173935578982122,0.7461000071017548,0.5126513734370385,0.5589654431744782,-0.03157726840688346,0.007421337183921525,-0.0043969585369610575,-0.06216390068184742,-1,0.21309791168859896,0.21191964114795528,1.005559986954041,0,0,0.014418486179403871,-0.004662666911776969,0.0159840330257075,22.689676548566574,0.020341377053096688,-0.16464249102376993,0.03567557337940941,-0.012492024581080674,0.0,RELIANCE
RELIANCE,2024-04-09,2982.6,2984.35,2937.75,2940.7,2451400,41092500,666750,19833500,9613750,2058750,501500,70539750,0.4847228174553155,0.5784891321399308,4407750,3198000,0.7255402416198741,14786000,4606250,3000.0,0.020165266773217325,-0.012492024581080674,-0.01686642261337623,-0.00022098696176930943,-0.016389604308124528,0.015846567143877277,0.06330472102990328,0.0015782934282547493,2942.0875,2958.3789999999995,-0.00047160392068568147,-0.005975907752184484,-0.012570705865884657,54.534762153685286,0,1.6885382318105258,2.556989249832145,-0.8684510180216192,0.4915746637334211,0.05597449238591178,1,1,45.13595166160404,50.97533424552875,0.01502071907077517,0.15704163895838671,21.666666666666668,0.15261018455598013,0.3592633612603602,0.014058768953409939,-0.03699408290585517,0.0013145778229307296,0.7547149655919192,0.4847228174553155,0.5292612795170704,-0.027928555981723002,0.020165266773217325,0.11582441384548306,0.055035803451397844,1,0.22407876201300486,0.20808072721831908,1.0768837888105427,0,0,0.015056298757595638,-0.01686642261337623,-0.00022098696176930943,21.641768060486186,-0.028805460982568754,-0.372751510933478,0.04801746602919721,0.007957289080831043,1.0,RELIANCE
RELIANCE,2024-04-10,2947.25,2982.9,2947.0,2964.1,3302200,41460250,367750,20617000,9696000,783500,82250,71773250,0.47029150700877914,0.44744101129169866,10738750,3005250,0.2798510068676522,8448500,5872000,3000.0,0.012111602172666271,0.007957289080831043,0.003588962248180172,0.0166520896571829,-0.0021545194411715096,0.012111602172666271,0.4763231197758282,0.0022273608324549195,2941.7675,2963.5690000000004,0.007591524483155032,0.00017917585181903561,0.007925796807840715,61.6908148345075,0,2.293503008060725,2.504291987928863,-0.21078897986813816,0.6362989467809044,0.055697601943590774,1,1,57.20634920631283,56.71670289189468,0.014955153816865633,0.1560019101865543,20.0,0.14280483748939218,0.46199522785200986,0.015677999067684568,-0.027083116365001825,0.0018377347379139389,0.7459404334821723,0.47029150700877914,0.5111523460116387,-0.014431310446536338,0.012111602172666271,0.039503869715380543,0.008555454427252633,1,0.22132345416570445,0.20913454092268163,1.058282639890179,0,0,0.015360254502292772,0.003588962248180172,0.0166520896571829,20.73443937922853,0.020449313661911717,-0.12347107789008749,0.03902425607161808,-0.008366789244627304,0.0,RELIANCE
RELIANCE,2024-04-12,2954.9,2976.7,2928.75,2939.3,3597300,42001250,541000,23006500,9846500,2389500,150500,74854250,0.4279877425944842,0.5027415942997102,5894750,3432750,0.5823402179905849,16303500,4581250,3000.0,0.020651175449936998,-0.008366789244627304,-0.0009007630993047577,-0.02368298678004377,-0.016068021290128187,0.016313407954274765,0.22002085505689717,-0.0031038089133294485,2939.3675000000003,2963.296,-2.2964124084534632e-05,-0.008097739814044824,-0.00840198729302948,53.71968762844227,0,0.772028178488199,2.157839154779516,-1.3858109762913169,0.49957316832401877,0.053801358694288155,1,-1,25.344129554635497,42.562143474184126,0.01525022964651447,0.1574399409130058,26.666666666666668,0.15636644196478258,0.21041053225923942,0.017207511229900874,-0.0226632194375763,0.0012744027704875028,0.7497006074681396,0.4279877425944842,0.4879764164679078,-0.04230376441429495,0.020651175449936998,0.11589950041228113,0.015521864686468647,1,0.14309412549988262,0.21000375252427222,0.6813884214531117,0,0,0.01380784455036091,-0.0009007630993047577,-0.02368298678004377,20.435538993180014,-0.016324078325458347,0.06630582669603191,0.05958087710196658,-0.00011907597046922902,0.0,RELIANCE
RELIANCE,2024-04-15,2929.95,2968.0,2853.0,2938.95,4158800,40286750,-1714500,21286500,9463500,-1720000,-383000,71036750,0.4445775491508703,0.5278950072478392,4664250,3250500,0.696896607171571,15893000,4511750,3000.0,0.020772724952789326,-0.00011907597046922902,0.0030203747312378404,-0.017484329293773526,0.013273802341016161,0.03912962112319026,0.7473913043471746,-0.0031810294968190943,2941.2925,2964.458,-0.000796418581286984,-0.008604608329752073,-0.00011908306057544705,51.14030023094683,0,-0.456547673652949,1.6349617030533004,-2.0915093767062496,0.48477456998300417,0.05230844583138139,1,-1,48.15126050417461,43.56724642170766,0.017226754939203257,0.16238436671077627,36.666666666666664,0.20299572866489565,0.24914945725634613,0.018833588659438717,-0.007301963057511051,0.00033671926081530953,0.8953445109556798,0.4445775491508703,0.46804619792929747,0.01658980655638609,0.020772724952789326,-0.07476148045117684,-0.038897070024881936,-1,0.1415662852216238,0.18136523386725711,0.7805591078562584,0,-1,0.01599911840526247,0.0030203747312378404,-0.017484329293773526,20.301742668746922,0.008247713274158075,0.43708188201470666,-0.000936664728173886,-0.0009527212099558202,0.0,RELIANCE
RELIANCE,2024-04-16,2914.95,2945.3,2905.05,2936.15,2762800,39819000,-467750,21446250,10274500,159750,811000,71539750,0.47908142449146124,0.5613680357996531,5007500,3737000,0.7462805791313031,15649750,4859000,3000.0,0.021746164194608553,-0.0009527212099558202,-0.014019946942476214,-0.018617243511539594,0.012186293436293294,0.013708427702944332,0.7726708074514942,-0.008166181799622314,2943.0600000000004,2964.867,-0.002347896407140948,-0.009685763307426654,-0.000953175337268497,49.23281203894957,0,-1.6363326327013965,0.9807027497754738,-2.61703538247687,0.4536857559098054,0.05069490938001661,1,-1,46.582633053195245,40.026007704001785,0.017544841276598843,0.16279845865701895,38.333333333333336,0.2069008963974692,0.2420669704562791,0.014932042296716696,-0.012887116441023295,0.0035050945729584865,0.8971967019124432,0.47908142449146124,0.46133220814018205,0.03450387534059096,0.021746164194608553,0.00750475653583257,0.08569768056215987,1,0.14124469180018825,0.18145235957765107,0.7784119867667112,0,-1,0.016746601047208216,-0.014019946942476214,-0.018617243511539594,19.15769199440889,-0.0008336452394865912,-0.07946556492186718,-0.005684601886759677,-0.0014985610408188021,0.0,RELIANCE
RELIANCE,2024-04-18,2936.15,2972.25,2925.05,2931.75,5195000,37344500,-2474500,22115750,10258750,669500,-15750,69719000,0.46386624916631813,0.4998797420753844,5455500,3805000,0.6974612776097516,15847750,4823000,3000.0,0.023279611153747763,-0.0014985610408188021,-0.003043493045873369,-0.01985858281931696,0.020999843284751574,0.01609959921548557,0.14194915254206883,0.0,2946.075,2965.3989999999994,-0.004862401670018501,-0.01134720825089619,-0.0014996850064430678,52.55118110236217,0,-2.891679705121078,0.20622617723426082,-3.0979058823553385,0.39291916081358075,0.045408699698055235,-1,-1,44.117647058798816,46.28384687205622,0.01790861138520386,0.1642892075064907,48.333333333333336,0.2209596685063007,0.23430107410341391,0.009280118066375543,0.0017911402225694538,0.005358410487555359,0.9272096527885209,0.46386624916631813,0.45716089448238256,-0.015215175325143104,0.023279611153747763,0.031217578830797926,-0.001532921310039418,0,0.14098400507620432,0.17718668795097306,0.7956805707415562,0,-1,0.017094504569044287,-0.003043493045873369,-0.01985858281931696,15.853099102577445,-0.0005458398308629819,0.5784372407883982,-0.028774974019497246,0.0021147778630510317,1.0,RELIANCE
RELIANCE,2024-04-19,2914.65,2944.8,2883.75,2937.95,4586200,34485250,-2859250,20977500,9975750,-1138250,-283000,65438500,0.4755452270289596,0.5581353210064652,4984750,3680000,0.7382516675861377,15196750,4706000,3000.0,0.021120168825201308,0.0021147778630510317,-0.00882223946560512,-0.005264939901811427,0.010994494150034395,0.02077979543559291,0.887796887795428,-0.005832693783576331,2947.6724999999997,2964.812,-0.0032983650659969,-0.009060270937921167,0.0021125448679841776,34.11327356221298,0,-3.3492798816637332,-0.5048750944555014,-2.844404787208232,0.4244398971158029,0.04365220453797404,-1,-1,47.59103641453907,46.09710550884438,0.016765820676710924,0.1670215088457023,55.00000000000001,0.24672712214159437,0.3245859250281918,0.005912923114767166,0.01756775169896787,0.006927372511437134,0.9682125790518963,0.4755452270289596,0.45821163848641866,0.011678977862641493,0.021120168825201308,-0.05146784531386003,-0.027586206896551724,-1,0.12876687410032003,0.17250499772729008,0.7464530055485109,0,-1,0.01814827554649557,-0.00882223946560512,-0.005264939901811427,18.83074763053326,0.003613338903869834,0.30935149101394654,-0.07202664864753716,0.009053932163583633,1.0,RELIANCE
RELIANCE,2024-04-22,2955.4,2967.95,2925.0,2964.55,5356500,26259500,-8225750,23451250,11683000,2473750,1707250,61393750,0.4981823996588668,0.4738017389024099,11738250,2955000,0.2517411028049326,9782750,7897250,3000.0,0.011957970012312092,0.009053932163583633,0.008590480726703653,0.007681979639355019,0.030735531874206856,0.014487864937342873,0.920838183932672,0.0059395156486666805,2952.0924999999997,2965.511,0.0042198880963251195,-0.0003240588215656093,0.009013191046663342,44.34082238236546,0,-1.5542885072372883,-0.7147577911579245,-0.8395307160793638,0.6129718141599064,0.03735345960127028,-1,-1,72.03745560214932,54.58204635849574,0.016409380368497258,0.16778484795196916,56.666666666666664,0.2539259273196548,0.40420157856272293,0.004035938309782017,0.038515111727320826,0.00638187275910327,0.9871526942417937,0.4981823996588668,0.47225056989929526,0.022637172629907165,0.011957970012312092,0.11792396615421284,0.17114001453524796,1,0.13542180019670147,0.16996848494864825,0.7967465272043882,0,-1,0.01789920857569104,0.008590480726703653,0.007681979639355019,21.57179585963596,0.006939154300532602,0.455432227913106,-0.09482857123900945,-0.015820276264525868,0.0,RELIANCE
RELIANCE,2024-04-23,2958.0,2989.2,2911.4,2917.65,6351000,17579750,-8679750,30817000,11909750,7365750,226750,60306500,0.38646688516078787,0.5614889789945428,6684000,4966000,0.7429682824655894,23627500,4895250,3000.0,0.028224769934707693,-0.015820276264525868,-0.007247486347164767,-0.00424900174055487,0.0018886389780745638,0.02666529570030666,0.08033419023125948,-0.002209441567860276,2952.3675000000003,2965.558,-0.01175920680606335,-0.016154801221220372,-0.01594675253501052,36.85329553508157,0,-3.8607765335759723,-1.3439615735681345,-2.5168149600078378,0.18058718314513728,0.036815074992475,-1,-1,41.75008072325372,53.792857579980705,0.018121237492992142,0.17435727393364647,60.0,0.3159083592439231,0.3317845069085668,0.007361237340572302,0.03185718155308921,0.00197131942143524,0.9938551187736093,0.38646688516078787,0.4606284371012787,-0.11171551449807893,0.028224769934707693,0.31408773519535205,0.019408542326457244,1,0.15821004689217255,0.17543530293370443,0.901814196779866,0,0,0.019475331674952794,-0.007247486347164767,-0.00424900174055487,23.38250171259438,-0.0248742084281095,0.5463992831680855,-0.08180634749046511,-0.004541326067211582,0.0,RELIANCE
RELIANCE,2024-04-24,2925.6,2933.55,2900.55,2904.4,4559700,9177500,-8402250,26860000,11238500,-3957000,-671250,47276000,0.4184102755026061,0.4873829596708632,6033500,4018750,0.6660727604209828,20314500,5057250,3000.0,0.03291557636689158,-0.004541326067211582,-0.010813480237726325,-0.024681822761006056,-0.009092304805445206,0.011362071340035808,0.11666666666631037,0.002724795640326913,2951.035,2964.885,-0.01580293015840195,-0.020400453980508604,-0.004551669214719075,35.28413910093303,0,-6.6779221151819,-2.410753727907943,-4.267168387273957,0.09621284708637064,0.03913678294213958,-1,-1,37.73861967691808,50.50871866744037,0.018087089539024517,0.17505422497606327,63.33333333333333,0.3224810799807677,0.20371481167601943,0.009450298332137841,0.07648759716525082,0.0018183639811588295,1.0030786522955657,0.4184102755026061,0.4484942073035077,0.031943390341818256,0.03291557636689158,-0.1284031541032547,-0.05636138457986104,-1,0.1284272295400323,0.1745169478735693,0.7359011891468711,0,0,0.018650425272571672,-0.010813480237726325,-0.024681822761006056,24.960474326549644,0.011278950197314286,0.07741092462589405,-0.22277616344782514,0.004303814901528646,1.0,RELIANCE
RELIANCE,2024-04-25,2889.2,2936.4,2887.55,2916.9,4924100,2045000,-7132500,22219250,11011250,-4640750,-227250,35275500,0.4955725328262655,0.5512607550255003,4216750,3633250,0.8616232880773107,17414000,5230000,3000.0,0.028489149439473383,0.004303814901528646,-0.005065234075210978,-0.00809331111640077,-0.008312509561935744,0.016747231650039395,0.6008188331615124,-0.005233438920259011,2949.8125,2963.962,-0.011157488823442141,-0.015878071311305586,0.004294579977629325,43.21216617210686,0,-7.8142047843584805,-3.4914439764913006,-4.32276080786718,0.22395920715618403,0.04041971010336375,-1,-1,46.91629955943705,42.13499998653628,0.018198135985855804,0.17752324565445904,65.0,0.34576561852786003,0.30685854428582476,0.01111015855971329,0.12216525148379027,0.0013778511467243612,1.0157293031102532,0.4955725328262655,0.45483546403549713,0.07716225732365939,0.028489149439473383,-0.17277550260610575,-0.020220670018240867,-1,0.11904948594517072,0.174774169662423,0.6811617878488513,0,0,0.018740491723187886,-0.005065234075210978,-0.00809331111640077,26.91013906158197,0.008845140968740228,0.09928650521503068,-0.34599971634124704,0.01820425794507874,1.0,RELIANCE
RELIANCE,2024-04-26,2970.0,2977.6,2965.0,2970.0,1400,2500,2500,12646250,8385000,1972500,1190500,21033750,0.6630424038746664,0.6532720144752704,5406000,1474000,0.2726600073991861,5625250,6077000,3000.0,0.010101010101010102,0.01820425794507874,0.010908967136949332,0.001990486150939663,0.018675721561969283,0.004242424242424212,0.39682539682225026,0.01820425794507865,2952.535,2963.927,0.005915255873342851,0.0020489708417243957,0.018040544313024282,54.5074722802507,0,-4.389173532368659,-3.6709898926234934,-0.7181836397451655,0.6506178991377133,0.03927325973330899,-1,-1,85.90308370037758,56.85266764557756,0.018131313131313113,0.17670215068232104,65.0,0.3380221363865953,0.36978547435617387,0.013167579387649342,0.19063180232738003,0.0014528940852101685,0.9626138420359892,0.6630424038746664,0.49233489940463854,0.1674698710484009,0.010101010101010102,0.08877437357246531,0.10811669883074129,1,0.14777166855731536,0.18356493836856055,0.8050103129178148,0,1,0.017953573930163676,0.010908967136949332,0.001990486150939663,25.99213467766185,0.013900443043550093,-0.9996625920641653,-0.5331756815241105,0.00506734006734022,1.0,RELIANCE
RELIANCE,2024-04-29,2981.85,2987.0,2981.85,2985.05,700,3250,750,13046250,8642000,400000,257000,21691500,0.6624125706620676,0.4998041519780643,5465500,1251500,0.22898179489525203,5670750,6632000,3000.0,0.005008291318403316,0.00506734006734022,0.006915046128417535,0.015564930425611578,-0.008486680395934254,0.0017252642334299561,0.6213592232889477,0.003989898989898959,2951.2575,2964.421,0.011450203853780927,0.006958863130439363,0.005054544308431082,58.740257674566585,0,-0.4577664472358265,-3.0283451893527737,2.5705787421169473,0.815537707774666,0.036287909722441926,-1,1,96.95301027893056,76.5907978462484,0.017682163734993653,0.16283816711136206,40.0,0.20727537403708077,0.452284848265638,0.014407132103090525,0.1720155793235055,0.003666285129980608,1.146876486996994,0.6624125706620676,0.5251809336052787,-0.000629833212598796,0.005008291318403316,0.03162992982109321,0.030649970184853905,1,0.14110678668395152,0.1419840487122143,0.993821403632298,-1,-1,0.0164947595580792,0.006915046128417535,0.015564930425611578,24.7611538102644,-0.013136917877738519,-0.9998152849098326,-0.4155857276990246,0.0024957705901074156,1.0,RELIANCE
RELIANCE,2024-04-30,2997.75,3014.75,2988.0,2992.5,5400,10500,7250,15124750,8683500,2078500,41500,23818750,0.5741251921519364,0.42906172067325776,6271250,1510500,0.24086107235399642,7450500,6400000,3000.0,0.002506265664160401,0.0024957705901074156,0.02565420800987095,0.018220793140407254,0.0004178854993732717,0.008939014202172097,0.1682242990647917,0.004254535099914513,2951.32,2964.583,0.01395307862244688,0.009416838725716303,0.0024926613269520277,52.66423357664231,0,3.220666191035434,-1.7785428911930372,4.999209082228472,0.8830941930779876,0.03642205722386519,1,1,86.24420401849383,89.70009933260064,0.016953097028284975,0.15982202255657707,33.33333333333333,0.17883108648452573,0.468342696087954,0.009946604312915186,0.14886001428555673,0.0006014686371873315,1.1377251311829264,0.5741251921519364,0.5627125950035085,-0.08828737851013124,0.002506265664160401,0.15931781163169492,0.004802129136773895,1,0.14083483984790715,0.14047507439396445,1.002561061848436,-1,-1,0.013475698865977381,0.02565420800987095,0.018220793140407254,22.14409990130261,-0.0025715694772328046,-0.9983996585938334,-0.2012250537407232,0.0014536340852129293,1.0,RELIANCE
RELIANCE,2024-05-02,3002.0,3006.0,2995.9,2996.85,1600,12750,2250,16698000,9327750,1573250,644250,26038500,0.5586148041681639,0.4965270634337492,7265750,1736500,0.23899803874341946,7999500,6817250,3000.0,0.0010511036588418143,0.0014536340852129293,0.031831015011706265,0.02067333072220423,0.0016712067784145912,0.0033702053823180702,0.09405940593964561,0.0031746031746031746,2951.57,2964.281,0.01534098801654693,0.01098715000366024,0.001452578581939295,61.64213145345222,0,6.412222315262625,-0.14038982674697767,6.552612142009602,0.9148008926976195,0.036983980233859515,1,1,88.93353941261884,90.71025123668107,0.016139565591490095,0.1594315044812368,31.666666666666664,0.17514823633338608,0.483120193061896,0.007899241574431226,0.08700708955264394,0.0020506458665246648,1.1342406306315547,0.5586148041681639,0.5907535007366199,-0.015510387983772467,0.0010511036588418143,0.10401824823550802,0.07419243392641216,1,0.14001312173294556,0.14056232871770774,0.9960927861014992,0,-1,0.012441876633914755,0.031831015011706265,0.02067333072220423,19.72092073525471,-0.0010421365048944864,-0.9994835644382473,0.018258536814278248,-0.02389175300732438,0.0,RELIANCE
RELIANCE,2024-05-03,3000.0,3000.0,2891.0,2925.25,24000,52500,39750,22789500,11686500,6091500,2358750,34528500,0.5128019482656486,0.5816309229317831,7319500,3099000,0.4233895757906961,14065000,7057500,3000.0,0.02555337150670883,-0.02389175300732438,0.002862628132606515,-0.0022171058241664543,-0.02203166006385504,0.037261772498077085,0.31422018348595027,0.0010511036588418143,2948.275,2962.8559999999998,-0.007809651406330831,-0.012692483198643356,-0.024181789915000324,43.28667703473304,0,3.1375387651737583,0.5151958990504155,2.6223428661233426,0.28043895295872034,0.03556938496869197,1,1,44.667697063341784,73.2818134981515,0.018165724541247975,0.17583572487165736,70.0,0.32985115371191703,0.345602958102321,0.011199290799190641,-0.02897187157854648,0.004923621103801961,1.0694598685690166,0.5128019482656486,0.5941993838244966,-0.04581285590251527,0.02555337150670883,0.36480416816385197,0.2528744874165796,1,0.19165622351032277,0.16441544926785062,1.165682569656369,0,-1,0.014558093962173908,0.002862628132606515,-0.0022171058241664543,19.05329331912406,-0.025345387092537308,-0.9907014947347214,0.35820267325408506,-0.008153149303478324,0.0,RELIANCE
RELIANCE,2024-05-06,2936.05,2940.0,2900.0,2901.4,13300,61500,9000,24341000,12066250,1551500,379750,36468750,0.495717102830615,0.4763413244861041,5817250,3226250,0.5546005414929734,17314000,6873000,3000.0,0.03398359412697315,-0.008153149303478324,-0.02309764309764306,-0.01244064739018691,-0.01764008803114947,0.013786447921692976,0.03499999999991477,0.0036919921374242138,2945.67,2961.3839999999996,-0.015028838939867617,-0.02025539409951549,-0.0081865679942655,43.42926490984742,0,-1.3633992916011266,0.13947685752125624,-1.5028761491223828,0.10732824059220435,0.03827328698793342,1,-1,29.922720247276768,54.507985574412466,0.01811933155422503,0.1769124573475042,73.33333333333333,0.3400054707891849,0.2825473224957744,0.011566922931249835,-0.12095625708489602,0.0017447407870781109,1.098758252980794,0.495717102830615,0.5607343236156863,-0.017084845435033635,0.03398359412697315,0.06807959806051032,0.03249475890985325,1,0.19514931722555195,0.16101126590647846,1.2120227488783295,0,-1,0.013858759210783913,-0.02309764309764306,-0.01244064739018691,19.01828127038637,0.015738603703846055,-0.9937375516181131,0.27919233089669304,-0.013200523885021131,0.0,RELIANCE
RELIANCE,2024-05-07,2899.5,2899.5,2845.0,2863.1,22300,91000,29500,27118500,12586500,2777500,520250,39796000,0.4641296531887826,0.5676330963101808,6418750,3670500,0.571840311587147,19057750,6588750,3000.0,0.0478153050888897,-0.013200523885021131,-0.04085358704209319,-0.03422104535258308,-0.026801951086864118,0.019035311375781495,0.3321100917425082,-0.0006548562762804476,2941.7275,2958.691,-0.026728342445042963,-0.03230854455568355,-0.013288425219882515,38.379040907001695,0,-7.925017338110138,-1.47342199327758,-6.451595344832557,-0.08317375873594976,0.04583255341079606,-1,-1,10.662739322526802,28.417718877715117,0.016899763992076502,0.1778345073316413,76.66666666666667,0.3490152916469448,0.14588206879228094,0.009949014272010693,-0.13294915221014078,0.0004436219658619893,1.0671833993423405,0.4641296531887826,0.5210777401210293,-0.03158744964183241,0.0478153050888897,0.11410788381742738,0.04311612970061121,1,0.19443851556947467,0.1666391243852882,1.166823914672216,0,1,0.014313503854627773,-0.04085358704209319,-0.03422104535258308,19.56937140594501,-0.005047374581542807,-0.985977929386613,0.23858936013271048,0.008976284446928329,1.0,RELIANCE
RELIANCE,2024-05-08,2866.6,2914.95,2866.6,2888.8,18900,80250,-10750,25225000,12253500,-1893500,-333000,37558750,0.4857680872150644,0.4957104278549687,6522000,3108500,0.4766176019625882,17198500,7217000,3000.0,0.038493492107449394,0.008976284446928329,-0.034653299916457714,-0.009888094870872055,-0.01409508207910981,0.016737053447798363,0.4591520165450755,0.0012224511892703713,2939.6625,2956.741,-0.01730215628494758,-0.022978340003402375,0.008936237078328774,43.221188260558364,0,-10.928066639981353,-3.364350933566065,-7.563715706415287,0.14346829191141247,0.04852908140403993,-1,-1,25.80265095727504,22.12937017569287,0.01703623847766742,0.17988313734764896,78.33333333333333,0.3740445299895227,0.29815846023512765,0.013870062042954023,-0.10209188633053726,0.0020451282910870783,1.0570377469190633,0.4857680872150644,0.503406319133655,0.02163843402628185,0.038493492107449394,-0.069823183435662,-0.026456918126564175,-1,0.1899093840286354,0.17017664484191664,1.115954448940122,0,1,0.013320679629376947,-0.034653299916457714,-0.009888094870872055,19.633660628344536,0.02217680833194946,-0.9802536723990221,0.07685768433486917,-0.01557740238161176,0.0,RELIANCE
RELIANCE,2024-05-09,2888.8,2888.8,2835.35,2843.8,16500,94500,14250,26778500,12730000,1553500,476500,39603000,0.4753813693821536,0.5954184947090131,7492500,5216500,0.6962295628962296,18664750,4990250,3000.0,0.05492650678669379,-0.01557740238161176,-0.05107029047166178,-0.02086489464261121,-0.04503173377212122,0.01879527392924969,0.15809167446182265,0.0,2932.9575,2953.9040000000005,-0.03039849708016562,-0.03727406171629144,-0.01570000500097394,38.72002052071313,0,-16.74157420043639,-6.039795599331942,-10.701778601104447,-0.051851695332249134,0.055084540533778814,-1,-1,4.710144927533756,13.725178402445197,0.017462801281986868,0.1793634583087554,78.33333333333333,0.369063389176608,0.23038559865160785,0.018572372107683144,-0.09433882135842678,0.0017871693129457994,1.0831709766301088,0.4753813693821536,0.48675963217645285,-0.010386717832910841,0.05492650678669379,0.061585728444003965,0.03888684865548619,1,0.2033901846645121,0.16559108586759058,1.2282677142676601,0,1,0.014063999888298335,-0.05107029047166178,-0.02086489464261121,21.722118697825913,-0.02455368682854009,-0.967185076170399,0.053523449761911035,0.004729587172093597,1.0,RELIANCE
RELIANCE,2024-05-10,2851.95,2863.85,2831.0,2857.25,21600,101250,6750,26053250,12815250,-725250,85250,38969750,0.49188680874746915,0.4872443525974486,5593500,3009250,0.5379905247161885,18274000,7307750,3000.0,0.04996062647650713,0.004729587172093597,-0.023245876420818767,-0.020449792588021598,-0.02837759717074162,0.011497068859917721,0.7990867579884372,0.0028658836767703902,2928.785,2950.768,-0.024424804142332057,-0.031692766086659496,0.004718437815433166,39.838831528582254,0,-20.033723105058925,-8.83858111084781,-11.195141994211115,0.0909597970491176,0.059712478055043525,-1,-1,14.285714285706511,14.932836723505103,0.01667562466407508,0.1779059313507955,78.33333333333333,0.3941856959408407,0.23300027839258133,0.017564692599916755,-0.025929701633799773,0.0006861981614317367,1.093316533151171,0.49188680874746915,0.4825766042728169,0.016505439365315566,0.04996062647650713,-0.02708329443396755,0.0066967792615868025,0,0.20377243690491678,0.16272133992952714,1.252278507956858,0,0,0.013538983609286168,-0.023245876420818767,-0.020449792588021598,19.948504452099407,0.020306989553705357,0.7183770883054756,0.012747129946659497,-0.0018374310963339413,0.0,RELIANCE
RELIANCE,2024-05-13,2849.25,2857.6,2817.5,2852.0,17700,113000,11750,26473500,12655500,420250,-159750,39242000,0.4780440818176667,0.49867393729086584,7712250,4904750,0.6359687510129988,17949750,5333750,3000.0,0.051893408134642355,-0.0018374310963339413,-0.017026263183290813,-0.03973063973063973,-0.037819236867851935,0.014060308555399687,0.8603491271799013,-0.0027998950039373523,2923.18,2947.2290000000003,-0.024350193966844236,-0.03231136772880572,-0.0018391212435208163,35.02328675981367,0,-22.803020255413685,-11.63146894803988,-11.171551307373806,0.11380423414891112,0.06305142655612962,-1,-1,17.490494296569082,12.162117836603116,0.016634942897214972,0.1785829363630974,80.0,0.41862522093399224,0.10992369042704846,0.01573037551283305,-0.016088397160820556,0.0007823233831388259,1.123654395341731,0.4780440818176667,0.4790420000702273,-0.01384272692980243,0.051893408134642355,0.01613042518687688,-0.01246561713583426,0,0.17023810478942547,0.15893048342183583,1.071148221643937,0,0,0.014520772040583713,-0.017026263183290813,-0.03973063973063973,19.470744902912646,-0.006567018268427538,0.24647887323942785,0.005331263337765346,0.011202664796633899,1.0,RELIANCE
RELIANCE,2024-05-14,2872.0,2895.85,2860.0,2883.95,15800,115000,2000,24884750,12459000,-1588750,-196500,37458750,0.5006680798480997,0.4783518405045505,6948500,2678500,0.385478880333885,15821750,7967250,3000.0,0.040239948681495934,0.011202664796633899,0.007282316370367692,-0.03386877941743027,-0.018831014187051465,0.012430867386743845,0.6680613668042698,0.0070126227208976155,2920.4125,2944.473,-0.01248539375858726,-0.020554781789474785,0.011140379688464885,45.329822616407945,0,-22.16655608712199,-13.738486380852928,-8.428069706269062,0.3048726947275563,0.06398588727069798,-1,-1,33.688212927739485,21.821473836671696,0.015609791134678865,0.17719643888002987,75.0,0.4109391358015399,0.14760089578542462,0.017328919775118058,0.011247208862961645,0.00046516438495427734,1.0841026060442505,0.5006680798480997,0.48634968540209067,0.022623998030432968,0.040239948681495934,-0.060012843031710957,-0.015526846035320611,-1,0.18177676915506136,0.16344987806844813,1.1121254490488264,0,0,0.015591332355915102,0.007282316370367692,-0.03386877941743027,19.233715000059686,0.01304009589296784,0.005728835136849186,-0.02872185539503891,-0.0013176372683297854,0.0,RELIANCE
RELIANCE,2024-05-15,2883.95,2904.2,2875.85,2880.15,6300,119000,4000,25483250,12344750,598500,-114250,37947000,0.4844260445586807,0.6813144602147226,6005750,2380250,0.3963285185031012,17406750,7890750,3000.0,0.041612416019998925,-0.0013176372683297854,-0.0029943229022432183,-0.03754385964912277,-0.020007145409074556,0.009843237331388957,0.15167548500829026,0.0,2917.4725,2941.731,-0.01279275125986612,-0.020933593180341825,-0.0013185061156161372,46.54902518855841,0,-21.718117616184372,-15.33441263094691,-6.383704985237463,0.30287862980013036,0.06489784058879763,-1,-1,31.761723700871144,27.64681030839324,0.015515064939574066,0.1572868670768579,26.666666666666668,0.18955593547659658,0.1241826486123651,0.015397618521720901,-0.002603251012184371,0.0003695050146403263,0.9624150894617238,0.4844260445586807,0.486081276870814,-0.016242035289418977,0.041612416019998925,0.024050874531590632,-0.0091700778553656,0,0.17931656072042043,0.16342934426411218,1.0972115284322033,0,0,0.01568175466883679,-0.0029943229022432183,-0.03754385964912277,18.71741442102523,-0.012520302064963684,-0.6012658227848127,-0.01803897619559003,0.003090116834192802,1.0,RELIANCE
RELIANCE,2024-05-16,2887.0,2893.15,2847.8,2889.05,18900,135750,16750,25544750,12140250,61500,-204500,37820750,0.47525421074780533,0.6129539475673547,7520000,2591250,0.3445811170212766,15972000,7754000,3000.0,0.0384036274900053,0.003090116834192802,0.01591180814403259,-0.035971102991474324,-0.016041414777855367,0.01569720150222388,0.9095920617400027,0.0023783483499122994,2915.1175,2940.507,-0.008942178145477708,-0.017499363205052743,0.003085352236088114,45.99568655643422,0,-20.409874764206506,-16.349505059139446,-4.06036970506706,0.3628821107317144,0.06521525523189652,-1,-1,36.273764258536836,33.90790029571582,0.015380735634798375,0.15815519058519173,33.33333333333333,0.2046684722713283,0.13423233617076968,0.011368431976517402,0.00894776327270752,0.005039184233157762,0.9640059349020383,0.47525421074780533,0.48605584514394434,-0.009171833810875385,0.0384036274900053,0.002413349945552471,-0.016565746572429575,0,0.18083100902711938,0.1640603908780528,1.1022222240791202,0,0,0.01691445428082737,0.01591180814403259,-0.035971102991474324,18.541152899071772,0.0044077541025225875,0.07815173987449486,-0.012194532701798044,0.005970820858067549,1.0,RELIANCE
RELIANCE,2024-05-17,2877.95,2908.0,2875.3,2906.3,21200,134500,-1250,24717750,12365500,-827000,225250,37217750,0.5002680260136946,0.6265655660263083,7627000,2241000,0.2938245706044316,14694250,8578000,3000.0,0.03224030554313038,0.005970820858067549,0.01716685624289105,-0.006478078796683939,-0.00868082203462095,0.011251419330420058,0.9480122324130082,-0.0038420934217131457,2913.8450000000003,2939.321,-0.0025893621657980814,-0.01123422722458678,0.005953066145626228,39.78839371593462,0,-17.777295079594296,-16.63506306357713,-1.1422320160171644,0.46020511099877287,0.0650677067030915,-1,-1,45.01901140682138,37.68483312207645,0.014601284893408886,0.15630010673590425,21.666666666666668,0.18705597880421881,0.31761925987897555,0.00788317487055128,0.008938498987066867,0.005026460286188468,0.9430067497339152,0.5002680260136946,0.4877320885971894,0.02501381526588925,0.03224030554313038,-0.03237455837305121,0.018553983649430613,0,0.1457226401759371,0.16574654071745107,0.8791896316945295,0,0,0.014313418964061667,0.01716685624289105,-0.006478078796683939,20.79742720792022,0.0028807040238747472,0.2289855072463698,-0.018965528603153925,0.0042149812476344195,1.0,RELIANCE
RELIANCE,2024-05-21,2907.65,2928.0,2901.9,2918.55,17200,134500,3500,25339500,12527250,722000,63250,38001250,0.4943763689101995,0.5194727944399219,7387250,1790750,0.2424109106907171,14753500,9224500,3000.0,0.027907693889088696,0.0042149812476344195,0.023334502103786958,0.005910939546425853,-0.006603243758402821,0.008942796936835041,0.6379310344803202,0.00046450813749437735,2912.875,2937.26,0.0019482470068232782,-0.006369882135051075,0.004206123096745295,39.242963442251686,0,-14.535637283822325,-16.215177907218322,1.6795406233959973,0.5301365045022373,0.06464741146938222,-1,-1,51.22940430922634,44.17405999152819,0.01476271240366423,0.15099535577147782,18.333333333333332,0.1227920423439812,0.3935723047844125,0.006920939138952397,0.006125379970552403,0.005925099420476319,0.9077891278001655,0.4943763689101995,0.4909985460156959,-0.005891657103495096,0.027907693889088696,0.029209778398114714,0.005115037806801181,1,0.1409489347308713,0.16633307346013732,0.8473897085771793,0,0,0.013829053865575872,0.023334502103786958,0.005910939546425853,22.990073450564264,-0.0017558396104331297,-0.024943310657601803,0.008282235447383934,0.014048071816484153,1.0,RELIANCE
RELIANCE,2024-05-22,2924.8,2975.4,2924.65,2959.55,37000,131750,-2750,22716750,13223000,-2622750,695750,36071500,0.5820815037362299,0.5174779906784048,10023750,1810250,0.180596084299788,8042000,10558250,3000.0,0.013667618387930536,0.014048071816484153,0.02621404670677374,0.03368726205860795,-0.0016865966166872415,0.017147877211062493,0.6876847290626862,0.002141474362268935,2912.625,2935.4539999999997,0.016110896528046093,0.008208611001909949,0.01395031214830439,45.1918867649205,0,-8.561769050301791,-14.684496134645574,6.122727084343783,0.7506620354445271,0.06427338108640598,-1,-1,75.35809018563651,57.20216863389475,0.015213461505972178,0.15224637698325583,21.666666666666668,0.14036502259565115,0.5609067135193145,0.006279538074128776,0.007193148198739041,0.0051377048270754636,0.8906904203463673,0.5820815037362299,0.507281230793322,0.08770513482603043,0.013667618387930536,-0.10350441011069673,0.05553892514318785,0,0.13221332570292485,0.170930744753022,0.7734906076528886,0,0,0.013640310449103974,0.02621404670677374,0.03368726205860795,24.508770001178018,0.009833090568849734,0.936159079016212,-0.03582172932762928,0.016387626497271546,1.0,RELIANCE
RELIANCE,2024-05-23,2966.0,3017.05,2965.0,3008.05,33100,141000,9250,21368500,14404250,-1348250,1181250,35913750,0.674088026768374,0.48370972784573146,9012250,1462250,0.16225138006602124,7231000,12156500,3000.0,-0.0026761523245957286,0.016387626497271546,0.04440740933631937,0.04128011631127104,0.030983839734032514,0.017303568757168323,0.8270893371742041,0.002179385379533989,2917.145,2934.916,0.031162317951284546,0.024918600736784313,0.016254798538207212,51.44777662874874,0,0.08269951108195528,-11.731057003664052,11.813756514746007,0.9417434652240307,0.07054392516128867,1,1,95.48985216732875,74.02578222073053,0.01601298420666448,0.1462692629005831,6.666666666666667,0.07530596791801723,0.6064199778912391,0.004243388597293518,0.010674667486411682,0.004633274138786852,0.861950455066148,0.674088026768374,0.5452136272352607,0.09200652303214407,-0.0026761523245957286,-0.059350479271902894,0.08933298041291689,0,0.14560100398323242,0.16969567328920665,0.8580124706496686,0,0,0.013696961980040969,0.04440740933631937,0.04128011631127104,25.15310146645036,0.0023395546807873924,0.6122747199220575,-0.029489258208350244,-0.00169545054104836,0.0,RELIANCE
RELIANCE,2024-05-24,3008.0,3014.9,2996.2,3002.95,18100,148750,7750,21374500,14056750,6000,-347500,35580000,0.657641114412033,0.6387530664352581,9324000,1531250,0.16422672672672672,7303750,11670750,3000.0,-0.000982367338783469,-0.00169545054104836,0.03942472439037048,0.055963851185034,0.03393127668365237,0.006227209910255007,0.3609625668429843,-1.6622064127983876e-05,2922.0725,2934.1539999999995,0.027678129136083918,0.023446622092773595,-0.0016968894439393844,62.12925382453946,0,6.447834031228467,-8.095278794877391,14.543112826105858,0.8691439357552723,0.07497923290931069,1,1,92.93410172884326,87.9273480272695,0.013892291627518647,0.14487583299476928,3.3333333333333335,0.05704528788262672,0.6916694428094894,0.0069784531844529814,0.011867885351354279,0.003220966490691802,0.859128466501595,0.657641114412033,0.5816910079681062,-0.016446912356340992,-0.000982367338783469,0.00028078713994899034,-0.024124824270614575,0,0.10375834624207726,0.16863116350782384,0.615297576214218,0,0,0.012440155578141501,0.03942472439037048,0.055963851185034,24.387062768566892,-0.018083077038319906,-0.12518124697922117,-0.026721394212028682,-0.009807023093957534,0.0,RELIANCE
RELIANCE,2024-05-27,3002.95,3003.8,2965.0,2973.5,30400,166500,17750,22396750,13400750,1022250,-656000,35964000,0.5983345797939433,0.56969759438365,10611750,2351750,0.22161754658750912,8489000,10015750,3000.0,0.008912056499075165,-0.009807023093957534,0.023122182844166117,0.040685974275964654,0.01940416195275807,0.013048595930721434,0.21907216494788795,0.0,2924.9025,2933.83,0.016615083750654902,0.013521574188006813,-0.009855428681418752,61.06167536054003,0,9.013203993985826,-4.673582235743397,13.686786229729222,0.7171776988129558,0.07650455751877223,1,1,78.17589576543307,88.86661655386835,0.01400105695548776,0.14310203094611956,3.3333333333333335,0.03360951144202869,0.6023997016996753,0.008024626890259868,0.006520643565500128,3.5808688220641954e-06,0.8264820563427375,0.5983345797939433,0.6013043187241559,-0.05930653461808966,0.008912056499075165,0.04782568013286861,-0.04666797090365839,0,0.12923318207561177,0.17314596217213907,0.7463828805461361,0,0,0.012595308285221873,0.023122182844166117,0.040685974275964654,23.113614662315296,-0.008111572552909174,0.4093648585999008,-0.00942265900220629,-0.005700353119219681,0.0,RELIANCE
RELIANCE,2024-05-28,2977.0,2995.0,2953.7,2956.55,33400,210750,44250,23062000,13194000,665250,-206750,36466750,0.5721099644436736,0.5210339006250853,11586750,3291250,0.28405290525816124,9538250,8748250,3000.0,0.01469618305119136,-0.005700353119219681,0.013020164122595101,0.03665848527349236,-0.004528619528619493,0.013968984120004796,0.06900726392235958,0.0011770640659155877,2924.2300000000005,2933.5510000000004,0.011052482191893143,0.007839986419189593,-0.005716662139710064,65.34230832375641,0,9.56890265257789,-1.825085257172501,11.393987909750392,0.6457165820503564,0.07584917266348983,1,1,69.68178401399669,80.26392716942433,0.013716518045888427,0.14585161581045245,10.0,0.12792933487349786,0.5786773866207772,0.008494792963120812,0.007935148776011803,0.001645396351925293,0.8996718840512536,0.5721099644436736,0.6168510378308507,-0.026224615350269764,0.01469618305119136,0.0297029702970297,-0.015428240956662873,0,0.1354458642573384,0.16211645412737627,0.8354849907299905,0,0,0.012586175841682385,0.013020164122595101,0.03665848527349236,23.22706383037169,0.004106669974737853,0.44338807260154955,0.01298778861752492,-0.011432243662376829,0.0,RELIANCE
RELIANCE,2024-05-29,2953.65,2956.0,2920.0,2922.75,37700,267500,56750,22292000,12047500,-770000,-1146500,34607000,0.5404405167773192,0.6005805277897014,6875500,2836500,0.4125518144134972,13975250,7577250,3000.0,0.026430587631511418,-0.011432243662376829,-0.012434322785558671,0.01345377000294734,-0.020870672183045613,0.012317167051578136,0.07638888888867669,-0.0009808729769495157,2921.1150000000002,2932.26,0.0005597177789986585,-0.003243232182685074,-0.01149809412000998,55.42939389093233,0,7.200154282029871,-0.02003734887240829,7.22019163090228,0.5076299605211095,0.07335788664079745,1,1,52.74367326481943,66.86711768141639,0.013501228050881636,0.14812662116837902,16.666666666666664,0.18622721108379653,0.43967576373905354,0.0076745529579822945,0.007978606384332588,0.0007587243514619313,0.8945958209061187,0.5404405167773192,0.6085228404390686,-0.03166944766635438,0.026430587631511418,-0.0333882577400052,-0.08689555858723662,-1,0.14720615056520617,0.16557937966766362,0.8890367313355185,0,0,0.012574805808165812,-0.012434322785558671,0.01345377000294734,22.50881808556872,-0.005731890543157148,0.48835373075404087,-0.030787284036710605,-0.012915918227696555,0.0,RELIANCE
RELIANCE,2024-05-30,2919.9,2920.15,2877.65,2885.0,72200,361250,93750,21749750,10987250,-542250,-1060250,33098250,0.5051667260543224,0.706110872367855,4815500,2044250,0.42451458830858685,15777500,6926000,3000.0,0.03986135181975736,-0.012915918227696555,-0.040906899818819564,0.0016839400725656706,-0.035923141186299135,0.014731369150779897,0.17294117647017918,-0.0009751090582499047,2915.7400000000002,2931.9510000000005,-0.010542778162662025,-0.01601356912172147,-0.013000053944728402,56.74525212835623,0,2.252124275863025,0.43439497616724776,1.8177292996957775,0.35042982880635226,0.07048717052696546,1,1,33.82610874465854,52.08385534115822,0.013471156226788806,0.15019093851323614,21.666666666666668,0.192732308551452,0.3684503872852609,0.007503376934888761,0.01582328888970752,0.006147469093891347,0.8822669035811672,0.5051667260543224,0.5747385802962584,-0.035273790722996745,0.03986135181975736,-0.02432486990848735,-0.08800581033409421,-1,0.16373458540558788,0.17023299617766077,0.9618263731816505,0,0,0.013063618990104909,-0.040906899818819564,0.0016839400725656706,20.49950459224522,-0.0014836745653197259,1.2619047619047548,-0.058189066448132265,0.00301559792027728,1.0,RELIANCE
SBIN,2024-01-01,646.55,652.2,642.5,645.85,1755200,87327000,-1410000,63682500,35664000,7036500,3253500,186673500,0.5600282652219998,0.5492398101093742,18457500,9327000,0.505323039414872,38647500,22350000,650.0,0.006425640628628903,0.0,0.0,0.0,0.0,0.015018967252458071,0.3453608247387083,0.0,645.85,645.85,0.0,0.0,0.0,50.0,0,0.0,0.0,0.0,0.0,0.0,0,0,34.536082473870835,34.536082473870835,0.015018967252458071,0.14285592321065696,100.0,0.0,0.5,0.0,0.0,0.0,0.0,0.5600282652219998,0.5600282652219998,0.0,0.006425640628628903,0.0,0.0,0,0.0,0.0,0.0,0,0,0.015018967252458071,0.0,0.0,0.0,0.0,0.0,0.0,-0.0030192769218859716,0.0,SBIN
SBIN,2024-01-02,646.0,652.75,637.75,643.9,2739700,91846500,4519500,69600000,37815000,5917500,2151000,199261500,0.5433189655172413,0.5562580830579099,19164000,9780000,0.5103318722604884,43624500,23913000,650.0,0.009473520733033116,-0.0030192769218859716,0.0,0.0,0.0,0.023295542786146917,0.40999999999726516,0.00023225207091426379,644.875,644.875,-0.0015119209149060397,-0.0015119209149060397,-0.0030238441338867952,0.0,-1,-0.043750000000045475,-0.024305555555580817,-0.019444444444464658,0.3232233046975008,0.008552716252382459,0,-1,40.99999999972651,37.76804123679867,0.019179996893927666,0.1864542057205508,100.0,0.9999999977063316,0.13642050298765068,0.0,-0.06743324574725396,0.0,0.0,0.5433189655172413,0.5516736153696206,-0.01670929970475843,0.009473520733033116,0.09292191732422565,0.06031292059219381,1,0.0,0.0,0.0,0,0,0.019157255019302495,0.0,0.0,49.999999999740005,0.0,0.2190260072526642,0.03261689144545077,0.005047367603665087,1.0,SBIN
SBIN,2024-01-03,642.65,652.4,640.15,647.15,2351000,91636500,-210000,73257000,40027500,3657000,2212500,204921000,0.5463982964085343,0.470967399665773,26487000,11814000,0.4460301279873145,40039500,25234500,650.0,0.004403924901491189,0.005047367603665087,0.0,0.0,0.0,0.018929150892374257,0.5714285714239067,-0.0019412952321789098,645.6333333333333,645.6333333333333,0.0023491145645102574,0.0023491145645102574,0.005034672344309263,62.49999999999945,0,0.045036121731413914,0.004113164644007183,0.04092295708740673,0.7317931624751988,0.010134529160877556,0,1,62.66666666624874,46.06758304661536,0.019032166679543664,0.18456029966400356,66.66666666666666,0.9565600743154627,0.2946794363161066,0.008066644525551059,-0.047917810759896984,0.0,2.0382624061845727,0.5463982964085343,0.5499151757159252,0.003079330891292975,0.004403924901491189,0.05254310344827586,0.05850852836176121,1,0.09054786022652309,0.09054786022652309,0.9999999988956118,0,0,0.019081220310326413,0.0,0.0,66.66666666623404,0.008066644525551059,0.03025168348938778,0.04046163532231195,0.0003090473615081635,1.0,SBIN
SBIN,2024-01-04,646.55,650.4,642.55,647.35,2050400,95751000,4114500,79078500,41488500,5821500,1461000,216318000,0.5246495570856807,0.45432921027592693,30118500,12172500,0.4041535933064396,41997000,26335500,650.0,0.004093612419865571,0.0003090473615081635,0.0,0.0,0.0,0.012126361319224566,0.6114649681450838,-0.0009271420845244886,646.0625,646.0625,0.001992841249879085,0.001992841249879085,0.0003089996162091217,63.88888888888866,0,0.09153499324793302,0.033727605227992896,0.05780738801994012,0.7027370517938798,0.009829684471274816,0,1,63.99999999957348,55.88888888851625,0.017301305321696173,0.1699921068009662,50.0,0.6224140485788576,0.2854585656998951,0.006402482383853991,-0.050484058730694135,0.0,2.641589120594614,0.5246495570856807,0.5435987710583641,-0.021748739322853594,0.004093612419865571,0.07946680863262214,0.036499906314408845,1,0.06435221329899427,0.06435221329899427,0.999999998446052,0,0,0.01734250556255095,0.0,0.0,74.99999999943974,-0.004738320242156924,-0.07808864359340395,0.07197704584141706,-0.0029350428670734674,0.0,SBIN
SBIN,2024-01-05,648.7,655.75,640.0,645.45,3195400,97831500,2080500,87210000,43057500,8131500,1569000,228099000,0.4937220502235982,0.4416757798260684,27259500,11452500,0.42012876244978814,53838000,27351000,650.0,0.007049345417925407,-0.0029350428670734674,0.0,0.0,0.0,0.024401580292818963,0.3460317460295519,0.0020854251950259096,645.9399999999999,645.9399999999999,-0.0007585843886427357,-0.0007585843886427357,-0.002939358551937947,47.26027397260292,0,0.0392693697933737,0.035376154896418883,0.003893214896954815,0.412622510076292,0.008681691238429592,0,1,42.77777777754038,56.48148148112087,0.0187621039584786,0.184015940561476,60.0,0.9440742819873945,0.24902534102934845,0.0053496849987632045,-0.05147841586173929,0.0,3.0542935007581016,0.4937220502235982,0.5336234268914108,-0.03092750686208251,0.007049345417925407,0.10282820235588687,0.03781770852163853,1,0.060248283346172306,0.060248283346172306,0.9999999983402017,0,0,0.018754320508604556,0.0,0.0,61.188118811425895,-0.003244090228581631,0.3213195828543547,0.10163695952661755,-0.024788906964133495,0.0,SBIN
SBIN,2024-01-08,643.95,648.45,627.8,629.45,2487300,99667500,1836000,96658500,42933000,9448500,-124500,239259000,0.4441720076351278,0.48058950757004126,12493500,12297000,0.9842718213471005,81315000,20151000,650.0,0.032647549447930656,-0.024788906964133495,-0.025392893086629953,0.0,0.0,0.0328064183016921,0.07990314769937498,-0.0023239600278875203,643.1916666666667,643.1916666666667,-0.02136480831271137,-0.02136480831271137,-0.025101325740450008,14.806866952789846,-1,-0.677056859857089,-0.15773280261114567,-0.5193240572459433,-0.0016815281129802348,0.042586396180605786,-1,-1,5.903398926633935,37.5603922345826,0.021500251542351828,0.20996249853094273,100.0,0.9999999985098331,0.055665635280091684,0.00947572977333741,-0.05096795752597556,0.0,1.1502366909869446,0.4441720076351278,0.5104521753740364,-0.0495500425884704,0.032647549447930656,0.10834193326453388,-0.0028914823201532836,0,0.1825385158212643,0.1825385158212643,0.9999999994521703,1,0,0.021096336807452477,-0.025392893086629953,0.0,59.65975521277849,-0.021853864097060027,0.02365045613553729,0.09967886448467334,-0.0034156803558663684,0.0,SBIN
SBIN,2024-01-09,634.2,636.9,626.3,627.3,1790300,98836500,-831000,98205000,42820500,1546500,-112500,239862000,0.4360317702764625,0.4629116999039596,6304500,9327000,1.4794194622888412,88983000,20091000,650.0,0.03618683245655994,-0.0034156803558663684,-0.02578040068333598,0.0,0.0,0.016897816036983936,0.09433962264061924,0.0075462705536579544,640.9214285714286,640.9214285714286,-0.021252883683090307,-0.021252883683090307,-0.003421527109570825,13.555992141453928,-1,-1.222180403597008,-0.4271160935426838,-0.7950643100543242,0.1071886115432656,0.054104550702067704,-1,-1,3.395585738528363,17.358920814234228,0.02090592334494778,0.20357759505904696,85.71428571428571,0.9048542779614759,0.0665324428392918,0.011855229140323354,-0.03798536465026996,0.0011752347767155676,1.2441931491619096,0.4360317702764625,0.48899473632588064,-0.008140237358665314,0.03618683245655994,0.015999627554741692,-0.002620361959331982,0,0.1636221796203892,0.1636221796203892,0.9999999993888359,0,0,0.02049654812595697,-0.02578040068333598,0.0,59.00007829759733,0.021373226608267126,-0.2344144221194553,0.06278562180814728,-0.003985333970986771,0.0,SBIN
SBIN,2024-01-10,627.1,627.7,620.2,624.8,1652300,103600500,4764000,101880000,43665000,3675000,844500,249145500,0.4285924617196702,0.42699854276756344,10668000,10111500,0.9478346456692913,88083000,20964000,650.0,0.0403329065300897,-0.003985333970986771,-0.034536042648535936,0.0,0.0,0.012003841229193343,0.6133333333251434,-0.0003188267176788328,638.90625,638.90625,-0.022078747860112546,-0.022078747860112546,-0.003993296577221375,12.343470483005461,-1,-1.6869509592120266,-0.7298781029629269,-0.9570728562490998,0.1417582553133238,0.06163086292315032,-1,-1,12.939521800244655,7.412835488468985,0.01986635723431502,0.19469186979305372,75.0,0.7724421378642902,0.07110130700101198,0.010355830958237222,-0.040045590398781174,0.0006892539908350467,1.302757567150996,0.4285924617196702,0.46543356938810787,-0.007439308556792312,0.0403329065300897,0.037421719871696964,0.019721862192174307,1,0.14944597104782137,0.14944597104782137,0.9999999993308618,0,1,0.019434959763861517,-0.034536042648535936,0.0,59.65182436321379,-0.0005696536151204024,-0.26652461490655655,0.062287906327666454,-0.002720870678617038,0.0,SBIN
SBIN,2024-01-11,627.75,629.55,621.0,623.1,1668300,106596000,2995500,107191500,45696000,5311500,2031000,259483500,0.4263024586837576,0.4330159754720019,14353500,11208000,0.7808548437663287,89433000,21991500,650.0,0.043171240571336825,-0.002720870678617038,-0.03746041554027957,0.0,0.0,0.013721714010592127,0.24561403508485058,0.004721510883482788,637.1500000000001,637.1500000000001,-0.022051322294593168,-0.022051322294593168,-0.0027245789752997768,11.635750421585286,-1,-2.0674713390825445,-1.0388687763408215,-1.028602562741723,0.16891556816724418,0.06660331980139357,-1,-1,8.157524613197815,8.164210717323611,0.01923179799925108,0.1886308262674201,66.66666666666666,0.682122471159894,0.08072980929009042,0.009661059568279784,-0.03722104464370664,0.0008949534844300347,1.35903052092685,0.4263024586837576,0.44576414970772327,-0.002290003035912591,0.043171240571336825,0.05213486454652532,0.04651322569563724,1,0.13879807938593758,0.13879807938593758,0.9999999992795289,0,1,0.01880015468016492,-0.03746041554027957,0.0,59.09558491076262,0.001264463292369733,-0.2374415309371809,0.06708768934300235,0.02038196116193225,1.0,SBIN
SBIN,2024-01-12,624.5,639.2,622.95,635.8,3136100,106405500,-190500,98805000,47560500,-8386500,1864500,252771000,0.4813572187642326,0.456615193859155,19357500,10111500,0.522355676094537,74094000,28990500,650.0,0.022334067316766352,0.02038196116193225,-0.01495080951274319,0.0,0.0,0.02555835168291916,0.790769230764359,0.0022468303643074583,637.015,637.015,-0.0019073334222899918,-0.0019073334222899918,0.020177028926525994,38.13459268004715,0,-1.653154256656535,-1.1765043831547364,-0.47664987350179855,0.4696597071411057,0.06286470045738349,-1,-1,43.88185653996075,21.659634317801075,0.019518716577540132,0.19506543094622553,80.0,0.7780088226613046,0.1889414972819311,0.013632807890673315,-0.021155007822020244,0.004355742172043025,1.0562384459752456,0.4813572187642326,0.4432911834158501,0.055054760080474996,0.022334067316766352,-0.07823847973020248,0.040802258403361345,0,0.18467935112936923,0.18467935112936923,0.9999999994585209,1,1,0.019475974380440342,-0.01495080951274319,0.0,55.04592980132328,0.023102831840549287,0.3739157101550863,0.018809838769355824,0.008965083359547155,1.0,SBIN
SBIN,2024-01-15,637.9,647.0,637.4,641.5,2347900,104334000,-2071500,99204000,48808500,399000,1248000,252346500,0.4920013305915084,0.5557055488384643,34711500,14394000,0.41467525171773045,58660500,29910000,650.0,0.013250194855806703,0.008965083359547155,0.019143696878227034,-0.006735310056514732,0.0,0.014964925954793488,0.42708333332888593,0.003302925448254204,637.4227272727272,637.4227272727272,0.006396497258134737,0.006396497258134737,0.008925135578988915,45.47346514047865,0,-1.0269072699453545,-1.1437733895728655,0.11686611962751092,0.6062512414961454,0.06020162369840817,-1,-1,59.915611814177396,37.318330989111985,0.019173811379579138,0.19088699861969924,63.63636363636363,0.7157432056132442,0.23071346266051457,0.011545410631738329,-0.011033905847631554,0.0007866013915197641,1.048056879227175,0.4920013305915084,0.4528570480071263,0.010644111827275815,0.013250194855806703,0.004038257173219979,0.026240262402624025,1,0.1821341973878855,0.1821341973878855,0.9999999994509542,0,0,0.019470570250673884,0.019143696878227034,-0.006735310056514732,50.060231822341144,-0.011416877802385095,0.0025748653853543413,0.0064804921153613915,-0.004286827747466915,0.0,SBIN
SBIN,2024-01-16,641.0,646.95,634.3,638.75,2285200,104928000,594000,98136000,48285000,-1068000,-523500,251349000,0.4920212765957447,0.5886611374407575,35280000,14337000,0.4063775510204082,57438000,29589000,650.0,0.01761252446183953,-0.004286827747466915,0.01825282958711938,-0.00799813635657709,0.0,0.01980430528375748,0.3517786561237024,-0.000779423226812159,637.5333333333333,637.5333333333333,0.001908396946564972,0.001908396946564972,-0.004296042537776969,43.01181102362204,0,-0.7048636290425065,-1.0495139801755669,0.3446503511330603,0.5332239702183867,0.0574403641087166,-1,-1,52.18002812924838,51.99249882779551,0.019302022178734543,0.19066947322135014,58.333333333333336,0.7125017140457377,0.22573986450676822,0.009921147531487717,-0.009739269954196762,9.998883285309429e-05,1.0978294931479031,0.4920212765957447,0.4640549492709827,1.994600423627091e-05,0.01761252446183953,-0.01076569493165598,-0.01072559082946618,-1,0.18271270900087447,0.17367858515519002,1.0520163365702824,0,1,0.01912144650043494,0.01825282958711938,-0.00799813635657709,46.36655730942004,-0.01325191110701407,-0.004885865825937752,-0.006600687457982368,-0.019804305283757317,0.0,SBIN
SBIN,2024-01-17,631.5,637.2,624.0,626.1,3594300,103351500,-1576500,100486500,47839500,2350500,-445500,251677500,0.4760788762669612,0.697411482087525,11749500,11979000,1.019532746074301,85675500,23890500,650.0,0.03817281584411432,-0.019804305283757317,0.002080665813060323,-0.032527234798732874,0.0,0.021082894106372856,0.15909090908970502,-0.011350293542074364,636.6538461538462,636.6538461538462,-0.016577055518637085,-0.016577055518637085,-0.02000303876664941,34.43656422379827,0,-1.1712523857869428,-1.075278056365319,-0.09597432942162376,0.21694108147705957,0.058563975320663555,-1,-1,16.59634317857493,42.897327707333574,0.019989433980809195,0.19136875689665908,69.23076923076923,0.7229222081765938,0.12822721894185157,0.012910712315721717,-0.002259958593208733,0.0033376966469552804,1.0245593585523423,0.4760788762669612,0.47355223218044096,-0.015942400328783468,0.03817281584411432,0.02395145512350208,-0.009226467847157502,0,0.2022110016487426,0.1867815224142785,1.0826070958559864,0,1,0.019336820821834803,0.002080665813060323,-0.032527234798732874,44.43420723867396,-0.015517477536290403,0.4847877723845915,-0.007289207594502356,0.005909599105573982,1.0,SBIN
SBIN,2024-01-18,627.5,633.95,619.35,629.8,2334900,100072500,-3279000,102070500,48099000,1584000,259500,250242000,0.47123311828589065,0.6168661634065975,22371000,14955000,0.6684993965401637,76209000,24970500,650.0,0.03207367418228017,0.005909599105573982,0.010752688172043001,-0.027110527535336493,0.0,0.023181962527786638,0.715753424652626,0.0022360645264334405,636.1642857142857,636.1642857142857,-0.010004154362642237,-0.010004154362642237,0.005892205915659309,38.049143708116105,0,-1.2907006271049113,-1.120344618894214,-0.17035600821069719,0.32594078136215604,0.05747557894941839,-1,-1,28.708791208712167,32.49505417217849,0.02010842444313391,0.193727947739354,71.42857142857143,0.7580780901139361,0.1502025853351322,0.01780060053511403,0.007179552183218263,0.0036305157384319414,1.0607017956220115,0.47123311828589065,0.4825383641008675,-0.004845757981070564,0.03207367418228017,0.015763311489603082,0.0054243877966951995,1,0.20685519508192377,0.1826412931823867,1.13257627212538,0,1,0.020442380942691008,0.010752688172043001,-0.027110527535336493,43.16686742262982,0.0257139043893313,-0.04666829985301324,-0.005702542780990916,-0.0008732931089233675,0.0,SBIN
SBIN,2024-01-19,632.9,635.85,625.3,629.25,1826200,95554500,-4518000,104796000,49077000,2725500,978000,249427500,0.46830985915492956,0.4901018684970306,25297500,14938500,0.5905128965312778,75883500,26074500,650.0,0.03297576479936432,-0.0008732931089233675,-0.010301981755268863,-0.025098768301185292,0.0,0.016765991259435946,0.3744075829348416,0.004922197523023218,635.7033333333333,635.7033333333333,-0.010151485755934275,-0.010151485755934275,-0.0008736746514989218,37.74002954209746,0,-1.396952315625299,-1.1776835940785075,-0.21926872154679145,0.32049262536547485,0.05655191479822475,-1,-1,27.19780219772743,24.167645528338173,0.020222487087802977,0.19163683670708392,66.66666666666666,0.7269170448784501,0.15829245012293866,0.014536612609903642,0.0026567826736812127,0.0001932152662914629,1.0917780531981482,0.46830985915492956,0.4799288921790069,-0.0029232591309610867,0.03297576479936432,0.02670213234969947,0.02033306305744402,1,0.20703952209255672,0.1755272841733206,1.1795290000053047,0,0,0.019678822039352707,-0.010301981755268863,-0.025098768301185292,44.82475400459022,-0.006782892214497349,-0.21021675575622334,-0.006298591481961768,-0.04068335319825189,0.0,SBIN
SBIN,2024-01-23,630.65,635.5,600.75,603.65,4569500,55591500,-28060500,91915500,44380500,-4209000,-3922500,191887500,0.4828402173735659,0.630302536842962,6159000,12060000,1.9581100828056504,84918000,13524000,650.0,0.07678290400066268,-0.04068335319825189,-0.05900233826968049,-0.04098816427039487,0.0,0.0575664706369585,0.08345323740983113,0.002224870878029364,633.7,633.7,-0.047419914786176576,-0.047419914786176576,-0.04153407423702885,27.969348659003813,-1,-3.012648815906914,-1.5553057574070208,-1.4573430584998932,-0.13582048647960096,0.07458066513192867,-1,-1,5.272727272717645,20.393106893052416,0.02341706996722324,0.22889401667144932,100.0,0.9999999988377242,0.09592604488739291,0.02021524906729233,0.04845856076635444,0.003986225965899688,0.9849322280043376,0.4828402173735659,0.4780966695354184,0.014530358218636352,0.07678290400066268,-0.040163746707889615,-0.07992542331438351,-1,0.2628778934280368,0.23239570202382295,1.131165038878269,1,1,0.022154827272879346,-0.05900233826968049,-0.04098816427039487,40.56072124143136,-0.039810060089328525,0.8129339416782384,-0.1968435023587719,0.0265882547834011,1.0,SBIN
SBIN,2024-01-24,606.9,621.6,602.25,619.7,3342800,30523500,-25068000,77481000,41847000,-14434500,-2533500,149851500,0.5400937003910636,0.5374629080118691,12984000,10069500,0.7755314232902033,61726500,22398000,650.0,0.04889462643214451,0.0265882547834011,-0.029823874755381508,-0.012115415271799601,0.0,0.031224786186864646,0.9018087855250566,0.005383914520003313,632.8764705882353,632.8764705882353,-0.020819972302001055,-0.020819972302001055,0.026240930189665515,36.821891502640455,0,-3.214208847904615,-1.8947295191408657,-1.3194793287637494,0.2239608303356017,0.07542397815262546,-1,-1,34.45454545448289,22.308358308309323,0.023628944881163735,0.23378940496981945,100.0,0.9999999989002951,0.21365506482266192,0.031019188442220114,0.09148115292700487,0.009484199079379606,0.9133164444227372,0.5400937003910636,0.48771115429448225,0.05725348301749772,0.04889462643214451,-0.15704097785465998,-0.057085882313178085,-1,0.3047272907487823,0.2559785343909522,1.190440797525361,1,1,0.023587524287867416,-0.029823874755381508,-0.012115415271799601,36.2966884782907,0.06727160798165299,0.24929459030178447,-0.31454844358083445,-0.012344682911086147,0.0,SBIN
SBIN,2024-01-25,619.75,623.5,605.75,612.05,3149100,3942000,-26581500,69765000,40783500,-7716000,-1063500,114490500,0.5845839604386154,0.6398663962781811,7753500,12297000,1.5859934223254015,60936000,15085500,650.0,0.06200473817498578,-0.012344682911086147,-0.022440504711707554,-0.02040653008962867,0.0,0.029000898619393842,0.3549295774627866,8.06842020331685e-05,631.7194444444444,631.7194444444444,-0.03113636063829328,-0.03113636063829328,-0.012421511446540466,34.184587813620055,0,-3.8114443697471643,-2.2851048663347537,-1.5263395034124105,0.10895482629401618,0.07962343670739452,-1,-1,20.54545454541711,20.090909090872547,0.025079650355363164,0.2362898015268288,100.0,0.9999999989297245,0.18085476867994546,0.03570228047385948,0.13893726524458386,0.008995572323774681,0.9423068561476445,0.5845839604386154,0.509412171128813,0.044490260047551744,0.06200473817498578,-0.09958570488248732,-0.02541400817262886,-1,0.3098279182898054,0.25075674647916946,1.2355716147879827,1,1,0.025287230026887465,-0.022440504711707554,-0.02040653008962867,31.8230663382464,-0.038932937694487246,0.11455601448275132,-0.4011370448133119,0.04043787272281674,1.0,SBIN
SBIN,2024-01-29,632.0,642.5,632.0,636.8,6000,52500,52500,36985500,30748500,5113500,3402000,67786500,0.8313663462708358,0.5259809727581849,8998500,5124000,0.5694282380396732,22084500,22195500,650.0,0.020728643216080474,0.04043787272281674,0.011114639568116758,0.02198683999358031,0.0,0.016488693467336685,0.45714285713849906,0.03259537619475541,631.9868421052631,631.9868421052631,0.0076159147217422785,0.0076159147217422785,0.03964165600865176,46.78319077724058,0,-2.6363830598038476,-2.3563878003731262,-0.27999525943072134,0.5980190191966468,0.07769833634397462,-1,-1,75.57651991598395,43.52550663862798,0.02575376884422115,0.23279409681741653,89.47368421052632,0.9625863244824138,0.35020044079609336,0.0411160107227738,0.21938232807706032,0.01364289441157198,0.7954738824780077,0.8313663462708358,0.5814388167258021,0.24678238583222045,0.020728643216080474,0.07329606536228768,0.08341608738828203,1,0.3753891992610406,0.2926483217936513,1.282731426006459,1,1,0.025563927972561924,0.011114639568116758,0.02198683999358031,32.78629799975789,0.05278255563390288,-0.9977436823104693,-0.5617876418898083,0.006516959798995137,1.0,SBIN
SBIN,2024-01-30,637.95,648.25,637.95,640.95,11400,96000,43500,41805000,32698500,4819500,1950000,74599500,0.7821672048797991,0.5491935036860474,18862500,6837000,0.3624652087475149,16570500,23985000,650.0,0.01411966612060216,0.006516959798995137,0.018593563766388543,0.00810003145643301,0.0,0.016069896247757162,0.2912621359195036,0.0018059045226132082,632.4350000000001,632.4350000000001,0.01346383422802333,0.01346383422802333,0.00649581622797055,54.690048939641095,0,-1.4283788359601886,-2.168621206046074,0.7402423700858853,0.675703446211262,0.07662817388184832,-1,-1,84.63157894719035,60.25118446953047,0.024561755429997917,0.2294541980253271,85.0,0.9268402027468597,0.29579714288589776,0.04654361486463865,0.19863001060242308,0.014056326250668268,0.8034409890315201,0.7821672048797991,0.644210285870776,-0.04919914139103676,0.01411966612060216,0.13030782333617227,0.06341772769403385,1,0.36307310640202234,0.28558936011165,1.271311739810437,1,1,0.024615082429045722,0.018593563766388543,0.00810003145643301,29.241926509718862,-0.0339209129238216,-0.9951421765605758,-0.37689969604863227,0.023714798346204713,1.0,SBIN
SBIN,2024-01-31,638.0,657.7,636.75,656.15,15600,138000,42000,42256500,33346500,451500,648000,75741000,0.7891448652869972,0.509490908183881,12913500,2728500,0.21129050993146706,14949000,29172000,650.0,-0.00937285681627673,0.023714798346204713,0.08697092686159191,0.02283710054559629,0.015947975536115155,0.03192867484569084,0.9260143198046461,-0.004602543100085881,632.95,633.5642857142857,0.036653764120388566,0.035648654438043215,0.02343797058415188,60.63398451898268,0,0.5276989176618372,-1.6243370460026443,2.1520359636644812,0.9493066258236459,0.08157850789101265,1,1,97.27831431062802,85.82880439126745,0.025119473987873023,0.23746822235897272,100.0,0.999999998943055,0.35367186770594805,0.04202117055621486,0.14943201314445048,0.0020433035079821665,0.8168992519556089,0.7891448652869972,0.7054712154534621,0.006977660407198161,-0.00937285681627673,0.010800143523501974,0.019817422817560437,1,0.37927344452182155,0.29069462569441434,1.304714332042905,1,1,0.026311457318135455,0.08697092686159191,0.02283710054559629,25.889868705479,0.017197838547209576,-0.9926188786373314,-0.21506874016776212,0.00876324011277907,1.0,SBIN
SBIN,2024-02-01,659.0,667.0,647.0,661.9,23700,204000,66000,49405500,34645500,7149000,1299000,84255000,0.7012478367793059,0.4588547735423631,18849000,4086000,0.2167754257520293,17275500,29251500,650.0,-0.017978546608248946,0.00876324011277907,0.06809746651605608,0.03624266144814081,0.02795465134337638,0.030216044719746187,0.744999999996274,0.004343519012420975,633.85,634.8522727272727,0.04425337224895465,0.042604757728175846,0.008725065782581426,63.35493160547158,0,2.4215160558673006,-0.8091514173630232,3.2306674732303238,0.991474635047011,0.09004202677634691,1,1,92.30188679231348,91.40392668337728,0.02625018885027954,0.24113681391072322,100.0,0.9999999989825082,0.404877540966613,0.03155716060656939,0.08313696232897758,0.0014389151718560526,0.8270350395434763,0.7012478367793059,0.7377020427311107,-0.08789702850769132,-0.017978546608248946,0.16918107273437222,0.038954612927893484,1,0.3783746597385592,0.29156783243564544,1.297724294370852,1,1,0.027352631261734327,0.06809746651605608,0.03624266144814081,22.873009788010716,-0.014951558233425644,-0.9874427106789944,0.01056078297321128,0.0005287807825955504,1.0,SBIN
SBIN,2024-02-02,664.2,674.3,659.5,662.25,29400,415500,211500,58932000,39376500,9526500,4731000,98724000,0.668168397475056,0.4891118289810677,22930500,6706500,0.2924707267613004,25744500,30922500,650.0,-0.01849754624386561,0.0005287807825955504,0.08201944285597595,0.057738380450407245,0.023333075793865454,0.02234805587013961,0.18581081080955592,0.0034748451427709143,634.605,636.0434782608696,0.04356253102323482,0.041202406179506434,0.0005286410273019679,64.23118865866957,0,3.8853316380543674,0.13532037111787742,3.75001126693649,0.9497654861118581,0.09685610027500219,1,1,83.61658735542682,91.06559615278944,0.026910424418918225,0.24238900011679784,100.0,0.9999999989953089,0.4846602189300223,0.025417464933708646,0.0015965033953383,0.0022374234625928066,0.8321286287214313,0.668168397475056,0.7544189301383988,-0.03307943930424995,-0.01849754624386561,0.19282266144457602,0.13655453089145778,1,0.35592582231082165,0.2912878990908131,1.2219039077818552,1,1,0.027479147438111,0.08201944285597595,0.057738380450407245,20.80452434521144,-0.008234459330183519,-0.9807951086317495,0.23064726032520078,-0.008380520951302262,0.0,SBIN
SBIN,2024-02-05,660.0,668.0,653.7,656.7,26600,508500,93000,68053500,42943500,9121500,3567000,111505500,0.6310255901606824,0.7195983226660777,22476000,6772500,0.30132140950347036,35089500,34384500,650.0,-0.010202527790467557,-0.008380520951302262,0.03125000000000022,0.04271197205462074,0.014443500424808908,0.021775544388609645,0.20979020978874338,-0.0033975084937712344,635.0725,636.9041666666667,0.03405516692976018,0.031081337459193836,-0.008415834955252022,58.013803680981624,0,4.594840089952868,1.031456196671569,3.5633838932812987,0.8399008965599085,0.10019145955275671,1,1,76.07070020383958,83.99639145052663,0.026925754312689017,0.24537808911071815,100.0,0.9999999990246012,0.428588846250257,0.01664281415370763,-0.10588270481539026,0.006663878155202944,0.8365783582853701,0.6310255901606824,0.7143507789163681,-0.03714280731437358,-0.010202527790467557,0.15478008552229688,0.09058702525618072,1,0.3630236663580166,0.2933115429019477,1.2376726215497285,1,0,0.02733850562419331,0.03125000000000022,0.04271197205462074,20.378549005566757,-0.008909301733897812,-0.9795389337169143,0.25336368234699047,0.010963910461397885,1.0,SBIN
SBIN,2024-02-06,656.6,667.5,651.75,663.9,12800,517500,9000,65631000,42142500,-2422500,-801000,108291000,0.6421127211226402,0.5725404589924105,13968000,2559000,0.18320446735395188,29203500,38262000,650.0,-0.02093688808555502,0.010963910461397885,0.03580622513456566,0.05506555423122772,0.028584708343016407,0.023723452327157706,0.771428571423672,-0.00015227653418611653,635.995,637.984,0.043876131101659555,0.040621708381401334,0.010904242528186706,58.49128127369219,0,5.592992380840883,1.9472231030613165,3.6457692777795665,0.9095086803738373,0.10714334812503212,1,1,85.85995921130409,81.84908225685682,0.02712327588061888,0.2451847416264664,96.0,0.9981140899398122,0.47503549961887953,0.01372751785148334,-0.08001572232293039,0.00658095374920202,0.8309704675095628,0.6421127211226402,0.6863398821649362,0.011087130961957792,-0.02093688808555502,-0.035596993541845756,-0.01865241538300325,-1,0.36304799055446685,0.2950583096872185,1.2304279476700015,1,0,0.028034251730965482,0.03580622513456566,0.05506555423122772,20.653284389209325,0.019344431412700147,-0.9885580455711591,0.1315283798991258,0.03682783551739721,1.0,SBIN
SBIN,2024-02-07,672.3,689.65,671.5,688.35,40600,567000,49500,66702000,51739500,1071000,9597000,119008500,0.7756813888639021,0.4940837315168909,21859500,3322500,0.15199341247512524,14446500,48172500,650.0,-0.05571293673276679,0.03682783551739721,0.04907414463156301,0.14031309533670178,0.09357375486535857,0.026367400305077324,0.9283746556422704,0.012652507907817408,638.94,639.9211538461539,0.07733120480796307,0.07567939559861636,0.03616589378383855,66.14583333333334,0,8.021251801517906,3.165711497956358,4.855540303561548,1.1005315586314812,0.12877125888940252,1,1,98.5376827895405,86.82278073489472,0.0275192229866451,0.24205008532670078,88.46153846153845,0.9675386893014396,0.7791728149128442,0.01546073515324129,-0.0967492687842463,0.0021355828510570864,0.798853624400376,0.7756813888639021,0.6836471868803173,0.13356866774126197,-0.05571293673276679,0.01631850802212369,0.22772735362164087,1,0.2868111011784595,0.3029967917195088,0.9465813134724842,1,1,0.02491434469777736,0.04907414463156301,0.14031309533670178,21.942869025874078,0.025863925055999326,-0.9390207269450286,0.14040005059564886,0.03573763347134462,1.0,SBIN
SBIN,2024-02-08,694.0,730.0,690.65,712.95,90600,655500,88500,82755000,66234000,16053000,14494500,149644500,0.8003625158600689,0.6006619295700342,22437000,6838500,0.30478673619467844,27952500,58827000,650.0,-0.08829511185917673,0.03573763347134462,0.07712645414715213,0.15047603679199617,0.13653754184600686,0.05519321130514064,0.5667090215995777,0.008208033703784378,643.2225,642.625925925926,0.10840339073959648,0.10943236373905663,0.03511386221917603,76.23074599818786,1,11.563177829668916,4.8492753719714035,6.713902457697513,1.1660632354687903,0.16275240092349255,1,1,86.80851063823074,90.40205087969179,0.02926472503581699,0.26694879132155463,100.0,0.999999999194152,0.8150730187010637,0.012688463915766678,-0.1257527878509297,0.00029480712969997755,0.8328322796880986,0.8003625158600689,0.7034701226964699,0.024681126996166758,-0.08829511185917673,0.24066744625348566,0.28014379729220423,1,0.3019055861796022,0.3205312735215373,0.9418912007196929,1,1,0.027311187209604966,0.07712645414715213,0.15047603679199617,24.14162300911156,-0.0010902020460525907,-0.7339832051206766,0.2742783862010121,0.0347850480398344,1.0,SBIN
SBIN,2024-02-09,716.75,740.1,707.0,737.75,61000,651000,-4500,85087500,80532000,2332500,14298000,166270500,0.946460996033495,0.5823630594884468,19159500,2314500,0.12080169106709465,17196000,78037500,650.0,-0.11894273127753303,0.0347850480398344,0.1140052850132125,0.20537537782860893,0.18077784891165183,0.044866147068790274,0.9290030211452289,0.005329967038361672,648.87,646.0232142857143,0.13697659007197127,0.1419868259930952,0.034193722094920574,78.91776051433163,1,15.963466153689637,7.076421455361871,8.887044698327767,1.1688043634422403,0.20480815849763936,1,1,98.31359885174143,94.55326409317088,0.030072130512659157,0.2830527565235728,100.0,0.9999999992867171,0.9999999960762139,0.01123208913603202,-0.11362771466408006,0.0008619296080438002,0.8504249727362578,0.946460996033495,0.7591286424081577,0.14609848017342608,-0.11894273127753303,0.028185608120355265,0.21587100280822538,1,0.2772380581074927,0.3328368351270341,0.8329548558481621,1,1,0.028897712054544604,0.1140052850132125,0.20537537782860893,26.48497892251935,-0.0009525854315102222,0.9200503619767018,0.26978326612903225,-0.024262961707895547,0.0,SBIN
SBIN,2024-02-12,738.0,738.0,716.8,719.85,47100,732000,81000,86077500,71374500,990000,-9157500,158184000,0.8291888124074236,0.8188897605492895,19254000,6754500,0.3508102212527267,30661500,63459000,650.0,-0.09703410432729044,-0.024262961707895547,0.09616263133851066,0.13041771356783927,0.1552720269619643,0.029450579981940745,0.14386792452762617,0.00033886818027787193,653.7075,648.5689655172414,0.10118057388052004,0.10990509610016752,-0.02456215685068449,72.20588235294116,1,17.92072119155671,9.248642752247843,8.672078439308866,0.9569701106229906,0.22141617477439268,1,1,85.46824542512705,90.19678497169974,0.03187668065767671,0.2883225069792035,100.0,0.9999999993125568,0.7461277692777716,0.021259830738798446,-0.07800739399191403,0.004279105552971889,0.8218725451528027,0.8291888124074236,0.798761286857506,-0.11727218362607139,-0.09703410432729044,0.011635081533715293,-0.11371256146624945,0,0.3234819714518128,0.3508117026143162,0.9220957252821197,1,1,0.030193900706005018,0.09616263133851066,0.13041771356783927,29.04210321799778,-0.059048009747729946,0.3127090301003308,0.1276328649120293,0.008057234146002568,1.0,SBIN
SBIN,2024-02-13,721.75,728.0,715.1,725.65,22100,751500,19500,86590500,71595000,513000,220500,158937000,0.8268228038872625,0.5831306423934937,21534000,3703500,0.1719838395096127,26544000,66975000,650.0,-0.10425136084889407,0.008057234146002568,0.09301099563187232,0.132147593416023,0.14131802453601772,0.017777165300075764,0.8178294573579993,0.0026394387719663502,658.2,651.1383333333334,0.10247645092676994,0.11443292899870205,0.008024947944007564,83.11617806731812,1,19.66193576625392,11.333882757142636,8.328053009111283,0.9291860713480025,0.23876928392565755,1,1,89.51759158499127,91.09981195395324,0.029471114567235297,0.285602785338835,96.66666666666667,0.9813034604371667,0.7521714761603164,0.02385498362703804,-0.08472508470462367,0.004734149566911365,0.8218560103323701,0.8268228038872625,0.8357033034104304,-0.0023660085201611114,-0.10425136084889407,0.005959745578112748,0.003089338629342412,1,0.32277333000910685,0.34750951707604794,0.9288186770596853,1,1,0.030364627611236872,0.09301099563187232,0.132147593416023,32.30428069361057,0.032320195853898115,-0.4018944519621126,0.056699437333828095,0.04113553365947764,1.0,SBIN
SBIN,2024-02-14,719.2,759.5,718.6,755.5,55100,747000,-4500,84745500,88740000,-1845000,17145000,174232500,1.047135246119263,0.5704798867486358,16518000,2746500,0.16627315655648384,17289000,85752000,650.0,-0.13964262078093978,0.04113553365947764,0.09755211738214564,0.15141354873123536,0.17770849571317227,0.05413633355393776,0.9022004889953491,-0.008888582650037804,663.9,654.5048387096774,0.13797258623286646,0.15430773818178234,0.04031197679642234,84.29292929292929,1,22.97721745449917,13.664858182862012,9.312359271637156,1.0129498349246775,0.2689787126122655,1,1,97.39837398367649,90.7947369979316,0.03034414295168763,0.3073739371038784,100.0,0.9999999993921638,0.8205267130805303,0.025297858518533188,-0.08417844492575843,0.004237874076321264,0.834709412433765,1.047135246119263,0.8899940748615025,0.22031244223200042,-0.13964262078093978,-0.021307187278050133,0.23947203016970459,0,0.350145443537906,0.3682406505087756,0.9508603761128638,1,1,0.03258539348206156,0.09755211738214564,0.15141354873123536,35.756283381606615,0.03307829951347507,0.3471882640586763,0.07914838743243413,0.023097286565188613,1.0,SBIN
SBIN,2024-02-15,756.5,774.55,754.2,772.95,61000,846000,99000,85708500,95265000,963000,6525000,181819500,1.111500026251772,0.5889311666123943,14472000,2892000,0.1998341625207297,17317500,92014500,650.0,-0.15906591629471512,0.023097286565188613,0.0841573742899222,0.1677745883063908,0.21009784735812143,0.02632770554369611,0.9213759213713979,0.0013236267372600927,670.61,658.20625,0.15260732765690932,0.17432795571297,0.022834581729548706,88.71511068334941,1,26.58629052466074,16.251193757373894,10.335096767286846,1.007827963923386,0.3005098940943363,1,1,98.87758681157574,95.26451746008117,0.029899365140971967,0.3097226184633855,100.0,0.9999999994007192,0.8767704435350814,0.028687467528180476,-0.04140209938302271,0.002852811602823656,0.8405156993965869,1.111500026251772,0.9522215769398432,0.06436478013250913,-0.15906591629471512,0.011363435226649203,0.07352941176470588,1,0.3510589431924383,0.36849117583608054,0.9526929438693911,1,1,0.03219655956445656,0.0841573742899222,0.1677745883063908,39.47739716050275,-0.01803824709428903,0.36679363656732833,0.08297640043671795,-0.006792159906850337,0.0,SBIN
SBIN,2024-02-16,776.0,785.55,766.5,767.7,62100,1030500,184500,89592000,93595500,3883500,-1669500,184218000,1.0446859094562015,0.6889489933378409,18616500,4584000,0.24623318024333252,24813000,88308000,700.0,-0.08818548912335553,-0.006792159906850337,0.04059640799728914,0.1592298980747453,0.22616195495927172,0.024814380617428623,0.06299212598392384,0.00394592146969397,677.6899999999999,661.5242424242424,0.1328188404727828,0.16050168802077858,-0.006815331608490111,84.75836431226769,1,28.711296314946708,18.74479477630264,9.966501538644067,0.9195013853064277,0.31661120826961897,1,1,88.00403225800544,94.75999768441922,0.029043153017361677,0.3109269241749105,100.0,0.9999999994050133,0.8480446391240224,0.03447483973628622,-0.02181976728388204,0.0029129046346523316,0.8701267850265901,1.0446859094562015,0.9718665596243845,-0.06681411679557048,-0.08818548912335553,0.04531055846269623,-0.01752479924421351,0,0.36176493394709996,0.35733519463878616,1.012396593656418,1,1,0.032443192039185456,0.04059640799728914,0.1592298980747453,44.44506322286028,-0.02988944647203895,0.2964509394571997,0.07429399188934793,0.003972906083105299,1.0,SBIN
SBIN,2024-02-19,772.2,776.0,763.0,770.75,31600,1099500,69000,92395500,90804000,2803500,-2791500,184299000,0.982775135152686,0.8998334304137661,20398500,4746000,0.23266416648282962,26598000,85300500,700.0,-0.09179370742783004,0.003972906083105299,0.0707091755226783,0.17367138723922637,0.2238012067322961,0.016866688290626014,0.5961538461492604,0.005861664712778429,684.7375,664.7367647058824,0.1256138301173808,0.15948152851305575,0.003965034932406842,84.66880341880345,1,30.26856411492281,21.050717885952285,9.217846228970526,0.8825129969193303,0.32839101188434433,1,1,90.05376344079973,92.31179417012697,0.029071868773458118,0.30903979632307815,94.11764705882352,0.9887718408298709,0.8965168428816982,0.02481825098473136,-0.031634627464160125,0.003912211854105931,0.8638909519117967,0.982775135152686,1.002583824173437,-0.06191077430351555,-0.09179370742783004,0.031291856415751405,-0.02982515185024921,0,0.34418636399229074,0.35773009956034596,0.9621397928748109,1,0,0.031952306429387095,0.0707091755226783,0.17367138723922637,50.32302109830872,0.010765065989955636,-0.3471074380165303,0.042998010200270276,0.0020110282192669082,1.0,SBIN
SBIN,2024-02-20,766.15,774.0,766.15,772.3,16400,1126500,27000,94648500,89062500,2253000,-1741500,184837500,0.9409816320385426,0.8024336675836357,22144500,5662500,0.2557068346542031,28593000,82630500,700.0,-0.09361647028356851,0.0020110282192669082,0.06428719079446021,0.16327760204850117,0.22733412793007535,0.010164443868962869,0.7834394904358746,-0.005968212779760004,691.8900000000001,667.81,0.11621789590830889,0.15646665967865103,0.0020090088089584077,83.46297896859697,1,31.25357495464789,23.0921173897094,8.161457564938488,0.8474317515373614,0.3345056846241896,1,1,90.43666546366624,89.49815372082382,0.02780192745232236,0.30774290181742453,91.42857142857143,0.9810554918021298,0.8613876490919635,0.018746587386719415,-0.03126694810563184,0.0031870410329237764,0.8628210223006543,0.9409816320385426,1.0254155898036932,-0.04179350311414343,-0.09361647028356851,0.02438430443041057,-0.01917867054314788,0,0.3509781050987384,0.35667061160675784,0.9840398776316911,1,0,0.03059640558356761,0.06428719079446021,0.16327760204850117,55.72794137503052,-0.0019618778638383905,-0.6636587366694018,0.016253457612189992,0.013531011265052406,1.0,SBIN
SBIN,2024-02-21,772.5,788.55,772.0,782.75,59500,1158000,31500,92479500,89266500,-2169000,204000,182904000,0.9652571651014549,0.6575694615628409,19963500,6229500,0.31204448117815015,26166000,82144500,700.0,-0.10571702331523475,0.013531011265052406,0.03606882859033744,0.1371395365729644,0.29669510477925964,0.021143404663046893,0.649546827790639,0.0002589667227761822,700.845,671.0027777777777,0.11686606881692807,0.16653764473569832,0.013440284631296857,83.8990182328191,1,32.450060133277134,24.964313500797083,7.485746632480051,0.8570903590909141,0.3272731000476327,1,1,95.7602339180587,92.08355427417489,0.027115937400191612,0.2870189392391703,83.33333333333334,0.8577506834352693,0.7699758967967371,0.0144349240931815,-0.009927591263042834,0.007493828509477935,0.953597898313371,0.9652571651014549,1.0090399736001314,0.024275533062912302,-0.10571702331523475,-0.02291636951457234,0.0022905263157894738,0,0.33012389077693016,0.3009852891365019,1.0968107166112437,0,-1,0.03007400601936457,0.03606882859033744,0.1371395365729644,60.179387819714314,0.011519983045785498,0.17472852912141912,-0.0038754877036591973,-0.005493452571063484,0.0,SBIN
SBIN,2024-02-22,782.0,782.6,770.65,778.45,34300,1242000,84000,95731500,82149000,3252000,-7117500,179122500,0.8581188010216073,0.8666315731581794,23188500,5062500,0.21831942557733358,28360500,76075500,700.0,-0.10077718543259045,-0.005493452571063484,0.007115596092890808,0.09187180026649844,0.256172341455543,0.01535101804868655,0.6527196652665077,-0.0009581603321622484,708.7825,673.9067567567567,0.09829178908903646,0.15513013068212578,-0.005508597070831473,81.88803512623495,1,32.68807025241881,26.509465995643676,6.1786042567751345,0.8082657231427572,0.3188540979737917,1,1,92.61695906425985,92.93795281532827,0.027017975280548324,0.28091100495560384,75.67567567567568,0.821409290542444,0.6081939395931738,0.014632167441546873,0.0029164173385518135,0.010931122835714662,0.9251069800405815,0.8581188010216073,0.9583637285540985,-0.10713836407984756,-0.10077718543259045,0.035164549981347215,-0.0797331585757255,0,0.31561974218701794,0.30365245417429504,1.039411135145684,0,-1,0.02608978669371916,0.007115596092890808,0.09187180026649844,64.20265250001697,-0.01902446383611589,-0.23811639271435092,-0.021595925630966795,-0.010533752970646848,0.0,SBIN
SBIN,2024-02-23,774.25,781.15,767.45,770.25,40300,1291500,49500,100036500,78604500,4305000,-3544500,179932500,0.7857581982576359,0.6546926447651817,29106000,9304500,0.3196763553906411,33715500,67951500,800.0,0.038623823433950016,-0.010533752970646848,0.003321610003907738,0.044052863436123246,0.25847561473735814,0.017786432976306304,0.2043795620423015,-0.005395336887404516,716.6924999999999,676.4421052631578,0.07472870163982481,0.13867837913541448,-0.010589625658906279,80.71409250743847,1,31.876694983868674,27.583134785572078,4.293560198296596,0.7515702036863113,0.2970490962153088,1,1,86.62280701748058,91.66666666659971,0.02724996522464875,0.27666410724760326,73.68421052631578,0.796140816617088,0.4303726637225016,0.009662338227055756,0.004650339216808019,0.009771227388665163,0.9166594824183365,0.7857581982576359,0.9065781863143852,-0.07236060276397138,0.038623823433950016,0.04496952413782297,-0.04314720812182741,0,0.2931608622274634,0.30181775507960756,0.9713174828068264,0,-1,0.02338181528447076,0.003321610003907738,0.044052863436123246,69.37429422214926,-0.005040300399583364,-0.061699650756696034,-0.012548629644203002,0.0001298279779293754,1.0,SBIN
SBIN,2024-02-26,767.5,776.0,765.0,770.35,102100,2343000,1051500,97740000,77148000,-2296500,-1456500,177231000,0.7893186003683241,0.5778144280562624,29284500,9298500,0.31752292168211854,31716000,66313500,800.0,0.03848899850717204,0.0001298279779293754,-0.000518975024326962,0.0701535042022643,0.20972047738693478,0.014279223729473616,0.4863636363592169,-0.0035702693930542034,723.37,678.85,0.06494601656137244,0.1347867717463358,0.00012981955100680777,79.94374120956401,1,30.883168413766725,28.243251191861972,2.639917221904753,0.7302777230752283,0.28203343204003567,1,1,84.45108927801418,87.89695178658486,0.026805997273966358,0.2761076774553539,71.7948717948718,0.7928301336990001,0.5260847498161999,0.009642041218779873,0.00774107122006269,0.008855199552516594,0.9709139788681475,0.7893186003683241,0.8678868793575129,0.003560402110688199,0.03848899850717204,-0.02295662083339581,-0.018529473503425375,-1,0.2483652215008561,0.2843791348849851,0.8733595082985588,0,-1,0.02186467965922405,-0.000518975024326962,0.0701535042022643,75.11709036726624,0.010663580948576223,1.1073271413828647,-0.01976986319553331,-0.012851301356526235,0.0,SBIN
SBIN,2024-02-27,769.55,773.1,753.0,760.45,41600,2509500,166500,99147000,72093000,1407000,-5055000,173749500,0.7271324397107326,0.6345679943673301,29677500,11089500,0.37366691938337127,37863000,58672500,800.0,0.052008679071602275,-0.012851301356526235,-0.015343778324485191,0.047957004065320774,0.1864420001560183,0.026431718061674037,0.37064676616731207,-0.0010384889985072606,729.345,680.89,0.04264785526739745,0.11684706780830978,-0.012934593709406217,72.08946078431374,1,28.994751956597383,28.393571325782087,0.6011806308152963,0.6629047274408537,0.26179630227607037,1,1,71.2972420836862,80.79037945972699,0.026624273221682634,0.27968440290426405,75.0,0.8141111722259424,0.44404413142501536,0.011845891512903318,0.012254218621326585,0.008081572964772884,0.9469059330210424,0.7271324397107326,0.825117040891951,-0.06218616065759153,0.052008679071602275,0.014395334561080417,-0.0655234095504744,0,0.2671337255037908,0.2953666177983048,0.9044140715853182,0,-1,0.022730134935383877,-0.015343778324485191,0.047957004065320774,78.20483442240315,-0.01298112933445561,-0.17460317460317631,-0.027092540984019586,-0.012229600894207437,0.0,SBIN
SBIN,2024-02-28,761.75,766.0,750.0,751.15,60100,2692500,183000,89676000,65827500,-9471000,-6265500,158196000,0.7340592800749365,0.5731488598513959,20899500,11545500,0.5524294839589464,40377000,50092500,750.0,-0.0015309858217399685,-0.012229600894207437,-0.0403704886617694,-0.005757776307081408,0.14478396708069807,0.02130067230246955,0.07187499999954937,0.001709514103491294,734.095,682.6036585365854,0.02323268786737409,0.10041894825229791,-0.012304997809945125,62.91413116970924,0,26.4711487445079,28.009045919772472,-1.5378971752645718,0.595389820213263,0.24355521181769332,1,1,54.1385652972972,69.96229888633252,0.024514791605252884,0.2747471897440746,68.29268292682927,0.7847354135946127,0.2346507648363523,0.009666234996209977,0.028065471561663967,0.013341336378260484,0.9196672911154409,0.7340592800749365,0.7788774638866472,0.006926840364203879,-0.0015309858217399685,-0.0955248267723683,-0.08690857642212142,-1,0.18601327239491663,0.298746288257,0.6226463043873265,0,0,0.019446568810237055,-0.0403704886617694,-0.005757776307081408,78.07952448522963,0.0006217004623187972,0.18074656188604865,-0.08897569369459646,0.011915063569194029,1.0,SBIN
SBIN,2024-02-29,751.15,763.0,748.05,760.1,83400,2916000,223500,77665500,62097000,-12010500,-3730500,142678500,0.79954419916179,0.6459842564599843,19192500,8883000,0.4628370457209848,29745000,50905500,700.0,-0.07906854361268256,0.011915063569194029,-0.023572483781874265,-0.016624619962481435,0.14836077957395388,0.019668464675700624,0.8060200668842428,0.0,739.005,684.4488095238095,0.02854513839554529,0.11052863183270523,0.011844638063562205,58.46270352139342,0,24.879940286409692,27.383171549596895,-2.503231263187203,0.6266536092730423,0.22537958893790758,1,1,61.26616746077437,62.23399161391925,0.02252053301257352,0.2702842691444863,66.66666666666666,0.7581816323275985,0.19077411506006528,0.010690275121667092,0.04354858424402282,0.008164797901776277,0.9033288579125377,0.79954419916179,0.7671625435146838,0.0654849190868535,-0.07906854361268256,-0.13393215576073866,-0.05667084425202233,-1,0.15154327741915086,0.2992091603037472,0.5064794046233785,0,0,0.018780644723437507,-0.023572483781874265,-0.016624619962481435,76.85961880555494,0.024144664463401466,0.56943921716221,-0.14233803705874393,0.025194053414024475,1.0,SBIN
SBIN,2024-03-01,763.2,781.15,761.55,779.25,135700,2982000,66000,37390500,28494000,1416000,4035000,68866500,0.7620652304729811,0.5173797724575969,8725500,2413500,0.2766030599965618,17755500,24994500,800.0,0.02662816811036253,0.025194053414024475,0.011684518013632017,0.015044939429464499,0.17667044167610424,0.02515239011870391,0.9030612244851898,0.0040784107354295785,744.855,686.653488372093,0.04617677266045073,0.13485187681407296,0.024881915075451712,72.28057014253562,1,24.825070583827596,26.871516535007157,-2.0464459511795603,0.7240465091188839,0.20610351324800635,1,1,87.33832539130388,67.58101938312515,0.021953343416288535,0.2715691621187585,67.44186046511628,0.7658265738471709,0.31628117032558256,0.01233801301071651,0.14791917770153962,0.002905713891611785,0.891050140060622,0.7620652304729811,0.7624239499577529,-0.037478968688808845,0.02662816811036253,0.01823203352840064,0.06497898449200444,1,0.1987676319657909,0.3047742768001556,0.6521798164446384,0,0,0.018814445673565036,0.011684518013632017,0.015044939429464499,76.2997885933397,0.013278989844830447,1.2429752066115665,-0.5222391728288944,0.0020532563362207767,1.0,SBIN
SBIN,2024-03-04,784.1,786.0,778.6,780.85,86100,3253500,163500,44142000,31822500,4888500,2029500,79218000,0.7209120565447873,0.567133462648435,11629500,3808500,0.32748613439958724,22209000,26776500,800.0,0.024524556572965327,0.0020532563362207767,0.013630168105406737,0.013104119364255595,0.18905131719202073,0.009476852148299901,0.3040540540499462,0.006223933269169102,751.0625,688.7943181818182,0.039660480985270974,0.13364756268776645,0.0020511512864084106,71.37877614252517,1,24.621374120117594,26.42146354881398,-1.8000894286963849,0.725395444353013,0.1759595501098874,1,1,88.9921372407592,79.19887669761249,0.021405245199828005,0.26838103751161974,63.63636363636363,0.7468576584069639,0.30874887556922154,0.014833456236562004,0.11485387273563945,0.0026114812171384207,0.8964425183112124,0.7209120565447873,0.7487426411930456,-0.04115317392819384,0.024524556572965327,0.13074176595659326,0.07122552116234997,1,0.19834953677377543,0.2993845471849912,0.6625242971707616,0,1,0.018075462059332425,0.013630168105406737,0.013104119364255595,74.10178376551059,-0.0231407970778037,0.30553449583017245,-0.363923890552321,0.014919638855093842,1.0,SBIN
SBIN,2024-03-05,778.15,795.0,778.15,792.5,166400,3537000,283500,45738000,36366000,1596000,4543500,85641000,0.7950937950937951,0.4928589372609949,18402000,4350000,0.2363873492011738,15442500,31428000,800.0,0.00946372239747634,0.014919638855093842,0.042146097705306085,0.02615563900038853,0.1937038710649195,0.021261829652996875,0.851632047472691,-0.003457770378433816,757.4925000000001,691.098888888889,0.04621497902619498,0.14672445975732673,0.014809435817580888,66.68169522091974,0,25.082352707248333,26.153629714692084,-1.0712770074437508,0.8220347219826422,0.1435093046537304,1,1,94.67518636827545,90.33521633344618,0.018922938260477674,0.26743758120580585,62.22222222222222,0.7412442194446222,0.3593995009564552,0.014810506873445494,0.0947090902970249,0.004736844997281381,0.8912171141209552,0.7950937950937951,0.762334912269658,0.07418173854900778,0.00946372239747634,0.03615604186489058,0.14277633749705398,1,0.20976932491927985,0.30008128982180626,0.6990416662563018,0,0,0.019185200637735825,0.042146097705306085,0.02615563900038853,70.99434500369392,0.012866382518873065,1.0555898702903002,-0.1990179573512907,-0.0003154574132492316,0.0,SBIN
SBIN,2024-03-06,790.35,797.5,781.0,792.25,123000,3640500,103500,47796000,36367500,2058000,1500,87804000,0.7608900326387146,0.6346219008064432,18889500,4494000,0.23790994997220677,17304000,31153500,800.0,0.009782265698958662,-0.0003154574132492316,0.054716101976968634,0.012136697540721775,0.15094065518994704,0.02082675923004102,0.6818181818140496,-0.002712933753943189,762.6875,693.2978260869565,0.03876096041956889,0.14272679098323393,-0.00031550718040557267,60.29882604055493,0,25.136829986325438,25.950262682711944,-0.8134326963865064,0.8234359164983445,0.11984123729703157,1,1,89.38321536887891,91.01684632597119,0.01858179687147815,0.2650975544473585,58.69565217391305,0.7273213728879293,0.30506892133433666,0.01773318603465035,0.0717544105464036,0.007512338284421924,0.9368322886205774,0.7608900326387146,0.7677010627824137,-0.0342037624550805,0.009782265698958662,0.04499540863177227,4.124731892426992e-05,1,0.20101721186252836,0.2829722646985338,0.710377789164763,0,-1,0.019153536094435236,0.054716101976968634,0.012136697540721775,67.26522071184196,-0.015235096268343074,0.4089347079037784,-0.05426015923896188,0.004165351846008081,1.0,SBIN
SBIN,2024-03-07,797.7,801.15,790.75,795.55,111700,3658500,18000,46755000,36724500,-1041000,357000,87138000,0.7854667949951877,0.7050505415815252,20037000,5400000,0.26950142236861807,16261500,30637500,800.0,0.005593614480548106,0.004165351846008081,0.04663860018418631,0.02196672875586092,0.11585665193912598,0.013072716988247097,0.4615384615340203,0.006879141685074214,766.8175,695.4734042553191,0.03746980213675344,0.14389708525495415,0.004156700782835267,65.1771117166212,0,25.14856510085042,25.789918696601667,-0.641353595751248,0.8460703548437776,0.10827221000642395,1,1,89.45386064013282,91.1707541257624,0.017728076712427158,0.23895419776344806,46.808510638297875,0.5717718936894576,0.34296800265450933,0.013800414993821519,0.05365335699168235,0.005844318961108489,0.9114318029424496,0.7854667949951877,0.7648855819490932,0.024576762356473103,0.005593614480548106,-0.021780065277429074,0.009816457001443596,0,0.1977266075479282,0.2621745224391661,0.7541793368514285,0,-1,0.018925705988391293,0.04663860018418631,0.02196672875586092,63.1602399170659,0.004480809259257312,0.17529461279461156,0.06612343775807972,-0.016278046634403798,0.0,SBIN
SBIN,2024-03-11,795.55,801.0,780.35,782.6,154000,4089000,430500,54072000,39114000,7317000,2389500,97275000,0.7233688415446072,0.9150007424105383,13999500,7920000,0.5657344905175185,32413500,29502000,800.0,0.022233580373115226,-0.016278046634403798,0.0042990054539622236,0.01603375527426154,0.06079295154185016,0.02638640429338101,0.10895883777186958,0.0,769.0600000000001,697.2885416666667,0.017605908511689528,0.12234742611634064,-0.01641198957755335,55.82882439744222,0,23.860844569245728,25.404095266980484,-1.5432506977347558,0.6704972514634822,0.10326212511040547,1,1,65.06591337087568,81.30099645996246,0.018719652440582664,0.22513417473061303,33.33333333333333,0.48954460316744997,0.3204286237325286,0.015233296720937806,-0.07307937019732172,0.004459597183178064,0.9034999830757826,0.7233688415446072,0.7571463041634183,-0.062097953450580445,0.022233580373115226,0.1564966313763234,0.06506555569170445,1,0.20985212519749377,0.24918005407575033,0.8421706379816499,0,-1,0.019785703120098763,0.0042990054539622236,0.01603375527426154,58.61678938546349,-0.02044339848041188,0.4472324029696444,0.11279274085056157,-0.016547406082289884,0.0,SBIN
SBIN,2024-03-12,779.8,786.9,767.5,769.65,200900,4749000,660000,60024000,39309000,5952000,195000,104082000,0.6548880447820872,0.8633978612212271,15477000,9216000,0.5954642372552821,39000000,27352500,800.0,0.03943350873773797,-0.016547406082289884,-0.014343343792021623,-0.0009086778736938639,0.06918107939153995,0.025206262586890116,0.11082474226746894,-0.0035778175313059906,771.55,698.765306122449,-0.00246257533536387,0.10144277807795077,-0.016685843720228678,48.827952233525004,0,21.56845924833965,24.636954377001505,-3.068495128661855,0.4705534761422159,0.08362872803996052,1,1,40.67796610161833,65.0659133708756,0.020106541934645606,0.22283734468416314,32.6530612244898,0.4758787712755353,0.2549907266024578,0.010659009194954282,-0.05701223188521718,0.0014768556438232057,0.9313520177535558,0.6548880447820872,0.7439415018108784,-0.06848079676252006,0.03943350873773797,0.11007545494895694,0.0049854272127626935,1,0.22909705227081595,0.23926221272222842,0.9575145593133623,0,-1,0.020878407005840413,-0.014343343792021623,-0.0009086778736938639,53.025604677194636,-0.0002693594478860861,0.7275776077048741,0.12657487985452653,-0.017345546677061008,0.0,SBIN
SBIN,2024-03-13,771.0,772.25,752.85,756.3,249400,5533500,784500,63273000,37293000,3249000,-2016000,106099500,0.5893983215589588,0.7351692345020009,13080000,9013500,0.6891055045871559,46743000,22495500,800.0,0.057781303715456894,-0.017345546677061008,-0.04567823343848587,-0.0054572950226841055,0.042237993523048356,0.0256511966150998,0.17783505154547177,0.0017540440459949624,773.0825,699.916,-0.02170854986369508,0.08055823841718124,-0.01749774319409967,38.59422164726174,0,18.482545084169033,23.40605495045134,-4.923509866282309,0.16735977508228023,0.06526134916210574,1,1,15.53672316381254,40.42686754543552,0.02073062465763774,0.22615383139921125,36.0,0.49561142410706227,0.2373562698393925,0.008245360810133894,-0.04467297139591384,0.005376609703262892,0.9062305451059604,0.5893983215589588,0.7028024071039111,-0.0654897232231284,0.057781303715456894,0.054128348660535786,-0.05128596504617263,0,0.2371275702347193,0.24955441253874897,0.9502038762904242,0,-1,0.02080035486118299,-0.04567823343848587,-0.0054572950226841055,48.69715666265189,-0.000798140594771124,0.8195082804406495,0.09970802148016622,-0.007140023800079276,0.0,SBIN
SBIN,2024-03-14,753.6,760.0,743.85,750.9,307800,6913500,1380000,69228000,38806500,5955000,1513500,114948000,0.5605607557635639,0.7138189328319094,13687500,9864000,0.7206575342465753,52383000,22165500,800.0,0.06538820082567588,-0.007140023800079276,-0.052193120858314956,-0.000332823004726035,-0.006088682991396421,0.021507524304168302,0.43653250773723296,-0.003570011900039577,772.8525000000001,702.0169999999999,-0.028404514444865137,0.06963221688363674,-0.0071656357561455525,38.23152498932079,0,15.431401198828098,21.811105989028896,-6.3797047902007975,0.07741369948823741,0.06721589036482378,-1,1,12.303664921444426,22.8394513956251,0.02126495824058747,0.19828466837036418,27.450980392156865,0.32979362774496,0.257326681066969,0.007239446131861627,-0.056301278718208406,0.003612419430026678,0.9702420950476621,0.5605607557635639,0.6627365517288809,-0.02883756579539487,0.06538820082567588,0.09411597363804466,0.04058402381143914,1,0.2313525220359019,0.20436617756066278,1.132048975442738,0,-1,0.020821040061352863,-0.052193120858314956,-0.000332823004726035,44.919269270945655,0.010205522876981732,0.9018783984181897,0.12795301667672465,-0.014316153948594978,0.0,SBIN
SBIN,2024-03-15,749.35,755.85,731.75,740.15,403000,8905500,1992000,76888500,38520000,7660500,-286500,124314000,0.5009851928441834,0.7708993504788242,12745500,9424500,0.7394374485112393,60834000,20934000,800.0,0.08086198743497942,-0.014316153948594978,-0.06963735780277791,-0.026246546507038615,-0.042434827608512915,0.03256096737147879,0.3485477178408761,-0.0020641896390996865,771.2125,703.942,-0.040277485128936585,0.05143605581141619,-0.01441961874633706,37.41638795986622,0,12.022215139464947,19.85330993585275,-7.831094796387802,-0.02105694301380269,0.0772995843716584,-1,1,12.103746397677055,13.31471149431134,0.02257746981789405,0.2021562754338257,28.846153846153843,0.35282917247870854,0.15440099762764808,0.007778510309713304,-0.07411435819569907,0.007826132278020707,1.0617073521029659,0.5009851928441834,0.6058402312986801,-0.05957556291938049,0.08086198743497942,0.11065609291038309,-0.007382783811990259,0,0.2311971403762687,0.19040677727929076,1.2142274742443828,0,-1,0.022110290330930683,-0.06963735780277791,-0.026246546507038615,41.31185293975062,-0.0071761301485157025,1.0794633642930846,0.13691049415741374,-0.0009457542390055584,0.0,SBIN
SBIN,2024-03-18,738.25,746.0,730.7,739.45,374700,10525500,1620000,78363000,40519500,1474500,1999500,129408000,0.5170743845947705,0.642245388311889,15627000,10143000,0.6490689191783452,59406000,22548000,800.0,0.08188518493474874,-0.0009457542390055584,-0.055136723741374905,-0.05107475136349049,-0.03679822847466463,0.02069105416187701,0.5718954248328652,-0.0025670472201580453,769.8,705.788,-0.03942582488958157,0.04769420845919736,-0.0009462017467229861,37.14642262895176,0,9.159546993525964,17.714541718321133,-8.554994724795169,0.04033342634281387,0.0857704848449349,-1,1,12.42015613908813,12.275855819403205,0.023014209402741407,0.20019950700937492,28.30188679245283,0.3411866618013151,0.05183398693377002,0.006363910555548813,-0.059043191695088114,0.004915118067277633,1.0557695445024686,0.5170743845947705,0.5645813399087127,0.016089191750587095,0.08188518493474874,0.019177120115491914,0.05190809968847352,1,0.17332716721649985,0.18962424891517585,0.9140559190962347,0,-1,0.02166415673524799,-0.055136723741374905,-0.05107475136349049,37.68970353892811,0.01337039970958942,0.7211759301791449,0.11779964291359701,-0.011156940969639595,0.0,SBIN
SBIN,2024-03-19,738.05,742.5,729.4,731.2,306600,12261000,1735500,79384500,40699500,1021500,180000,132345000,0.5126882451864029,0.7146060962435206,11424000,10387500,0.9092699579831933,65422500,19348500,800.0,0.0940919037199124,-0.011156940969639595,-0.04995777301370741,-0.06358455529230966,-0.05131365553032752,0.017915754923413598,0.13740458015162785,-0.0018932990736359333,767.8225,707.465,-0.047696570496436275,0.033549362866007515,-0.01121964647283783,37.663433150569375,0,6.1640517508557195,15.404430219901103,-9.240378469045384,0.008302340034236567,0.09700385903760136,-1,-1,2.5087108013903268,9.010871112718503,0.022590067208502644,0.20055600022028178,29.629629629629626,0.34330774877437703,0.0,0.008352276012098403,-0.049586949802704616,0.005637175538750376,1.0494323306468714,0.5126882451864029,0.5361413799895759,-0.004386139408367629,0.0940919037199124,0.013035488687263121,0.004442305556583867,1,0.17056575365339266,0.19110903510254498,0.8925049172720707,0,-1,0.02250804701275936,-0.04995777301370741,-0.06358455529230966,34.827700307459864,-0.010211186730634036,0.27883211678832076,0.08995090711883846,0.01641137855579866,1.0,SBIN
SBIN,2024-03-20,732.2,744.9,727.45,743.2,613100,14920500,2659500,73453500,42442500,-5931000,1743000,130816500,0.5778145357266842,0.6921129784200318,17350500,9657000,0.5565833837641566,52129500,25767000,800.0,0.07642626480086108,0.01641137855579866,-0.01732116884834045,-0.06220820189274445,-0.03767965816392582,0.023479547900968692,0.9025787965564358,0.0013676148796498905,766.3675000000001,709.42,-0.0302302746397779,0.047616362662456835,0.016278167359688483,46.72164948453611,0,4.69160417765022,13.26185499104387,-8.57025081339365,0.2010466913720984,0.10112038825912746,-1,-1,21.37042062412299,12.099762521533814,0.022364677840996446,0.205679545435163,34.54545454545455,0.37379215823489126,0.005853267318014801,0.01370631179823183,-0.04340032685382407,0.0005732222515842725,1.0172405456874656,0.5778145357266842,0.5338246228231209,0.0651262905402813,0.07642626480086108,-0.0747123178958109,0.04282607894445878,0,0.17589134054754268,0.20219361704112745,0.8699153961164547,0,-1,0.022729818837556544,-0.01732116884834045,-0.06220820189274445,32.80144123726933,0.027568319525438256,1.1556149356585323,0.03521666773498944,0.01089881593110853,1.0,SBIN
SBIN,2024-03-21,747.0,756.65,747.0,751.3,764600,19417500,4497000,72141000,44047500,-1312500,1605000,135606000,0.610575123716056,0.780196205036345,20415000,9384000,0.45966201322556943,45556500,28828500,800.0,0.06482097697324644,0.01089881593110853,0.0005326941004129004,-0.051688229725465495,-0.04017885659533704,0.012844403034739755,0.4455958549176586,0.005113024757804029,764.795,711.857,-0.0176452513418629,0.05540860032281758,0.010839851875485975,46.34551495016608,0,4.122711374286041,11.434019428947558,-7.311308054661517,0.32474115586004787,0.10068108932531124,-1,-1,32.36092265938612,18.74668469496648,0.021980947310376274,0.20250468259325483,32.142857142857146,0.35490214852587293,0.049855675801746914,0.01276771974777351,-0.03404317144312441,0.0008179403601952795,1.0138397558657,0.610575123716056,0.5438274964136194,0.03276058798937187,0.06482097697324644,-0.017868447385080356,0.03781586852800848,0,0.1946654320555811,0.1997403251551875,0.9745925456308197,0,0,0.021931583218026414,0.0005326941004129004,-0.051688229725465495,30.34024776215022,-0.005512562624690132,1.1934706523610066,0.039143158625541075,0.0031944629309199613,1.0,SBIN
SBIN,2024-03-22,749.2,756.0,748.0,753.7,1420900,33406500,13989000,67482000,42523500,-4659000,-1524000,143412000,0.630145816662221,0.7394092430559625,19381500,9391500,0.4845600185744137,42156000,27423000,800.0,0.06143027729865988,0.0031944629309199613,0.018307099912180158,-0.052605115957513604,-0.03179394951506198,0.0106143027729866,0.7124999999910995,-0.002795155064554651,763.5575000000001,714.385,-0.01290996421356616,0.05503335036429946,0.0031893714743095043,37.674867342016405,0,3.819244952763256,9.911059975256457,-6.091815022493201,0.37111805193585357,0.10016890966909753,-1,-1,35.61736770687165,29.78290366346025,0.02067419776720557,0.2011130624319508,29.82456140350877,0.34662219450351295,0.0460461154921144,0.012873364318108083,-0.02925987205769154,0.0019277859131611608,1.0051131649277298,0.630145816662221,0.5696596211772269,0.01957069294616498,0.06143027729865988,-0.06458186052314217,-0.03459901242976332,-1,0.19341098654733713,0.2000899693179325,0.9666201014972179,0,0,0.021685741796500367,0.018307099912180158,-0.052605115957513604,28.719472482112714,-0.0077043530001885685,1.9632950990615217,0.06770897314199575,-0.007960727079739938,0.0,SBIN
SBIN,2024-03-26,753.05,753.45,746.25,747.7,2462000,55707000,22300500,65008500,40498500,-2473500,-2025000,161214000,0.6229723805348532,0.7362614977200421,19594500,9721500,0.496134119268162,39417000,24682500,800.0,0.06994784004279785,-0.007960727079739938,0.011156940969639706,-0.04459493994377717,-0.029276209023044397,0.00962953056038524,0.20138888888609688,-0.0008624121003052818,762.4300000000001,716.8430000000001,-0.019319806408457207,0.04304568782843665,-0.007992582843554336,34.65987968533085,0,3.064414379568234,8.541727577219135,-5.477313197650901,0.30987676619823057,0.10161728276009384,-1,-1,27.47625508815813,31.81818181813863,0.020844876669405207,0.19860186863250293,25.862068965517242,0.33168092692286805,0.07868149732166368,0.012430322378322178,-0.04589087019494835,0.0006860014393545114,0.9992050204176115,0.6229723805348532,0.5908392203652435,-0.0071734361273678715,0.06994784004279785,-0.03665421890281853,-0.0476207273625172,-1,0.18452191359615924,0.19875987857784982,0.9283660003396988,0,0,0.020010054423200786,0.011156940969639706,-0.04459493994377717,27.38933878181078,-0.011155190010659899,2.4661410671547226,0.14597305775501201,-0.010030761000401234,0.0,SBIN
SBIN,2024-03-27,752.55,752.55,737.25,740.2,3187300,76252500,20545500,62307000,38380500,-2701500,-2118000,176940000,0.6159901776686407,0.7636414395208355,18258000,9531000,0.5220177456457443,38578500,21291000,800.0,0.08078897595244522,-0.010030761000401234,0.01230853391684894,-0.03826414604040784,-0.03913805413123905,0.020670089165090454,0.19281045751508322,0.0064865587802593406,760.9225,719.185,-0.02723339104836564,0.02922057606874473,-0.01008140805381426,24.83156881616938,-1,1.8457686395652217,7.202533224301635,-5.356764584736413,0.239490836436772,0.10453909058668207,-1,-1,17.29986431476623,26.79782903659867,0.020906511753580086,0.20108153150060834,30.508474576271187,0.34643458967494173,0.10425141790693636,0.01080209181632763,-0.06086121002956522,0.0011386024963667488,1.000527048767799,0.6159901776686407,0.6114996068616911,-0.006982202866212428,0.08078897595244522,-0.04155610420175823,-0.052298233267898814,-1,0.17526736666310821,0.2009756074542892,0.8720827805720828,0,0,0.01955643708102082,0.01230853391684894,-0.03826414604040784,28.170279480290095,-0.002070033920661296,2.15905802128967,0.18277219502706266,0.022088624696027903,1.0,SBIN
SBIN,2024-03-28,742.9,762.95,742.9,756.55,4838000,88485000,12232500,51007500,36618000,-11299500,-1762500,176110500,0.7178944272901044,0.6056471794253315,10741500,5712000,0.5317693059628543,31417500,25617000,800.0,0.05743176260656936,0.022088624696027903,0.017962863293864206,0.0003305566574109964,-0.005128542310474216,0.026501883550327236,0.6807980049841322,0.0036476627938394103,760.7275,721.6,-0.005491453904321819,0.04843403547671832,0.021848204945523978,35.12499999999996,0,2.162354797251737,6.1944959940790945,-4.032141196827357,0.44754657353674415,0.10469199582657415,-1,-1,39.48439620076045,28.086838534561604,0.02104478034687536,0.2012537832005894,33.33333333333333,0.34745946427490443,0.2589826665302976,0.011712305050525807,-0.0622334759870893,9.078306083593231e-05,0.9420416807955014,0.7178944272901044,0.6395155851743751,0.10190424962146372,0.05743176260656936,-0.18135201502238915,-0.045921757142298826,-1,0.20019888316158513,0.2136357522274786,0.9371038366963207,0,1,0.019641505774543565,0.017962863293864206,0.0003305566574109964,28.63539027036816,0.03211938569642914,2.2960893854748603,0.11001125072089701,0.006807216971779884,1.0,SBIN
SBIN,2024-04-01,757.6,765.7,755.55,761.7,1905700,89092500,607500,28581000,22140000,6172500,3657000,139813500,0.7746404954340296,0.6644822096338245,9546000,5200500,0.5447831552482715,14307000,14853000,750.0,-0.015360378101614868,0.006807216971779884,0.013842672700652425,0.014382740711146758,0.01404513079944092,0.013325456216358264,0.605911330043295,0.0013878791884212125,761.255,724.0039999999999,0.0005845610209458396,0.052066010685024144,0.006784152481162764,36.109971276159236,0,2.7930218942799456,5.5142003400792206,-2.721178445799275,0.505623581384588,0.10394817481994206,-1,1,46.56696125078648,34.45040725543772,0.02087904874435003,0.19821043191952128,21.666666666666668,0.2002225257344377,0.3137086542799262,0.013666074070437384,-0.013690294337343145,0.00030188920078958424,0.9436739698163137,0.7746404954340296,0.6723286595179698,0.05674606814392513,-0.015360378101614868,0.12101161593883253,0.09986891692610192,1,0.1983015275637296,0.21004121991807784,0.9441076734683895,0,1,0.018823298965762562,0.013842672700652425,0.014382740711146758,29.604461089542315,-0.01528140772424802,0.17087227127224924,-0.1234153406312305,0.013916239989496981,1.0,SBIN
SBIN,2024-04-02,760.35,774.4,758.2,772.3,2444900,89692500,600000,29928000,26218500,1347000,4078500,145839000,0.8760525260625501,0.5862951807228907,9015000,4195500,0.4653910149750416,13665000,20520000,750.0,-0.028874789589537687,0.013916239989496981,0.024678253947193696,0.043437141120043155,0.016050519668464602,0.020976304544865897,0.8703703703649959,-0.001772351319417123,761.865,726.675,0.0136966522940416,0.06278597722503187,0.013820298196475551,45.690376569037625,0,4.094140794395798,5.230188152384192,-1.136047357988394,0.630877232822847,0.104652673337755,-1,1,75.4415475187965,53.83096832344781,0.02018090675348216,0.19884431424022803,25.0,0.2047202242596721,0.42448652569346723,0.01354700807394309,-0.010796868749621514,0.0005353714302687475,0.9398829804001357,0.8760525260625501,0.7215100013980356,0.10141203062852056,-0.028874789589537687,0.04712921171407578,0.1842140921409214,1,0.18548747877911473,0.21156284164395217,0.8767488527290835,0,1,0.017664832683101272,0.024678253947193696,0.043437141120043155,29.97768795955829,0.007109023017717098,0.3347126838375787,-0.08841167271104378,0.002071733782208929,1.0,SBIN
SBIN,2024-04-03,771.0,775.0,764.8,773.9,2589600,86340000,-3352500,34383000,28560000,4455000,2341500,149283000,0.830643050344647,0.6441305895295402,10110000,5466000,0.540652818991098,17134500,21520500,800.0,0.033725287504845616,0.002071733782208929,0.03504079176140151,0.046588680776252556,-0.0068655758742380835,0.01317999741568684,0.8921568627363496,-0.0016832836980447425,761.5975000000001,729.6310000000001,0.016153545672090486,0.060673134776345616,0.002069590701195194,51.96486361534905,0,5.193425812490318,5.222835678636389,-0.029409866146070662,0.6559489510415586,0.10358226563319155,-1,1,97.68664563596694,73.2317181351833,0.01929005224004577,0.19339647412102448,13.333333333333334,0.16606519055793456,0.43632650287496266,0.013684871313268721,0.009306489135282536,9.497997198600235e-05,1.0111389467395564,0.830643050344647,0.7630441353599944,-0.0454094757179031,0.033725287504845616,0.14885725741780273,0.08930716860232278,1,0.18369777329744041,0.1912659725387124,0.9604310205476655,0,0,0.016913727008482256,0.03504079176140151,0.046588680776252556,30.608428204106136,-0.011844506207288052,0.2612077320566706,-0.05275601343171077,-0.013632252228970132,0.0,SBIN
SBIN,2024-04-04,776.15,776.65,761.4,763.35,2417200,90156000,3816000,43557000,30310500,9174000,1750500,164023500,0.6958812590398787,0.594108461101646,14457000,9292500,0.6427682091720274,25311000,18276000,800.0,0.04801205213859956,-0.013632252228970132,0.03127533099162383,0.043968818380743846,-0.02241147467503357,0.019977729743892055,0.1278688524581809,0.002907352371107378,760.7225,732.302,0.003453953314119129,0.04239780855439412,-0.013726024573462049,53.345989558614185,0,5.15944158863681,5.210156852677845,-0.050715264041035546,0.5342046042140758,0.10097919252132831,1,1,72.96747967464849,82.0318909431373,0.01916832757862429,0.19693337562280142,18.333333333333332,0.10178342869434404,0.4266139112684593,0.016411661731372273,0.009067563678095381,0.0010469942899442343,1.0008905908526455,0.6958812590398787,0.7790223516342419,-0.13476179130476829,0.04801205213859956,0.2668179041968415,0.061292016806722686,1,0.18996523521175163,0.19675814451902018,0.9654758413156336,0,0,0.017119924490530104,0.03127533099162383,0.043968818380743846,29.011835982315205,-0.01570398601117906,0.067512244240018,0.058121239450139583,0.005764066286762182,1.0,SBIN
SBIN,2024-04-05,761.4,768.7,756.55,767.75,2131600,93924000,3768000,47002500,31887000,3445500,1576500,172813500,0.6784107228338918,0.4533192603457014,16399500,6889500,0.4201042714716912,22827000,23145000,800.0,0.042005861282969716,0.005764066286762182,0.0148040446764921,0.033032831001076346,-0.03123028391167193,0.01582546401823522,0.9218106995808872,-0.002554529377087896,759.4849999999999,735.072,0.010882374240439363,0.044455509120195025,0.005747517617980265,58.07379012937233,0,5.42276668733291,5.252678840962045,0.1700878463708646,0.6161173866694842,0.09371873198743069,1,1,81.91056910552459,84.18823147204667,0.018686328324882543,0.19455247383555072,13.333333333333334,0.04842057649106627,0.3848361367012186,0.01386704829523291,-0.002588018677559245,0.001701667952175842,1.0269640728744691,0.6784107228338918,0.7711256107429995,-0.01747053620598693,0.042005861282969716,0.0791032440250706,0.05201167912109665,1,0.17823520693743758,0.18944428424677268,0.9408317994497147,-1,-1,0.01635451610225675,0.0148040446764921,0.033032831001076346,27.25288118776087,0.019396318515732314,-0.11778096002781246,0.11958835019387193,0.004428524910452536,1.0,SBIN
SBIN,2024-04-08,768.95,772.25,765.2,771.15,1600900,91677000,-2247000,47287500,33562500,285000,1675500,172527000,0.7097541633624108,0.5292018229404972,15958500,6966000,0.4365071905254253,23565000,24801000,800.0,0.037411657913505834,0.004428524910452536,0.012406459235919653,0.026420870491148607,-0.026633007257810037,0.009142190235362712,0.8439716311936983,0.0015630087919245139,758.43,738.4220000000001,0.016771488469601747,0.04432153971577213,0.0044187478486915205,65.97938144329899,0,5.836860125149769,5.3695151447367655,0.4673449804130039,0.6949300655271915,0.08603848987661972,1,1,88.82113821120156,81.23306233045821,0.017024666314687707,0.19038526450103185,3.3333333333333335,0.014345823474305039,0.3594480995313582,0.011077875025645233,-0.043477158219857114,0.0019419472211941596,0.99893362744016,0.7097541633624108,0.7581483443286757,0.031343440528519007,0.037411657913505834,0.006063507260252114,0.05254492426380657,1,0.1734177220129853,0.1905885027506928,0.9099065233165764,-1,-1,0.01598429482231905,0.012406459235919653,0.026420870491148607,26.96963627036803,-0.0013355413763096458,-0.35959132894099954,0.07228093465890018,-0.005640925889904724,0.0,SBIN
SBIN,2024-04-09,771.1,775.7,763.7,766.8,1859300,89554500,-2122500,48141000,33103500,853500,-459000,170799000,0.6876363183149499,0.6487426139286874,16764000,8001000,0.4772727272727273,24135000,23173500,800.0,0.04329681794470533,-0.005640925889904724,-0.007121584876343401,0.017380920790765364,-0.03613852052039468,0.01564945226917058,0.258333333331173,-6.483822861953515e-05,756.9925000000001,741.3639999999999,0.01295587472795301,0.03430973179167052,-0.00565689599813396,63.58668653750618,0,5.74954411391127,5.4455209629989945,0.3040231509122755,0.675527080663595,0.07381125851853106,1,1,79.97967479658533,83.57046070443717,0.016813846039198152,0.19124674161873675,8.333333333333332,0.021390014840509845,0.3247799247804606,0.011669960582173266,-0.032854654163629135,0.0038332104148145404,1.0062960472728615,0.6876363183149499,0.7204651027791557,-0.02211784504746095,0.04329681794470533,0.018049167327517844,-0.013675977653631285,0,0.17826612373193526,0.19005017662188012,0.9379950432396089,-1,-1,0.016487809771937447,-0.007121584876343401,0.017380920790765364,27.16425212489845,-0.01006945080035726,-0.2690425176419712,0.029596863448615007,0.018192488262910755,1.0,SBIN
SBIN,2024-04-10,767.9,783.0,766.1,780.75,3144700,88305000,-1249500,45060000,35112000,-3081000,2008500,168477000,0.7792276964047936,0.5373190823878629,14602500,4864500,0.33312788906009244,21567000,28513500,800.0,0.024655779699007365,0.018192488262910755,0.008851272774260233,0.044202220141768,-0.0023639151546128723,0.0216458533461415,0.8668639053203143,0.0014345331246739994,756.9,744.738,0.031510107015457756,0.04835526050772221,0.018028984991698485,73.29572167371884,1,6.722867091670423,5.700990254417012,1.0218768372534113,0.9322157515265501,0.07290365264117185,1,1,95.94959495932322,88.2501359890367,0.01686107680343991,0.1887826284611643,3.3333333333333335,0.0012412676791611447,0.4273995443788477,0.014067742171278753,-0.025412652212401254,0.00015966818046549668,0.9706667950197574,0.7792276964047936,0.710182031991185,0.09159137808984374,0.024655779699007365,-0.06399950146444819,0.06067334269790203,0,0.1864070323240463,0.19448757218511328,0.9584521526690603,0,0,0.017689442050513073,0.008851272774260233,0.044202220141768,28.498961384622426,0.02383341415281548,0.20398021378909004,-0.007370616515837147,-0.015113672750560303,0.0,SBIN
SBIN,2024-04-12,778.25,782.15,767.6,768.95,1970500,89175000,870000,53323500,35226000,8263500,114000,177724500,0.6606092998396579,0.6979761062074734,16234500,9483000,0.5841263974868336,31290000,23137500,800.0,0.04037973860459061,-0.015113672750560303,0.00733608436497013,0.038840853823290944,-0.0009095043201454711,0.018921906495870933,0.09278350515400334,-0.003202049311559398,756.865,747.3810000000001,0.01596718040865941,0.028859443844571953,-0.01522904827725538,62.12906264719738,0,6.47173537641811,5.855139310523853,0.6165960658942566,0.71953582242007,0.07273154892239884,1,1,69.28961748618744,81.73962908069866,0.01685043612347078,0.18549785367247945,1.6666666666666667,0.0,0.4074552865344648,0.017588177171737152,-0.01664201444861051,0.00042005308939446935,0.9614542635029607,0.6606092998396579,0.7031276401511408,-0.11861839656513573,0.04037973860459061,0.18338881491344874,0.003246753246753247,1,0.19875931959506513,0.19293466222770855,1.030189791699861,-1,0,0.017514623783591123,0.00733608436497013,0.038840853823290944,30.05589764545365,-0.03330616101347106,-0.20871080699049083,0.03047692270227209,-0.013915079003836484,0.0,SBIN
SBIN,2024-04-15,757.35,765.75,751.65,758.25,2410900,91827000,2652000,55111500,34255500,1788000,-970500,181194000,0.6215671865218693,0.7505252158609682,11947500,11229000,0.9398618957940992,40182000,18841500,800.0,0.0550609957138147,-0.013915079003836484,-0.012373819602735314,0.0022470424955389756,0.0025783419278064823,0.018595450049456015,0.46808510637965983,-0.015085506209766593,756.9625,749.7270000000001,0.0017008768598181234,0.011368138002232797,-0.014012801317242116,53.195402298850595,0,5.351255926060844,5.754362617048401,-0.40310669098755714,0.5233841171094648,0.07273641556732019,1,1,45.901639344161964,70.38028392989088,0.01745089727285574,0.1817619884260339,1.6666666666666667,0.0,0.26618445885968073,0.013948632217935453,-0.009828395648245069,0.00200554345276098,0.9607570321248038,0.6215671865218693,0.6917589328887364,-0.03904211331778862,0.0550609957138147,0.033531182311738725,-0.027550672798501107,0,0.18834905164568463,0.18918621696473517,0.995574913267788,-1,0,0.016723980433504003,-0.012373819602735314,0.0022470424955389756,29.666427346624207,0.0011985937467238195,0.07268868491188107,0.040481945145491416,-0.008176722716782159,0.0,SBIN
SBIN,2024-04-16,753.15,756.8,745.7,752.05,2066400,91878000,51000,61876500,34042500,6765000,-213000,187797000,0.5501684807641027,0.6798446659211278,12445500,11868000,0.95359768591057,47020500,16669500,800.0,0.06375905857323323,-0.008176722716782159,-0.024768203332685035,-0.012669029801759324,0.0015314955386869222,0.01475965693770349,0.5720720720669148,-0.006726013847675598,757.02,751.645,-0.006565216242635619,0.0005388181920986668,-0.008210335467468266,49.26699244780094,0,3.919772139125712,5.387444473162625,-1.467672334036913,0.4095732765609964,0.07260261118626325,1,1,32.34972677588547,49.18032786874496,0.018026916903321404,0.1786980048965533,1.6666666666666667,0.0,0.2073906864389789,0.014829195200084388,-0.017448287771782735,0.0015571049311611102,0.9417334544158213,0.5501684807641027,0.6598417963690746,-0.07139870575776652,0.06375905857323323,0.12275114994148227,-0.006217979594517669,0,0.188846000428135,0.18975433437610048,0.9952131051421127,-1,0,0.016867400505638522,-0.024768203332685035,-0.012669029801759324,28.013771570488796,0.005738356287054325,-0.08711786534723454,0.059812650572832915,-0.00924140682135488,0.0,SBIN
SBIN,2024-04-18,753.1,759.65,742.75,745.1,2374100,86311500,-5566500,63346500,32770500,1470000,-1272000,182428500,0.5173213989723189,0.6501577682957432,13434000,11473500,0.8540643144260831,47661000,15510000,800.0,0.07368138504898668,-0.00924140682135488,-0.028299426186750076,-0.03521947429755268,0.006687833547253996,0.022681519259159812,0.13905325443704858,0.0013961837643774594,757.2675,753.309,-0.01606763792187038,-0.010897254645835797,-0.009284373541540413,48.854625550660785,0,2.20120270334462,4.750196052088932,-2.548993348744312,0.2740450721325495,0.07110992476929827,1,1,17.158469945317737,31.803278688455055,0.019100983568840234,0.1716434320595604,1.6666666666666667,0.0,0.116525036636909,0.013028241860927482,-0.013734108766290665,0.00197196706374176,0.9256462970053618,0.5173213989723189,0.6257788125005485,-0.03284708179178386,0.07368138504898668,0.023756999830307143,-0.03736505838290372,0,0.1719305711661786,0.185430906516122,0.9271947934877343,-1,0,0.017037921977067914,-0.028299426186750076,-0.03521947429755268,25.88555359165523,-0.0010646841045727218,0.05210678389732859,0.01617776322078024,0.006240773050597115,1.0,SBIN
SBIN,2024-04-19,737.45,751.3,732.5,749.75,2259100,82129500,-4182000,58633500,33133500,-4713000,363000,173896500,0.5650950395251861,0.617280591082634,13447500,11115000,0.826547685443391,42699000,16470000,800.0,0.06702234078026009,0.006240773050597115,-0.039705411463336504,-0.031205582116552444,0.013929271756034867,0.02507502500833605,0.9175531914844834,-0.010267078244530905,757.7825,755.059,-0.01060000725801935,-0.007031238618439017,0.00622138006943653,54.31540894713058,0,1.1993957953134213,4.040035940902959,-2.8406401455895374,0.34470903181274254,0.06825900682957173,-1,-1,34.158415841516515,27.888870854239908,0.01931596246367837,0.17443743829613959,3.3333333333333335,0.020059851976279405,0.132883454453132,0.011357995004754784,-0.007099292614053887,0.0032338353683593283,0.9353623042993003,0.5650950395251861,0.582952281124627,0.04777364055286726,0.06702234078026009,-0.0744003220383131,0.01107703574861537,0,0.1769324082980135,0.186491841076788,0.94874074480442,-1,0,0.018227424736332837,-0.039705411463336504,-0.031205582116552444,22.469774614086393,0.015482179871951995,0.016024502241991145,-0.03716112400274407,0.020473491163721214,1.0,SBIN
SBIN,2024-04-22,754.45,767.65,751.3,765.1,3137900,63780000,-18349500,50167500,34876500,-8466000,1743000,148824000,0.6952010763940798,0.5800289215313186,21327000,12085500,0.5666760444506963,24753000,20326500,800.0,0.04561495229381777,0.020473491163721214,-0.005006827492034627,0.0022925263640531934,0.0463621444201312,0.02136975558750493,0.8440366972425473,0.006268756252084088,759.4775,757.2270000000001,0.007403115958010575,0.010397146430330517,0.020266726608687686,53.89876880984956,0,1.6215373603939724,3.5563361921998626,-1.9347988318058902,0.6233653454550049,0.06000968854441173,-1,-1,64.55445544541676,38.623780410750335,0.018475642773120225,0.17633712542089944,5.0,0.033698848920889986,0.26670709209093013,0.007543306424685392,0.032714584997165265,0.0019591502937230075,0.9119540762985384,0.6952010763940798,0.5898706364355114,0.13010603686889366,0.04561495229381777,-0.14438844687763822,0.05260536918828376,0,0.20129574560063312,0.1933618478305678,1.0410313500567816,-1,0,0.018366627320694124,-0.005006827492034627,0.0022925263640531934,19.397394675797386,0.014232718113124099,0.3669550519703424,-0.14874047635390208,0.009541236439680967,1.0,SBIN
SBIN,2024-04-23,767.9,776.9,764.8,772.4,2551900,44452500,-19327500,50268000,37119000,100500,2242500,131839500,0.738422057770351,0.5832767059187829,17709000,9469500,0.5347281043537184,25363500,24712500,800.0,0.03573278094251686,0.009541236439680967,0.018661391361687985,0.006056659068707226,0.03928955866523132,0.015665458311755597,0.6280991735485288,0.0036596523330283026,760.9375,759.3969999999999,0.01506365503080076,0.017122796113232086,0.009496006316553075,54.785330948121626,0,2.5144261451845296,3.3479541715608594,-0.8335280263763298,0.7589924834020984,0.058162518204491635,-1,1,79.00990098994251,59.24092409229193,0.018481356809943027,0.17222356212656312,3.3333333333333335,0.00416510282572299,0.28152789936730316,0.009490038620148678,0.059443890173428215,0.0006988417875206515,0.9151132393061333,0.738422057770351,0.6132416106852077,0.04322098137627117,0.03573278094251686,0.0020032889819105995,0.06429830975011827,1,0.20502446095623755,0.18819918086382068,1.0894014517292259,-1,0,0.018350626750046162,0.018661391361687985,0.006056659068707226,16.62957218168168,-0.010932254724040247,0.0916892328358081,-0.20076492615352715,0.0009062661833247887,1.0,SBIN
SBIN,2024-04-24,775.6,775.95,770.3,773.1,1921900,28197000,-16255500,46318500,35326500,-3949500,-1792500,109842000,0.7626866154992066,0.7655757097791783,15987000,9235500,0.577688121598799,23694000,23029500,800.0,0.03479498124434093,0.0009062661833247887,0.02799016022870826,0.0025286909161641447,0.02901637162252113,0.007308239555038275,0.4955752212301709,0.004142931123770126,762.0274999999999,761.0920000000001,0.014530315506986469,0.01577733046727592,0.0009058557720697799,50.39254170755646,0,3.2409820583180817,3.326559747989436,-0.08557768967135448,0.7485149662838183,0.05846857323793432,-1,1,80.39603960380124,74.65346534638684,0.01748988303121016,0.17074819741692052,1.6666666666666667,0.0,0.2677073099686646,0.010069361414009048,0.10010233146616372,0.0007212552867629403,0.921724662088748,0.7626866154992066,0.6557452376322285,0.024264557728855607,0.03479498124434093,-0.07856887085223203,-0.04829063282954821,-1,0.203980544124429,0.18524859358521492,1.1011179090031014,-1,0,0.01816723168201372,0.02799016022870826,0.0025286909161641447,14.993422988943815,-0.008634970256356178,-0.18895880017048783,-0.26461225137430777,0.05076962876730051,1.0,SBIN
SBIN,2024-04-25,771.25,813.4,768.75,812.35,3000500,14686500,-13510500,38718000,42280500,-7600500,6954000,95685000,1.09201146753448,0.41988392946099407,9928500,4267500,0.42982323613838946,11931000,37228500,800.0,-0.015202806672001013,0.05076962876730051,0.09025634143068051,0.05940271257172669,0.07781610720445786,0.054963993352618916,0.9764837625957983,-0.002392963394127568,764.9599999999999,763.08,0.0619509516837482,0.06456727997064515,0.04952287544933031,63.77642422070944,0,6.896541985794329,4.040556220189527,2.855985765604802,1.2574508099591326,0.08178874571000382,1,1,98.70210135958138,86.03601398444171,0.019673961786351765,0.20766748518750688,45.0,0.26337297104993657,0.48905025325166485,0.01982909710988965,0.12016201292025266,0.003823862383260733,0.8146661697377793,1.09201146753448,0.7706832513446606,0.3293248520352735,-0.015202806672001013,-0.16409210142815506,0.1968493906840474,0,0.3208531704640449,0.2549111437546047,1.2586863234470906,0,1,0.022098685790358553,0.09025634143068051,0.05940271257172669,15.981504785750346,0.04986336258397572,0.20803288522781727,-0.27520917697212643,-0.0012925463162430928,0.0,SBIN
SBIN,2024-04-26,815.0,821.6,808.3,811.3,20300,105750,105750,33039750,24608250,7634250,2060250,57753750,0.7448073910970876,0.8636099701068831,12747750,4338750,0.34035418014943813,12121500,19515750,800.0,-0.013928263281153649,-0.0012925463162430928,0.08209403134378124,0.03912904258725569,0.0850608532834023,0.016393442622950904,0.22556390977273896,0.003262140702898969,768.1400000000001,764.5509999999999,0.05618767412190473,0.061145692046704614,-0.001293382374740116,68.43521722414452,0,9.598307055491205,5.152106417936412,4.446200637554792,1.0927618819111937,0.09478962098676297,1,1,88.43995510652243,89.17936535663502,0.019527742071807158,0.20956439845340674,46.666666666666664,0.27690507615902027,0.41259514782096385,0.02714509615220797,0.19009179806294813,0.005331004718017167,0.8319814038029995,0.7448073910970876,0.806625721659041,-0.3472040764373925,-0.013928263281153649,0.19717573221757323,0.048728137084471566,1,0.3149208333417275,0.25188591645472674,1.2502518507155411,0,1,0.021573444718039493,0.08209403134378124,0.03912904258725569,18.480572818581948,-0.052062175083543605,-0.9906509775024754,-0.4691206865409461,0.02089239492173056,1.0,SBIN
SBIN,2024-04-29,814.8,833.75,807.1,828.25,51700,194250,88500,33186000,26284500,146250,1676250,59664750,0.7920357982281685,0.6077998364604248,8154750,2088750,0.25613906005702197,12836250,23430750,800.0,-0.034108059160881374,0.02089239492173056,0.08253823029669327,0.07711814812406526,0.11895433666576594,0.03217627527920311,0.7936210131302301,0.004314063848144953,772.5425,766.7189999999999,0.07210930143001848,0.08025234799189795,0.02067714177898592,71.21318373071527,1,12.954856920992484,6.712656553013295,6.242200367979189,1.1493248994287817,0.11105272798456514,1,1,94.5679012344745,93.90331923352612,0.020378595144668187,0.21632353205887414,48.333333333333336,0.32512304586789653,0.5538752512176035,0.02873554077717788,0.1546379279332001,0.005307448425103951,0.8563287070874214,0.7920357982281685,0.8259926660258587,0.047228407131080896,-0.034108059160881374,0.004426486277892538,0.06811739965255555,1,0.30539642306504583,0.2526174005178564,1.2089286894651812,0,1,0.022898881596372708,0.08253823029669327,0.07711814812406526,21.52641326202703,0.022184941237973654,-0.9738818976796819,-0.3440334443748144,-0.0009658919408390698,0.0,SBIN
SBIN,2024-04-30,829.25,834.8,825.0,827.45,28100,197250,3000,34368000,27787500,1182000,1503000,62352750,0.8085282821229051,0.6087821043910518,8376750,2817750,0.3363774733637747,14780250,24020250,800.0,-0.033174209922049724,-0.0009658919408390698,0.07127136198860695,0.09126277612924505,0.09371488996100741,0.011843615928454836,0.24999999999745479,0.0012073649260488982,776.0875,768.755,0.0661813262035531,0.07635072292212741,-0.0009663587150529319,70.10714285714286,1,15.373191411606854,8.444763555335689,6.928427856271165,1.027740703752421,0.1254050061570926,1,1,92.81524926677152,91.94103520258949,0.020635687956976245,0.21025360283749575,48.333333333333336,0.2818216879697925,0.6046850898207398,0.030920747204883758,0.12280263503971327,0.007023519229825857,0.8546391224714504,0.8085282821229051,0.8400139108963696,0.016492483894736565,-0.033174209922049724,0.035617429036340624,0.05718198938537922,1,0.28614057939023885,0.24601448403627868,1.1631046049781868,0,1,0.02222369818427259,0.07127136198860695,0.09126277612924505,22.63750060357739,-0.02185828686256963,-0.9838616118861239,-0.19085085385152933,0.0067677805305454974,1.0,SBIN
SBIN,2024-05-02,829.4,835.5,828.3,833.05,15800,214500,17250,37642500,28749750,3274500,962250,66606750,0.7637577206614864,0.5556733378561729,8622750,3221250,0.37357571540401846,17866500,24501000,850.0,0.02034691795210377,0.0067677805305454974,0.0775449489069977,0.1077056046805398,0.09367204936326634,0.008642938599123757,0.6597222222130552,0.0023566378633149213,779.655,770.3059999999999,0.06848541983313128,0.08145334451503694,0.006744981910125335,73.45132743362832,1,17.538517039010912,10.263514277778368,7.275002761232544,0.9912091417474567,0.13942211985178055,1,1,97.62135922320616,95.00150324148406,0.020158282387440295,0.20913568465577625,46.666666666666664,0.27384673908291884,0.6633241220863683,0.030740487647889437,0.07578756705600116,0.006309020026335526,0.8501110763188843,0.7637577206614864,0.8402281319288255,-0.04477056146141867,0.02034691795210377,0.09527758379888268,0.034628879892037785,1,0.27055656812099216,0.2460098337694361,1.0997794838745496,0,1,0.021612026350414613,0.0775449489069977,0.1077056046805398,23.244610311786705,0.007733672471384567,-0.9897144121916764,-0.02639645328492124,-0.00012004081387662069,0.0,SBIN
SBIN,2024-05-03,833.8,838.95,824.75,832.95,23900,248250,33750,38843250,29238000,1200750,488250,68329500,0.7527176536463864,0.7078425672925984,9253500,3287250,0.3552439617442049,19068000,24862500,850.0,0.020469415931328356,-0.00012004081387662069,0.025358527728196023,0.11790363709569185,0.0785316586818594,0.017047842007323424,0.5774647887283291,0.0009003061040753857,782.6875,771.5060000000001,0.06421783917591628,0.07964163596913054,-0.0001200480193517586,70.48665620094195,1,19.027072051629716,12.016225852367985,7.0108461992617315,0.9246836657230917,0.15121334856723798,1,1,94.36355096280472,94.9333864842608,0.019929167417011822,0.20743882876693087,45.0,0.26174179329778263,0.699114410111818,0.022145379399978717,0.044837642731271776,0.00592204918899388,0.8501714630450954,0.7527176536463864,0.7723693691512068,-0.011040067015099964,0.020469415931328356,0.03189878461844989,0.016982756371794538,1,0.25546043185415235,0.24399646153603088,1.0469841658409877,0,-1,0.02104865862523098,0.025358527728196023,0.11790363709569185,22.667750157146468,-0.006887821344422118,-0.9816310688565917,0.08560329830080304,-0.02329071372831515,0.0,SBIN
SBIN,2024-05-06,833.2,833.6,807.0,813.55,47400,341250,93000,44208000,31404000,5364750,2166000,75953250,0.7103691639522258,0.7329413995827797,11066250,7625250,0.6890545577770247,26956500,21192750,800.0,-0.016655399176448843,-0.02329071372831515,0.002773326759521799,0.08509503167722565,0.05123400956195878,0.0326962079773831,0.24624060150283178,0.0003001380635092142,784.67,772.4229999999999,0.03680528120101445,0.05324414213455597,-0.023566228770398028,66.51851851851848,0,18.43124728298767,13.299230150098309,5.132017132889361,0.7383745357864293,0.1544010608326716,1,1,76.13903240951036,89.37464753184042,0.021462373899224743,0.21682400412613548,55.00000000000001,0.32869328850370205,0.583239176427468,0.0163670789661577,-0.05676061047032146,0.0005348738091295255,0.8262280160081324,0.7103691639522258,0.7654817237222344,-0.04234848969416061,-0.016655399176448843,0.13811279952115232,0.07408167453314181,1,0.3092558419665433,0.2624263518575464,1.178448123291264,0,1,0.021810776922135684,0.002773326759521799,0.08509503167722565,20.99683162293464,-0.023170672914438528,-0.9561086727040391,0.1407577791995962,-0.008051133919242726,0.0,SBIN
SBIN,2024-05-07,816.35,819.0,798.7,807.0,26800,396000,54750,48095250,32413500,3887250,1009500,80904750,0.6739438925881454,0.668016432500269,12357750,7404750,0.5991988832918613,28915500,21958500,800.0,-0.008674101610904586,-0.008051133919242726,-0.025656504678539083,0.054764083126388696,0.05718215759481238,0.02515489467162324,0.40886699507187624,0.003441706102882513,786.8525000000001,773.1479999999999,0.025605180132235672,0.0437846311443606,-0.008083719315379097,68.62820022927016,0,17.232598818698648,14.085903889511538,3.1466949291871096,0.6665414594386015,0.1537465818929652,1,1,69.98590887734146,80.16283074988552,0.02190210656753407,0.21929027412001162,56.666666666666664,0.34628704220054246,0.47131465254582083,0.014978006680377454,-0.06318114179406184,0.004860273239122441,0.8481257568490246,0.6739438925881454,0.7418633425942298,-0.03642527136408047,-0.008674101610904586,0.08793091748099892,0.03214558654948414,1,0.3111373676164545,0.25855867748895056,1.2033530280932674,0,0,0.022189290830547513,-0.025656504678539083,0.054764083126388696,22.759260606386626,0.015239579809072423,-0.9651418388980659,0.14224813424933713,0.010532837670384154,1.0,SBIN
SBIN,2024-05-08,808.2,827.9,805.15,815.5,49100,355500,-40500,50290500,33709500,2195250,1296000,84355500,0.670295582664718,0.5281608703100905,17715000,9408000,0.5310753598645216,25855500,22304250,800.0,-0.01900674432863274,0.010532837670384154,-0.014441960239289453,0.055800103573278026,0.062194724845327176,0.027896995708154508,0.4549450549430562,0.0014869888475836995,789.24,774.012,0.03327251533120479,0.05360123615654544,0.010477753791119778,73.82651145324826,1,16.774232056993128,14.623569526120729,2.150662530872399,0.7149646633928105,0.15478132454874396,1,1,77.97087834656834,74.69860654447339,0.02256722431461855,0.22463966202013716,60.0,0.38444823841075493,0.4752054835490018,0.014323143625788903,-0.06270119798031533,0.002913433085637943,0.8646361485294356,0.670295582664718,0.7142168027025924,-0.003648309923427351,-0.01900674432863274,0.04564380058321768,0.03998334027488547,1,0.3115361565260186,0.25980831626776,1.199100016817928,0,1,0.023412444570187405,-0.014441960239289453,0.055800103573278026,25.05249403402386,0.01858397158962688,-0.9053128917172886,0.12130208779880891,0.008338442673206492,1.0,SBIN
SBIN,2024-05-09,816.6,839.05,809.0,822.3,86700,464250,108750,67043250,41004000,16752750,7294500,108511500,0.6116051951538746,0.6032826291654864,19310250,6819000,0.3531285198275527,37521750,32168250,850.0,0.033686002675422655,0.008338442673206492,-0.01290438749174716,0.06363989134652681,0.06632950787784475,0.03654384044752518,0.4425956738753982,0.0013488657265481579,791.7975,774.803,0.03852310723385699,0.06130203419449831,0.008303869915781109,79.02255639097744,1,16.76569814547156,15.051995251975226,1.7137028934963343,0.7453375813982593,0.15702081602911022,1,1,84.27968090090636,77.41215604160539,0.023522871388613815,0.23690852940232465,65.0,0.47197127173532377,0.5043677534338807,0.013215288130947522,-0.10632815332378147,0.0026575495621626623,0.9096679157671832,0.6116051951538746,0.68378629760107,-0.058690387510843434,0.033686002675422655,0.3331195752676947,0.21639300493926045,1,0.31062361567996266,0.2604340828175271,1.1927149173417877,0,1,0.026336004659436096,-0.01290438749174716,0.06363989134652681,27.785950817978204,-0.002194394997177662,-0.7412172044294542,0.2978152370085718,-0.0052900401313388246,0.0,SBIN
SBIN,2024-05-10,828.15,830.8,815.0,817.95,54400,530250,66000,73412250,42393000,6369000,1389000,116335500,0.5774649326236425,0.42979481965539,21462000,7728000,0.36007827788649704,42367500,32406000,850.0,0.03918332416406865,-0.0052900401313388246,-0.01800828381055286,0.006893580353296125,0.0667057902973398,0.019316584143284986,0.1867088607583154,0.0071141919007661715,794.355,775.5929999999998,0.02970334422267129,0.0546124062491542,-0.005304081936669428,75.69706103993977,1,16.221304451342917,15.285857092715304,0.9354473586276129,0.6901511402229056,0.1562091302096032,1,1,75.9544159543295,79.4016584006014,0.023385991110179628,0.23811018250174598,66.66666666666666,0.4805435645956997,0.2844016107696481,0.014563420422972161,-0.1155758455465687,0.0026786885337919796,0.9148355516678555,0.5774649326236425,0.6487357533965212,-0.03414026253023206,0.03918332416406865,0.09499837791276526,0.033874743927421715,1,0.19041980026133162,0.260276485731407,0.7316058523422483,0,1,0.022771263738502703,-0.01800828381055286,0.006893580353296125,31.20333550932036,-0.013628482804545317,0.34586838198911085,0.2480729433195905,-0.00978054893330893,0.0,SBIN
SBIN,2024-05-13,818.1,818.3,800.0,809.95,49000,564000,33750,73356750,41810250,-55500,-582750,115731000,0.5699577748468955,0.438879865406083,21145500,12483750,0.5903738384053344,46705500,25925250,800.0,-0.01228470893265022,-0.00978054893330893,-0.004425050703705913,-0.0016639960557129907,0.03739993595901381,0.02259398728316557,0.5437158469915683,0.00018338529249951373,795.8149999999999,776.387,0.017761665713765362,0.04322972950345649,-0.00982869267403338,67.88990825688077,0,14.972403057414112,15.223166285469231,-0.25076322805511886,0.6138652086535727,0.15598852295372156,1,1,60.80808080799903,73.68072588774497,0.023652253666452065,0.23844804513894044,68.33333333333333,0.4829537922013244,0.25109650513344267,0.010827387600478477,-0.09222194345512683,0.006699824876378062,0.9239872775913721,0.5699577748468955,0.6206534755754551,-0.007507157776747042,-0.01228470893265022,-0.0007560046177579355,-0.013746373221994197,-1,0.19760350819671652,0.2580642080571957,0.7657145080589768,0,0,0.02339131820452417,-0.004425050703705913,-0.0016639960557129907,33.517843476627334,-0.004490508801970106,0.13190113190112918,0.14395263703367633,0.010803135996049207,1.0,SBIN
SBIN,2024-05-14,814.25,823.8,809.0,818.7,28900,552750,-11250,70260750,41555250,-3096000,-255000,112368750,0.591443302270471,0.4553071939322949,22121250,7098750,0.3209018477708086,37727250,32361750,800.0,-0.022841089532185225,0.010803135996049207,0.014498141263940667,-0.011530335043766882,0.06469861499447305,0.01807743984365452,0.655405405400982,0.005308969689486949,798.3025,777.3539999999999,0.025551091221686084,0.05318812278575802,0.01074519901625561,68.25709779179816,0,14.520597170860015,15.08265246221417,-0.5620552913541559,0.6657769639502481,0.1541293229936994,1,1,71.0526315788464,69.27170944705831,0.02363503114694026,0.23821971798832642,68.33333333333333,0.48132496337877895,0.2115084124489232,0.01189620862453562,-0.07337320302930476,0.006128442109988431,0.9466762005210307,0.591443302270471,0.6041533575119203,0.021485527423575568,-0.022841089532185225,-0.04220470508848879,-0.006098982904909681,-1,0.1724921199833597,0.2516380128311535,0.6854771978769059,0,0,0.02198143466096931,0.014498141263940667,-0.011530335043766882,35.29677192800032,0.020583684929358137,-0.295293830772984,0.045675408952782215,0.0033589837547332024,1.0,SBIN
SBIN,2024-05-15,821.3,825.6,819.0,821.45,30300,566250,13500,71937000,42836250,1676250,1281000,115339500,0.5954689519996664,0.504099787275188,22304250,7201500,0.32287568512727394,38917500,33457500,800.0,-0.026112362286201285,0.0033589837547332024,0.007296137339055875,-0.007251193425584668,0.08334981866139146,0.008034573011138867,0.3712121212065024,0.003175766459020287,801.4625,778.5740000000001,0.024938783785891427,0.05506990986084803,0.0033533549699434353,68.76212650368649,0,14.220294271735611,14.910180823791258,-0.689886552055647,0.6684960281973139,0.148008140326038,1,1,74.96443812222634,68.94171683635726,0.023664600053911612,0.2355243689449845,65.0,0.4620970170009203,0.22847829905273814,0.009668244754873444,-0.07013030362442974,0.006523632011168571,0.9678940794377031,0.5954689519996664,0.58918803137891,0.004025649729195391,-0.026112362286201285,0.02385755916354437,0.03082642987348169,1,0.17395035674137338,0.2433369248265499,0.7148539285350116,0,-1,0.021600530369237713,0.007296137339055875,-0.007251193425584668,37.351655765530936,-0.007444152241316004,-0.26509822944458106,0.014801079561576502,-0.010347556150709147,0.0,SBIN
SBIN,2024-05-16,823.5,825.5,798.85,812.95,62100,713250,147000,76787250,43201500,4850250,365250,120702000,0.5626129337878358,0.4529313416472521,24563250,12253500,0.49885499679399103,46178250,27606750,800.0,-0.015929638969186352,-0.010347556150709147,-0.011370546029429551,-0.024128203589220187,0.0809786583338874,0.03278184390183895,0.5290806754201549,0.002495587071641554,804.5074999999999,779.81,0.010493997880691053,0.042497531449968706,-0.010401464310781785,50.30581039755353,0,13.145449659019164,14.557234590301169,-1.4117849312820052,0.5771646918753551,0.1359948135031813,1,1,35.315985130024075,60.44435161036561,0.022330489487141166,0.24366680626887152,75.0,0.5201831296828813,0.16132138100203933,0.011970673736526383,-0.022157036551247056,0.006298648758872753,0.9949282574659895,0.5626129337878358,0.5793895791057022,-0.032856018211830595,-0.015929638969186352,0.06742357896492765,0.008526656745163267,1,0.17466790208644686,0.24490892116179358,0.7131953429321461,0,-1,0.024014420899509233,-0.011370546029429551,-0.024128203589220187,36.296551056719224,-0.01370653990544235,0.3541212385521122,0.039679883819636164,0.006088935358878,1.0,SBIN
SBIN,2024-05-17,813.5,822.35,813.5,817.9,30100,690750,-22500,75042750,43793250,-1744500,591750,119526750,0.5835773609042846,0.43657378220484977,24612000,7293750,0.29634934178449535,39661500,34190250,800.0,-0.02188531605330722,0.006088935358878,-6.112843083327935e-05,-0.018068311423254824,0.09770500603945775,0.010820393691160316,0.4971751412373162,0.0006765483732086284,808.1474999999999,780.966,0.012067722785753965,0.047292711846610436,0.006070472699364181,53.23529411764708,0,12.548082007086578,14.155404073170363,-1.6073220660837855,0.6032245657552692,0.1169074696258846,1,1,47.58364312255859,52.62135545826967,0.021854749969433887,0.24001097052532436,75.0,0.4941033112575737,0.18568407463628792,0.012532275477534749,-0.005789087229397328,0.005523294169166044,1.0004633239854281,0.5835773609042846,0.5806120647618307,0.020964427116448747,-0.02188531605330722,-0.022718615395133958,0.013697441061074268,0,0.17963236406497304,0.23989981908499608,0.7487807397072339,0,-1,0.02339167606789292,-6.112843083327935e-05,-0.018068311423254824,35.28477605430386,0.016436491509587148,-0.35240963855421825,0.023927558132363025,0.015283041936667185,1.0,SBIN
SBIN,2024-05-21,819.8,835.5,819.8,830.4,59200,643500,-45750,68450250,43468500,-6853500,-696000,112562250,0.6350378559610812,0.4524494754228872,23657250,6122250,0.25878958881526803,33387000,35595750,850.0,0.023603082851637792,0.015283041936667185,0.02524847212790915,0.020711695654846096,0.10756918972991003,0.018906551059730305,0.6751592356644889,0.0023230223743733675,812.1800000000001,781.989,0.02243345071289604,0.06190752043826686,0.015167432670695886,51.101998974884665,0,12.933477844719619,13.911018827242835,-0.977540982523216,0.7314409643959615,0.09692947301423115,1,1,78.56257744714111,53.82073523324126,0.020747316267547455,0.2373229043649791,68.33333333333333,0.48140817971953775,0.33703923617033504,0.013472995032698564,0.004825135437942207,0.005560630577889438,0.977599785748964,0.6350378559610812,0.5936280809846679,0.05146049505679662,0.023603082851637792,-0.09132794307244871,-0.015892860201058383,-1,0.15252123069342152,0.24276079815770418,0.6282778429963461,0,-1,0.02201271037612764,0.02524847212790915,0.020711695654846096,33.419739137614336,0.009194106577789185,0.24213176668065195,-0.030470323605069294,0.00042148362235061576,1.0,SBIN
SBIN,2024-05-22,834.65,837.75,826.0,830.75,42300,740250,96750,72659250,44440500,4209000,972000,117840000,0.6116289391921882,0.6460140859446766,26992500,6766500,0.25068074465129203,33305250,35853000,850.0,0.02317183268131207,0.00042148362235061576,0.014718456088921306,0.0294299876084263,0.0858057770226115,0.014143845922359314,0.4042553191454957,0.005118015414258189,815.4625,782.9870000000001,0.018747030059628855,0.06100101278820702,0.0004213948230794103,51.6992790937178,0,13.115918919477508,13.751998845566199,-0.6360799260886907,0.729430519526521,0.08171114330485682,1,1,79.42998760822948,68.52540272597639,0.020906237908946284,0.23478185149134967,65.0,0.4674170020505688,0.37028397406315616,0.012328569709690252,-0.010362799365739339,0.005600972340159088,0.993097650258148,0.6116289391921882,0.5976652083690113,-0.023408916768893007,0.02317183268131207,0.061489914207764035,0.022361020049001,1,0.14233190847031105,0.23641366116515347,0.6020460395927647,0,-1,0.02091160550120125,0.014718456088921306,0.0294299876084263,31.531270467989465,-0.01486155831431657,-0.1404186141028264,0.005511369599664251,0.015889256695756915,1.0,SBIN
SBIN,2024-05-23,834.45,846.8,834.35,843.95,72300,744000,3750,63846000,45119250,-8813250,678750,109709250,0.7066887510572315,0.48769582427384717,27331500,4069500,0.14889413314307667,20080500,39999750,850.0,0.007168671129806214,0.015889256695756915,0.027390589810700527,0.0348865726548131,0.09263335059554634,0.014752058771254139,0.7710843373432102,0.004453806801083413,819.04,784.0160000000001,0.030413655010744334,0.07644486847207199,0.0157643439002332,55.20534861509079,0,14.16170986443501,13.833941049390901,0.3277688150441094,0.9306275900457172,0.07062635027031576,1,1,94.07484407464867,84.02246971000642,0.02125633712220593,0.2345201810921782,65.0,0.5484783413345895,0.39130141591845674,0.01393329387610831,0.008724346304548792,0.004113371129205862,0.979775019789412,0.7066887510572315,0.6199091681805242,0.09505981186504331,0.007168671129806214,-0.12129563682531819,0.015273230499206805,0,0.1525079444592908,0.23936125769424832,0.6371454840464807,0,0,0.01959711180751121,0.027390589810700527,0.0348865726548131,29.113295568638925,0.015467773073406299,0.40306617504366105,-0.05478510236021028,-0.0030807512293382633,0.0,SBIN
SBIN,2024-05-24,843.95,853.35,840.05,841.35,64100,838500,94500,65134500,45174750,1288500,55500,111147750,0.6935610160514013,0.4927860732684877,29197500,5952000,0.20385306961212432,23522250,37976250,850.0,0.01028109585784748,-0.0030807512293382633,0.034934497816593746,0.023166727471725768,0.08828094683740773,0.015807927735187577,0.09774436090152534,0.0,822.4525000000001,784.998,0.022977010830412592,0.07178617015584754,-0.003085506512481214,53.91791044776119,0,14.612365255656641,13.989625890721475,0.6227393649351658,0.9464232904864419,0.05146911310397984,1,1,78.04208600168703,83.84897256152173,0.021245617162892947,0.23638606419261618,70.0,0.5958260158998266,0.3464949430222414,0.014985987480038876,0.015400596082714135,0.006591793121841338,0.9825650446691446,0.6935610160514013,0.6460987846332373,-0.013127735005830199,0.01028109585784748,0.02018137393102152,0.0012300736381921243,1,0.1530869719278177,0.24058057568489732,0.6363230756613223,0,0,0.01752352053627745,0.034934497816593746,0.023166727471725768,26.600678296568912,-0.018970007925095178,0.3009945199918789,-0.026362331942269113,0.004873120580020318,1.0,SBIN
SBIN,2024-05-27,842.55,853.35,835.0,845.45,80300,878250,39750,62952750,44445750,-2181750,-729000,108276750,0.7060176084444285,0.626399080541066,29373750,6093750,0.20745563641006,21004500,37254750,850.0,0.00538174936424384,0.004873120580020318,0.03368382442841433,0.03362063695824924,0.0407459838739459,0.021704417765686938,0.5694822888252362,0.0014262791941521743,824.1075000000001,785.9960000000001,0.025897713587123006,0.07564160631860717,0.004861285361982649,67.35582154515785,0,15.125794874931557,14.2168596876539,0.9089351872776579,0.9651553878118706,0.055675402812876945,1,1,85.54437328438146,85.88710112023905,0.02044557843244931,0.20866402597616815,48.333333333333336,0.34805534445430314,0.3863730104970317,0.013289463539993163,0.018619334606442318,0.0019124630134069887,1.2491933411369605,0.7060176084444285,0.6705868341412661,0.01245659239302721,0.00538174936424384,-0.033496073509430485,-0.01613733335546959,-1,0.14730601951575598,0.16703901548284916,0.8818659461190018,-1,-1,0.017762303898517646,0.03368382442841433,0.03362063695824924,25.80837018412629,0.007953871809358581,0.5483995372155774,-0.032441612335935455,-0.0024838843219587847,0.0,SBIN
SBIN,2024-05-28,850.0,851.0,835.05,843.35,57300,1020750,142500,63077250,43370250,124500,-1075500,107468250,0.6875735705028359,0.6164605012633365,31239000,6105000,0.1954287909344089,20302500,36122250,850.0,0.007885219659690492,-0.0024838843219587847,0.015594894026975004,0.04123711340206193,0.039504498952298794,0.018912669710084835,0.5203761755453296,0.00538174936424384,825.71,787.211,0.021363432682176553,0.07131379007661232,-0.00248697428041465,70.78330474556893,1,15.188225559610714,14.411132862107099,0.7770926975036154,0.8730769538646045,0.05726280452537393,1,1,81.65137614663917,81.74594514423588,0.020128060710262633,0.2096594708473606,53.333333333333336,0.35719321432800943,0.4150035607732975,0.012922043204831146,0.00845927167668672,0.002747311058725421,1.2523827372063716,0.6875735705028359,0.681093977049617,-0.01844403794159266,0.007885219659690492,0.001977673731489093,-0.02419803918259901,0,0.1329475714265314,0.16740846427650333,0.7941508329443305,-1,-1,0.017394172141209575,0.015594894026975004,0.04123711340206193,25.18212598160906,-0.007357004901979103,0.08749288289997881,-0.03084317205406517,-0.007707357562103501,0.0,SBIN
SBIN,2024-05-29,841.95,846.0,833.55,836.85,62800,1125000,104250,54445500,39288000,-8631750,-4082250,94858500,0.7216023362812354,0.6449326033266874,24112500,5487750,0.22758942457231726,20880000,32315250,850.0,0.015713688235645548,-0.007707357562103501,0.007342762563948169,0.02216929278123847,0.010383338364020611,0.014877218139451568,0.2650602409617309,-0.0016600462441453455,826.14,788.555,0.012963904422979233,0.061244935356443264,-0.007737212744376507,62.49268578115859,0,14.545758091616904,14.438057908015915,0.1077001836009881,0.7218009431978293,0.05844837373540394,1,1,69.72477064207389,78.9735066910315,0.019405252690787723,0.2003995668490351,33.33333333333333,0.2721902169461972,0.3423723457341946,0.010994426189996775,0.04130368040306973,0.0005372288090413815,1.293763467457553,0.7216023362812354,0.7030886564674266,0.03402876577839953,0.015713688235645548,-0.1368441078201729,-0.0941255814757812,-1,0.13907200209871742,0.15489660340577951,0.8978376475087031,-1,-1,0.01707414997078928,0.007342762563948169,0.02216929278123847,23.114462120532846,-0.005223473240144716,0.11982881597717343,-0.10756773080972148,0.0005974786401385934,1.0,SBIN
SBIN,2024-05-30,832.4,847.6,832.3,837.35,99000,1250250,125250,46703250,35511750,-7742250,-3776250,83465250,0.7603699956641133,0.5712757114306427,19081500,5095500,0.26703875481487305,19384500,28734750,850.0,0.01510718337612704,0.0005974786401385934,-0.007820368505243258,0.01935601679956167,0.011964469152214496,0.01827192930077037,0.3300653594749699,-0.005317559897233728,826.635,790.1759999999999,0.01296219008389432,0.05970062365852691,0.0005973002208401584,59.50726468730264,0,13.916497353669115,14.333745797125305,-0.41724844345618983,0.7172824446822181,0.05965594736733188,1,1,70.64220183473276,74.00611620781528,0.018135444301324757,0.20256903107567611,45.0,0.30597251873420267,0.33153679069188385,0.009561838815763935,0.051525605787064596,0.005087362388703941,1.3086577451071093,0.7603699956641133,0.7138249053888029,0.03876765938287796,0.01510718337612704,-0.14220183486238533,-0.09611713500305437,-1,0.1391349370932037,0.15479145078397158,0.8988541440670152,-1,-1,0.01809788559975243,-0.007820368505243258,0.01935601679956167,20.05392301347885,0.008304836202242094,0.5726767275615543,-0.17396551775328006,0.0081805696542665,1.0,SBIN
